id_sinistro,tipo_registro,data,ano,mes,dia,hora,dia_semana,turno,tipo_via,tipo_local,logradouro,latitude,longitude,tipo_sinistro,qtd_bicicleta,qtd_motocicleta,qtd_automovel,qtd_onibus,qtd_caminhao,qtd_pedestre,qtd_outros_veiculos,mortos,feridos_graves,feridos_leves,ilesos,hora_int,total_vitimas,total_veiculos,gravidade,fim_de_semana
2456467,SINISTRO FATAL,2015-03-18,2015,3,18,18:05,Quarta-feira,NOITE,VIAS URBANAS,PUBLICO,AVENIDA FRANCISCO MASTROPIETRO,-21.58665,-48.362688,OUTROS,0,2,0,0,0,0,0,1,0,0,0,18.0,1,2,Com óbito,False
2456417,SINISTRO FATAL,2015-03-19,2015,3,19,21:53,Quinta-feira,NOITE,VIAS URBANAS,NAO DISPONIVEL,AVENIDA SETE DE SETEMBRO - HOSPITAL,-21.598427248,-48.362947675,NAO DISPONIVEL,0,0,0,0,0,0,1,1,0,0,0,21.0,1,1,Com óbito,False
2456482,SINISTRO FATAL,2015-05-14,2015,5,14,18:00,Quinta-feira,NOITE,VIAS URBANAS,PUBLICO,AVENIDA AURELIO DIAS,-21.629461832,-48.33564302,COLISAO,0,2,0,0,1,0,0,1,0,0,0,18.0,1,3,Com óbito,False
2456443,SINISTRO FATAL,2015-05-20,2015,5,20,20:15,Quarta-feira,NOITE,VIAS URBANAS,PUBLICO,RUA CONSTANTINO BASTIA,-21.604983,-48.372111,CHOQUE,1,0,0,0,0,0,0,1,0,0,0,20.0,1,1,Com óbito,False
2456409,SINISTRO FATAL,2015-06-18,2015,6,18,20:15,Quinta-feira,NOITE,ESTRADAS E RODOVIAS,PUBLICO,SP 310,-21.66172,-48.37225,COLISAO,0,0,2,0,1,0,0,1,0,0,0,20.0,1,3,Com óbito,False
2456248,SINISTRO FATAL,2015-07-06,2015,7,6,00:10,Segunda-feira,MADRUGADA,VIAS URBANAS,PUBLICO,RUA JOSE GONCALVES,,,CHOQUE,0,1,0,0,0,0,0,1,0,0,0,0.0,1,1,Com óbito,False
2456307,SINISTRO FATAL,2015-08-30,2015,8,30,05:00,Domingo,MADRUGADA,VIAS URBANAS,PRIVADO,VIA CARL FISHER,-21.593718,-48.384002,CHOQUE,0,0,0,0,1,0,1,1,0,0,0,5.0,1,2,Com óbito,True
2456471,SINISTRO FATAL,2015-09-24,2015,9,24,21:33,Quinta-feira,NOITE,VIAS URBANAS,PUBLICO,RUA ALEXANDRE DOS SANTOS PIRES,-21.634493,-48.344402,OUTROS,0,0,4,0,0,0,0,1,0,0,0,21.0,1,4,Com óbito,False
2456288,SINISTRO FATAL,2015-10-03,2015,10,3,03:10,Sábado,MADRUGADA,VIAS URBANAS,PUBLICO,SPA 301/310,-21.627512859,-48.383316368,COLISAO,0,0,2,0,1,0,0,1,0,0,0,3.0,1,3,Com óbito,True
2456347,SINISTRO FATAL,2015-10-10,2015,10,10,19:00,Sábado,NOITE,ESTRADAS E RODOVIAS,PUBLICO,SP 070,-23.0597060172,-45.6203285053,OUTROS,0,0,2,0,0,0,0,1,0,0,0,19.0,1,2,Com óbito,True
2456363,SINISTRO FATAL,2015-11-24,2015,11,24,19:45,Terça-feira,NOITE,VIAS URBANAS,PUBLICO,RUA AMERICO VEZZANI,-21.593628,-48.377878,CHOQUE,0,0,0,0,1,0,1,1,0,0,0,19.0,1,2,Com óbito,False
2456395,SINISTRO FATAL,2015-11-30,2015,11,30,09:30,Segunda-feira,MANHA,VIAS URBANAS,PUBLICO,RUA SINHARINHA FROTA,-21.605115,-48.368058,NAO DISPONIVEL,0,0,0,0,0,0,1,1,0,0,0,9.0,1,1,Com óbito,False
2456320,SINISTRO FATAL,2016-01-13,2016,1,13,12:00,Quarta-feira,TARDE,VIAS URBANAS,PUBLICO,VIA CLITO BASTIA,-21.6067796919,-48.3662522225,COLISAO,0,2,1,0,0,0,0,1,0,0,0,12.0,1,3,Com óbito,False
2456331,SINISTRO FATAL,2016-01-14,2016,1,14,09:30,Quinta-feira,MANHA,ESTRADAS E RODOVIAS,PUBLICO,SP 310,-21.69753,-48.32893,OUTROS,0,2,0,0,0,0,0,1,0,0,0,9.0,1,2,Com óbito,False
2456306,SINISTRO FATAL,2016-04-02,2016,4,2,12:17,Sábado,TARDE,VIAS URBANAS,NAO DISPONIVEL,RUA SINHARINHA FROTA,-21.605115,-48.368058,NAO DISPONIVEL,0,1,0,0,0,0,1,1,0,0,0,12.0,1,2,Com óbito,True
2456243,SINISTRO FATAL,2016-04-09,2016,4,9,00:30,Sábado,MADRUGADA,ESTRADAS E RODOVIAS,PUBLICO,SP 310,-21.54729,-48.49486,COLISAO,0,0,2,0,1,0,0,1,0,0,0,0.0,1,3,Com óbito,True
2456939,SINISTRO FATAL,2016-04-29,2016,4,29,11:00,Sexta-feira,MANHA,VIAS URBANAS,PUBLICO,AVENIDA FRANCISCO MASTROPIETRO,-21.595167249,-48.344293873,COLISAO,0,2,0,0,1,0,0,1,0,0,0,11.0,1,3,Com óbito,False
2456374,SINISTRO FATAL,2016-05-08,2016,5,8,06:30,Domingo,MANHA,ESTRADAS E RODOVIAS,PUBLICO,SP 310,-21.5402616715,-48.5045929302,OUTROS,0,0,2,0,0,0,0,2,0,0,0,6.0,2,2,Com óbito,True
2456509,SINISTRO FATAL,2016-05-08,2016,5,8,04:30,Domingo,MADRUGADA,VIAS URBANAS,PUBLICO,RODOVIA DO TRABALHADOR,-21.593694554,-48.36034006,CHOQUE,0,0,2,0,0,0,0,1,0,0,0,4.0,1,2,Com óbito,True
2456526,SINISTRO FATAL,2016-06-22,2016,6,22,14:35,Quarta-feira,TARDE,ESTRADAS E RODOVIAS,PUBLICO,SP 326,-21.60808,-48.33528,COLISAO,0,0,2,0,1,0,0,1,0,0,0,14.0,1,3,Com óbito,False
2456518,SINISTRO FATAL,2016-06-30,2016,6,30,19:00,Quinta-feira,NOITE,ESTRADAS E RODOVIAS,PUBLICO,SP 310,-21.54197,-48.50263,COLISAO,0,2,0,0,0,0,0,1,0,0,0,19.0,1,2,Com óbito,False
2456435,SINISTRO FATAL,2016-09-06,2016,9,6,02:00,Terça-feira,MADRUGADA,ESTRADAS E RODOVIAS,PUBLICO,SP 310,-21.663333194,-48.3704235446,COLISAO,0,2,0,0,1,0,0,1,0,0,0,2.0,1,3,Com óbito,False
2456426,SINISTRO FATAL,2016-10-27,2016,10,27,05:40,Quinta-feira,MADRUGADA,ESTRADAS E RODOVIAS,PUBLICO,SP 326,-21.618598264,-48.335754636,COLISAO,1,0,0,0,1,0,0,1,0,0,0,5.0,1,2,Com óbito,False
2456476,SINISTRO FATAL,2016-10-29,2016,10,29,01:40,Sábado,MADRUGADA,ESTRADAS E RODOVIAS,PUBLICO,SP 310,-21.53664,-48.51043,OUTROS,0,1,0,0,0,0,0,1,0,0,0,1.0,1,1,Com óbito,True
2456295,SINISTRO FATAL,2016-11-08,2016,11,8,22:53,Terça-feira,NOITE,ESTRADAS E RODOVIAS,PUBLICO,SP 310,-21.5294829516,-48.5202907234,CHOQUE,0,2,0,0,0,0,0,1,0,0,0,22.0,1,2,Com óbito,False
2456380,SINISTRO FATAL,2016-11-29,2016,11,29,13:55,Terça-feira,TARDE,VIAS URBANAS,PUBLICO,RUA SAO LOURENCO,-21.597586,-48.368976,COLISAO,0,2,1,0,0,0,0,1,0,0,0,13.0,1,3,Com óbito,False
2456267,SINISTRO FATAL,2017-02-15,2017,2,15,13:40,Quarta-feira,TARDE,ESTRADAS E RODOVIAS,PUBLICO,SP 310,-21.661545764,-48.3725462019,ATROPELAMENTO,0,0,1,0,1,1,0,1,0,0,0,13.0,1,2,Com óbito,False
2456494,SINISTRO FATAL,2017-04-13,2017,4,13,23:30,Quinta-feira,NOITE,ESTRADAS E RODOVIAS,PUBLICO,SP 326,-21.5898008868,-48.3343177283,OUTROS,0,0,1,0,0,0,1,1,0,0,0,23.0,1,2,Com óbito,False
2456361,SINISTRO FATAL,2017-04-21,2017,4,21,23:25,Sexta-feira,NOITE,ESTRADAS E RODOVIAS,PUBLICO,SP 310,-21.5510350515,-48.4889863141,CHOQUE,0,0,1,0,1,0,0,1,0,0,0,23.0,1,2,Com óbito,False
2456498,SINISTRO FATAL,2017-04-30,2017,4,30,17:00,Domingo,TARDE,VIAS URBANAS,PUBLICO,VICINAL CARL FISCHER,-21.593291,-48.386392,CHOQUE,0,0,2,0,0,0,0,1,0,0,0,17.0,1,2,Com óbito,True
2456240,SINISTRO FATAL,2017-05-10,2017,5,10,05:30,Quarta-feira,MADRUGADA,ESTRADAS E RODOVIAS,PUBLICO,SP 326,-21.688652277,-48.338562178,COLISAO,0,0,1,1,1,0,0,1,0,0,0,5.0,1,3,Com óbito,False
2456414,SINISTRO FATAL,2017-09-05,2017,9,5,00:15,Terça-feira,MADRUGADA,ESTRADAS E RODOVIAS,PUBLICO,SP 310,-21.53126,-48.51815,COLISAO,0,2,0,1,0,0,0,1,0,0,0,0.0,1,3,Com óbito,False
2456457,SINISTRO FATAL,2018-04-08,2018,4,8,19:32,Domingo,NOITE,ESTRADAS E RODOVIAS,PUBLICO,SP 310,-21.5938909242,-48.4392660938,ATROPELAMENTO,0,0,1,0,1,0,1,2,0,0,0,19.0,2,3,Com óbito,True
2456791,SINISTRO FATAL,2018-05-07,2018,5,7,07:05,Segunda-feira,MANHA,ESTRADAS E RODOVIAS,PUBLICO,SP 310,-21.5565522891,-48.4809498301,COLISAO,0,0,1,0,1,0,0,1,0,0,0,7.0,1,2,Com óbito,False
2456260,SINISTRO FATAL,2018-06-07,2018,6,7,07:00,Quinta-feira,MANHA,VIAS URBANAS,PUBLICO,AVENIDA DOUTOR LAERT TARALLO MENDES,-21.607216,-48.373895,CHOQUE,0,1,1,0,1,0,0,1,0,0,0,7.0,1,3,Com óbito,False
2456354,SINISTRO FATAL,2018-07-20,2018,7,20,06:50,Sexta-feira,MANHA,VIAS URBANAS,PUBLICO,RUA ALEXANDRE DOS SANTOS PIRES,-21.628716,-48.348764,COLISAO,0,1,1,0,0,0,0,1,0,0,0,6.0,1,2,Com óbito,False
2456436,SINISTRO FATAL,2018-07-29,2018,7,29,17:14,Domingo,TARDE,VIAS URBANAS,PUBLICO,RUA JOSE GONCALVES,-21.604169,-48.382593,OUTROS,0,1,0,0,0,0,0,1,0,0,0,17.0,1,1,Com óbito,True
2456266,SINISTRO FATAL,2018-08-16,2018,8,16,07:10,Quinta-feira,MANHA,ESTRADAS E RODOVIAS,PUBLICO,SP 326,-21.6082669597,-48.3352325633,COLISAO,0,1,0,0,1,0,0,1,0,0,0,7.0,1,2,Com óbito,False
2456318,SINISTRO FATAL,2018-08-25,2018,8,25,13:00,Sábado,TARDE,ESTRADAS E RODOVIAS,PUBLICO,SP 310,-21.6219874336,-48.4122497991,COLISAO,0,0,1,0,1,0,0,2,0,0,0,13.0,2,2,Com óbito,True
2456452,SINISTRO FATAL,2018-10-09,2018,10,9,19:00,Terça-feira,NOITE,VIAS URBANAS,PUBLICO,RUA PEDRO TROLLI,-21.589503,-48.340967,COLISAO,0,1,1,0,0,0,0,1,0,0,0,19.0,1,2,Com óbito,False
2456523,SINISTRO FATAL,2018-10-26,2018,10,26,18:10,Sexta-feira,NOITE,VIAS URBANAS,PUBLICO,AVENIDA TROLESI,-21.615913,-48.354709,COLISAO,1,0,1,0,0,0,0,1,0,0,0,18.0,1,2,Com óbito,False
2456484,SINISTRO FATAL,2018-11-17,2018,11,17,21:10,Sábado,NOITE,ESTRADAS E RODOVIAS,PUBLICO,SP 310,-21.6039346542,-48.429627475,COLISAO,0,1,1,0,0,0,0,1,0,0,0,21.0,1,2,Com óbito,True
1289109,NOTIFICACAO,2019-01-01,2019,1,1,06:50,Terça-feira,MANHA,VIAS URBANAS,PUBLICO,AVENIDA SETE DE SETEMBRO,-21.602984273,-48.3653626251,OUTROS,0,0,0,0,0,0,0,0,0,0,0,6.0,0,0,Sem vítimas,False
1407063,NOTIFICACAO,2019-01-02,2019,1,2,17:14,Quarta-feira,TARDE,VIAS URBANAS,NAO DISPONIVEL,AVENIDA JOSE CERQUEIRA,-21.5910571382,-48.3716985591,NAO DISPONIVEL,0,0,0,0,0,0,0,0,0,0,0,17.0,0,0,Sem vítimas,False
1276225,SINISTRO NAO FATAL,2019-01-03,2019,1,3,15:37,Quinta-feira,TARDE,VIAS URBANAS,PRIVADO,VIA NARCIZO BALDAN,-21.6073366667,-48.35559,COLISAO,0,1,1,0,0,0,0,0,0,1,1,15.0,1,2,Com feridos leves,False
1590406,NOTIFICACAO,2019-01-04,2019,1,4,21:12,Sexta-feira,NOITE,VIAS URBANAS,PUBLICO,AVENIDA TROLESI,-21.6093604783,-48.3502049966,OUTROS,0,0,0,0,0,0,0,0,0,0,0,21.0,0,0,Sem vítimas,False
1713159,NOTIFICACAO,2019-01-05,2019,1,5,22:23,Sábado,NOITE,VIAS URBANAS,PUBLICO,AVENIDA TROLESI,-21.595763616,-48.3430243739,OUTROS,0,0,0,0,0,0,0,0,0,0,0,22.0,0,0,Sem vítimas,True
1291384,NOTIFICACAO,2019-01-07,2019,1,7,14:57,Segunda-feira,TARDE,VIAS URBANAS,PUBLICO,AVENIDA TROLESI,-21.6181252266,-48.3544338791,OUTROS,0,0,0,0,0,0,0,0,0,0,0,14.0,0,0,Sem vítimas,False
1316565,NOTIFICACAO,2019-01-07,2019,1,7,15:08,Segunda-feira,TARDE,VIAS URBANAS,NAO DISPONIVEL,AVENIDA TROLESI,-21.5964205582,-48.3433719668,OUTROS,0,0,0,0,0,0,0,0,0,0,0,15.0,0,0,Sem vítimas,False
1338026,SINISTRO NAO FATAL,2019-01-07,2019,1,7,00:05,Segunda-feira,MADRUGADA,ESTRADAS E RODOVIAS,PUBLICO,SP 310,-21.5416388573,-48.502659737,COLISAO,0,0,0,1,1,0,1,0,1,0,2,0.0,1,3,Com feridos graves,False
2086927,NOTIFICACAO,2019-01-10,2019,1,10,10:18,Quinta-feira,MANHA,VIAS URBANAS,NAO DISPONIVEL,RUA ARMANDO FECHIO,-21.6181252266,-48.3544338791,OUTROS,0,0,0,0,0,0,0,0,0,0,0,10.0,0,0,Sem vítimas,False
2299136,NOTIFICACAO,2019-01-11,2019,1,11,18:55,Sexta-feira,NOITE,VIAS URBANAS,NAO DISPONIVEL,AVENIDA CARLOS MARIANI,-21.6033651917,-48.3507035775,OUTROS,0,0,0,0,0,0,0,0,0,0,0,18.0,0,0,Sem vítimas,False
2017236,SINISTRO NAO FATAL,2019-01-12,2019,1,12,04:05,Sábado,MADRUGADA,ESTRADAS E RODOVIAS,PUBLICO,SP 310,-21.6173660717,-48.4167034445,OUTROS,0,0,1,0,0,0,0,0,0,1,0,4.0,1,1,Com feridos leves,True
2328878,NOTIFICACAO,2019-01-12,2019,1,12,21:10,Sábado,NOITE,VIAS URBANAS,PUBLICO,RUA SAO LOURENCO,-21.6017341522,-48.3571826656,OUTROS,0,0,0,0,0,0,0,0,0,0,0,21.0,0,0,Sem vítimas,True
2174057,NOTIFICACAO,2019-01-13,2019,1,13,05:28,Domingo,MADRUGADA,VIAS URBANAS,PRIVADO,RUA SINHARINHA FROTA,-21.6047559864,-48.3677316276,OUTROS,0,0,0,0,0,0,0,0,0,0,0,5.0,0,0,Sem vítimas,True
1998839,NOTIFICACAO,2019-01-15,2019,1,15,08:53,Terça-feira,MANHA,VIAS URBANAS,PRIVADO,RUA RUI BARBOSA,-21.6013512634,-48.3682990908,OUTROS,0,0,0,0,0,0,0,0,0,0,0,8.0,0,0,Sem vítimas,False
1265192,SINISTRO NAO FATAL,2019-01-16,2019,1,16,14:08,Quarta-feira,TARDE,ESTRADAS E RODOVIAS,PUBLICO,SP 310,-21.5938628608,-48.4392679067,CHOQUE,0,0,1,0,0,0,0,0,0,1,1,14.0,1,1,Com feridos leves,False
1362924,NOTIFICACAO,2019-01-16,2019,1,16,15:52,Quarta-feira,TARDE,VIAS URBANAS,PUBLICO,RUA AMERICO VEZZANI,-21.5865754337,-48.3774430906,OUTROS,0,0,0,0,0,0,0,0,0,0,0,15.0,0,0,Sem vítimas,False
2280134,NOTIFICACAO,2019-01-16,2019,1,16,16:15,Quarta-feira,TARDE,VIAS URBANAS,PUBLICO,RUA SAO LOURENCO,-21.597274037,-48.368963773,OUTROS,0,0,0,0,0,0,0,0,0,0,0,16.0,0,0,Sem vítimas,False
1460131,NOTIFICACAO,2019-01-17,2019,1,17,18:17,Quinta-feira,NOITE,VIAS URBANAS,PUBLICO,DO TRABALHADOR,-21.5891876,-48.36918,OUTROS,0,0,0,0,0,0,0,0,0,0,0,18.0,0,0,Sem vítimas,False
2225882,NOTIFICACAO,2019-01-17,2019,1,17,01:22,Quinta-feira,MADRUGADA,VIAS URBANAS,PUBLICO,ABILIO LAUREANO,-21.5942966661,-48.3844899917,OUTROS,0,0,0,0,0,0,0,0,0,0,0,1.0,0,0,Sem vítimas,False
1875463,SINISTRO NAO FATAL,2019-01-18,2019,1,18,05:10,Sexta-feira,MADRUGADA,ESTRADAS E RODOVIAS,PUBLICO,SP 310,-21.5471089411,-48.4946805818,OUTROS,0,0,0,0,1,0,1,0,0,1,0,5.0,1,2,Com feridos leves,False
1703928,NOTIFICACAO,2019-01-19,2019,1,19,18:45,Sábado,NOITE,VIAS URBANAS,PUBLICO,RUA ABÍLIO LAUREANO,-21.5933876,-48.3872032,OUTROS,0,0,0,0,0,0,0,0,0,0,0,18.0,0,0,Sem vítimas,True
1755108,SINISTRO NAO FATAL,2019-01-19,2019,1,19,21:13,Sábado,NOITE,VIAS URBANAS,PUBLICO,TRABALHADORES,-21.5881519819,-48.3589173634,OUTROS,0,0,1,0,0,0,0,0,0,1,0,21.0,1,1,Com feridos leves,True
2066759,SINISTRO NAO FATAL,2019-01-20,2019,1,20,04:15,Domingo,MADRUGADA,ESTRADAS E RODOVIAS,PUBLICO,SP 326,-21.6528947986,-48.3374560657,COLISAO,0,2,0,0,0,0,0,0,0,2,1,4.0,2,2,Com feridos leves,True
1542018,NOTIFICACAO,2019-01-21,2019,1,21,19:34,Segunda-feira,NOITE,VIAS URBANAS,PUBLICO,RUA FRANCISCO COMELI,-21.601511,-48.37972,OUTROS,0,0,0,0,0,0,0,0,0,0,0,19.0,0,0,Sem vítimas,False
2102993,NOTIFICACAO,2019-01-22,2019,1,22,12:58,Terça-feira,TARDE,VIAS URBANAS,NAO DISPONIVEL,RUA RUI BARBOSA,-21.6013512634,-48.3682990908,OUTROS,0,0,0,0,0,0,0,0,0,0,0,12.0,0,0,Sem vítimas,False
2214363,NOTIFICACAO,2019-01-22,2019,1,22,12:53,Terça-feira,TARDE,VIAS URBANAS,NAO DISPONIVEL,RUA SINHARINHA FROTA,-21.6047559864,-48.3677316276,OUTROS,0,0,0,0,0,0,0,0,0,0,0,12.0,0,0,Sem vítimas,False
1385783,NOTIFICACAO,2019-01-24,2019,1,24,16:44,Quinta-feira,TARDE,VIAS URBANAS,PUBLICO,TRABALHADORES,-21.5925080127,-48.3716919462,OUTROS,0,0,0,0,0,0,0,0,0,0,0,16.0,0,0,Sem vítimas,False
2289343,NOTIFICACAO,2019-01-24,2019,1,24,17:43,Quinta-feira,TARDE,VIAS URBANAS,PRIVADO,AVENIDA AURÉLIO DIAS,-21.6303593016,-48.3356814261,OUTROS,0,0,0,0,0,0,0,0,0,0,0,17.0,0,0,Sem vítimas,False
2227180,NOTIFICACAO,2019-01-25,2019,1,25,12:24,Sexta-feira,TARDE,VIAS URBANAS,PUBLICO,AVENIDA SETE DE SETEMBRO,-21.602984273,-48.3653626251,OUTROS,0,0,0,0,0,0,0,0,0,0,0,12.0,0,0,Sem vítimas,False
1582805,SINISTRO NAO FATAL,2019-01-26,2019,1,26,18:25,Sábado,NOITE,VIAS URBANAS,PUBLICO,RUA OTONE CORREA,-21.5965644336,-48.3454264215,COLISAO,0,1,1,0,0,0,0,0,0,2,1,18.0,2,2,Com feridos leves,True
2456369,SINISTRO FATAL,2019-01-26,2019,1,26,00:50,Sábado,MADRUGADA,ESTRADAS E RODOVIAS,PUBLICO,SP 310,-21.5278589181,-48.5226469808,COLISAO,0,0,1,0,1,0,0,1,0,0,0,0.0,1,2,Com óbito,True
1514603,NOTIFICACAO,2019-01-28,2019,1,28,19:18,Segunda-feira,NOITE,VIAS URBANAS,PUBLICO,RUA CESARIO MOTTA,-21.6055764439,-48.363716006,OUTROS,0,0,0,0,0,0,0,0,0,0,0,19.0,0,0,Sem vítimas,False
1931029,NOTIFICACAO,2019-01-28,2019,1,28,00:15,Segunda-feira,MADRUGADA,VIAS URBANAS,NAO DISPONIVEL,AVENIDA QUINZE DE NOVEMBRO,-21.6004406421,-48.3628833581,NAO DISPONIVEL,0,0,0,0,0,0,0,0,0,0,0,0.0,0,0,Sem vítimas,False
1291299,NOTIFICACAO,2019-01-29,2019,1,29,16:50,Terça-feira,TARDE,VIAS URBANAS,PUBLICO,AVENIDA BALDAN,-21.6146241531,-48.3682112886,OUTROS,0,0,0,0,0,0,0,0,0,0,0,16.0,0,0,Sem vítimas,False
1424480,SINISTRO NAO FATAL,2019-01-30,2019,1,30,16:51,Quarta-feira,TARDE,ESTRADAS E RODOVIAS,PUBLICO,SP 310,-21.6517500138,-48.3836555384,CHOQUE,0,0,1,0,0,0,0,0,0,2,1,16.0,2,1,Com feridos leves,False
1651975,SINISTRO NAO FATAL,2019-01-30,2019,1,30,21:38,Quarta-feira,NOITE,VIAS URBANAS,PUBLICO,RUA MARCILIO CECHETTO,-21.6023754757,-48.385885481,COLISAO,0,1,1,0,0,0,0,0,0,1,1,21.0,1,2,Com feridos leves,False
1357675,NOTIFICACAO,2019-02-01,2019,2,1,15:22,Sexta-feira,TARDE,VIAS URBANAS,PUBLICO,AVENIDA TROLESI,-21.610270292,-48.3506801725,OUTROS,0,0,0,0,0,0,0,0,0,0,0,15.0,0,0,Sem vítimas,False
2247190,NOTIFICACAO,2019-02-01,2019,2,1,12:51,Sexta-feira,TARDE,VIAS URBANAS,PRIVADO,RUA SINHARINHA FROTA,-21.6140160671,-48.3478820477,OUTROS,0,0,0,0,0,0,0,0,0,0,0,12.0,0,0,Sem vítimas,False
1451271,SINISTRO NAO FATAL,2019-02-02,2019,2,2,13:15,Sábado,TARDE,VIAS URBANAS,PUBLICO,RUA RUI BARBOSA,-21.6023575928,-48.366129954,CHOQUE,0,0,1,0,0,0,0,0,0,1,1,13.0,1,1,Com feridos leves,True
1378974,SINISTRO NAO FATAL,2019-02-04,2019,2,4,14:45,Segunda-feira,TARDE,ESTRADAS E RODOVIAS,PUBLICO,SP 326,-21.6886522766,-48.3385621781,OUTROS,0,1,0,0,0,0,0,0,0,1,0,14.0,1,1,Com feridos leves,False
1782975,SINISTRO NAO FATAL,2019-02-04,2019,2,4,00:20,Segunda-feira,MADRUGADA,ESTRADAS E RODOVIAS,PUBLICO,SP 310,-21.5361426487,-48.5106178424,OUTROS,0,0,1,0,0,0,0,0,1,1,1,0.0,2,1,Com feridos graves,False
2035796,SINISTRO NAO FATAL,2019-02-06,2019,2,6,11:35,Quarta-feira,MANHA,VIAS URBANAS,PUBLICO,VIA NARCIZO BALDAN,-21.6077542847,-48.3537834389,COLISAO,0,1,0,0,1,0,0,0,1,0,2,11.0,1,2,Com feridos graves,False
1980876,NOTIFICACAO,2019-02-08,2019,2,8,09:04,Sexta-feira,MANHA,VIAS URBANAS,PUBLICO,RUA ARTHUR DANTAS,-21.6241613783,-48.3515467645,OUTROS,0,0,0,0,0,0,0,0,0,0,0,9.0,0,0,Sem vítimas,False
2099994,NOTIFICACAO,2019-02-08,2019,2,8,09:47,Sexta-feira,MANHA,VIAS URBANAS,PUBLICO,AVENIDA TROLESI,-21.6104638574,-48.3503715084,OUTROS,0,0,0,0,0,0,0,0,0,0,0,9.0,0,0,Sem vítimas,False
2276923,NOTIFICACAO,2019-02-08,2019,2,8,16:40,Sexta-feira,TARDE,ESTRADAS E RODOVIAS,PUBLICO,RUA GUIDO CARDIM,-21.5896792652,-48.3594126493,OUTROS,0,0,0,0,0,0,0,0,0,0,0,16.0,0,0,Sem vítimas,False
1596652,NOTIFICACAO,2019-02-09,2019,2,9,00:03,Sábado,MADRUGADA,VIAS URBANAS,NAO DISPONIVEL,AVENIDA BALDAN,-21.6136263102,-48.3695578434,OUTROS,0,0,0,0,0,0,0,0,0,0,0,0.0,0,0,Sem vítimas,True
1734893,NOTIFICACAO,2019-02-09,2019,2,9,18:59,Sábado,NOITE,VIAS URBANAS,PRIVADO,RUA SINHARINHA FROTA,-21.6047559864,-48.3677316276,ATROPELAMENTO,0,0,0,0,0,0,0,0,0,0,0,18.0,0,0,Sem vítimas,True
2086631,NOTIFICACAO,2019-02-09,2019,2,9,06:00,Sábado,MANHA,VIAS URBANAS,NAO DISPONIVEL,RUA SINHARINHA FROTA,-21.6047559864,-48.3677316276,NAO DISPONIVEL,0,0,0,0,0,0,0,0,0,0,0,6.0,0,0,Sem vítimas,True
1732518,NOTIFICACAO,2019-02-10,2019,2,10,00:56,Domingo,MADRUGADA,VIAS URBANAS,PUBLICO,RUA PERNAMBUCO,-21.6000235147,-48.3504967835,OUTROS,0,0,0,0,0,0,0,0,0,0,0,0.0,0,0,Sem vítimas,True
1845947,NOTIFICACAO,2019-02-10,2019,2,10,23:16,Domingo,NOITE,VIAS URBANAS,PRIVADO,RUA SINHARINHA FROTA,-21.6047559864,-48.3677316276,ATROPELAMENTO,0,0,0,0,0,0,0,0,0,0,0,23.0,0,0,Sem vítimas,True
1875036,SINISTRO NAO FATAL,2019-02-10,2019,2,10,23:51,Domingo,NOITE,VIAS URBANAS,PUBLICO,RUA RUI BARBOSA,-21.6047390565,-48.3609568894,COLISAO,0,1,1,0,0,0,0,0,1,0,1,23.0,1,2,Com feridos graves,True
2034666,NOTIFICACAO,2019-02-10,2019,2,10,03:19,Domingo,MADRUGADA,VIAS URBANAS,PUBLICO,AVENIDA SALDANHA DA GAMA,-21.5987763632,-48.3675210703,OUTROS,0,0,0,0,0,0,0,0,0,0,0,3.0,0,0,Sem vítimas,True
1885732,NOTIFICACAO,2019-02-12,2019,2,12,08:02,Terça-feira,MANHA,VIAS URBANAS,PRIVADO,RUA SINHARINHA FROTA,-21.6047559864,-48.3677316276,OUTROS,0,0,0,0,0,0,0,0,0,0,0,8.0,0,0,Sem vítimas,False
2116973,NOTIFICACAO,2019-02-12,2019,2,12,12:50,Terça-feira,TARDE,VIAS URBANAS,PRIVADO,RUA SINHARINHA FROTA,-21.6047559864,-48.3677316276,OUTROS,0,0,0,0,0,0,0,0,0,0,0,12.0,0,0,Sem vítimas,False
1282309,SINISTRO NAO FATAL,2019-02-13,2019,2,13,15:00,Quarta-feira,TARDE,VIAS URBANAS,PUBLICO,RUA SINHARINHA FROTA,-21.6136158021,-48.3487592506,OUTROS,0,1,0,0,0,0,0,0,0,2,0,15.0,2,1,Com feridos leves,False
2361501,NOTIFICACAO,2019-02-14,2019,2,14,11:07,Quinta-feira,MANHA,VIAS URBANAS,PRIVADO,AVENIDA PADRE NELSON ANTONIO ROMAO,-21.6071081786,-48.3617241864,OUTROS,0,0,0,0,0,0,0,0,0,0,0,11.0,0,0,Sem vítimas,False
1453056,NOTIFICACAO,2019-02-15,2019,2,15,17:46,Sexta-feira,TARDE,VIAS URBANAS,NAO DISPONIVEL,RUA SINHARINHA FROTA,-21.6047559864,-48.3677316276,OUTROS,0,0,0,0,0,0,0,0,0,0,0,17.0,0,0,Sem vítimas,False
1600674,NOTIFICACAO,2019-02-15,2019,2,15,20:20,Sexta-feira,NOITE,VIAS URBANAS,PRIVADO,RUA SINHARINHA FROTA,-21.6047559864,-48.3677316276,OUTROS,0,0,0,0,0,0,0,0,0,0,0,20.0,0,0,Sem vítimas,False
1671848,NOTIFICACAO,2019-02-17,2019,2,17,17:56,Domingo,TARDE,VIAS URBANAS,PUBLICO,DO TRABALHADOR,-21.5891876,-48.36918,OUTROS,0,0,0,0,0,0,0,0,0,0,0,17.0,0,0,Sem vítimas,True
2145164,NOTIFICACAO,2019-02-17,2019,2,17,07:19,Domingo,MANHA,VIAS URBANAS,NAO DISPONIVEL,RUA SINHARINHA FROTA,-21.6047559864,-48.3677316276,OUTROS,0,0,0,0,0,0,0,0,0,0,0,7.0,0,0,Sem vítimas,True
2362130,NOTIFICACAO,2019-02-17,2019,2,17,07:24,Domingo,MANHA,VIAS URBANAS,NAO DISPONIVEL,RUA SINHARINHA FROTA,-21.6047559864,-48.3677316276,OUTROS,0,0,0,0,0,0,0,0,0,0,0,7.0,0,0,Sem vítimas,True
1278294,NOTIFICACAO,2019-02-19,2019,2,19,15:17,Terça-feira,TARDE,VIAS URBANAS,PUBLICO,AVENIDA FRANCISCO MASTROPIETRO,-21.5904976309,-48.3540925459,OUTROS,0,0,0,0,0,0,0,0,0,0,0,15.0,0,0,Sem vítimas,False
1474550,NOTIFICACAO,2019-02-19,2019,2,19,18:27,Terça-feira,NOITE,VIAS URBANAS,PUBLICO,RUA ELÍAS RAIMUNDO DE BRITO,-21.6199975333,-48.3446681507,OUTROS,0,0,0,0,0,0,0,0,0,0,0,18.0,0,0,Sem vítimas,False
2230243,NOTIFICACAO,2019-02-19,2019,2,19,13:47,Terça-feira,TARDE,VIAS URBANAS,PUBLICO,RUA SINHARINHA FROTA,-21.6047559864,-48.3677316276,OUTROS,0,0,0,0,0,0,0,0,0,0,0,13.0,0,0,Sem vítimas,False
2216835,NOTIFICACAO,2019-02-20,2019,2,20,13:34,Quarta-feira,TARDE,VIAS URBANAS,PRIVADO,RUA SINHARINHA FROTA,-21.6047559864,-48.3677316276,OUTROS,0,0,0,0,0,0,0,0,0,0,0,13.0,0,0,Sem vítimas,False
1319554,NOTIFICACAO,2019-02-21,2019,2,21,15:25,Quinta-feira,TARDE,VIAS URBANAS,NAO DISPONIVEL,AVENIDA SETE DE SETEMBRO,-21.5934021972,-48.3602202677,NAO DISPONIVEL,0,0,0,0,0,0,0,0,0,0,0,15.0,0,0,Sem vítimas,False
1594873,NOTIFICACAO,2019-02-21,2019,2,21,20:40,Quinta-feira,NOITE,VIAS URBANAS,PRIVADO,RUA SINHARINHA FROTA,-21.612173622,-48.3518894597,ATROPELAMENTO,0,0,0,0,0,0,0,0,0,0,0,20.0,0,0,Sem vítimas,False
1909851,NOTIFICACAO,2019-02-21,2019,2,21,07:12,Quinta-feira,MANHA,VIAS URBANAS,NAO DISPONIVEL,RUA SINHARINHA FROTA,-21.6047559864,-48.3677316276,OUTROS,0,0,0,0,0,0,0,0,0,0,0,7.0,0,0,Sem vítimas,False
1943272,NOTIFICACAO,2019-02-22,2019,2,22,07:27,Sexta-feira,MANHA,VIAS URBANAS,PRIVADO,RUA SINHARINHA FROTA,-21.6047559864,-48.3677316276,OUTROS,0,0,0,0,0,0,0,0,0,0,0,7.0,0,0,Sem vítimas,False
1661556,SINISTRO NAO FATAL,2019-02-23,2019,2,23,18:20,Sábado,NOITE,VIAS URBANAS,PUBLICO,AVENIDA GUILHERME PEDRO,-21.5887240955,-48.3721442438,COLISAO,0,0,1,0,0,0,0,0,0,1,2,18.0,1,1,Com feridos leves,True
1686903,NOTIFICACAO,2019-02-23,2019,2,23,18:46,Sábado,NOITE,VIAS URBANAS,PUBLICO,ALAMEDA DA SAUDADE,-21.5985478354,-48.37640209,OUTROS,0,0,0,0,0,0,0,0,0,0,0,18.0,0,0,Sem vítimas,True
1651230,NOTIFICACAO,2019-02-26,2019,2,26,22:29,Terça-feira,NOITE,VIAS URBANAS,PRIVADO,RUA SINHARINHA FROTA,-21.602907865,-48.3717306221,OUTROS,0,0,0,0,0,0,0,0,0,0,0,22.0,0,0,Sem vítimas,False
1988670,NOTIFICACAO,2019-02-27,2019,2,27,09:00,Quarta-feira,MANHA,VIAS URBANAS,PUBLICO,RUA SINHARINHA FROTA,-21.6125583155,-48.3514820224,OUTROS,0,0,0,0,0,0,0,0,0,0,0,9.0,0,0,Sem vítimas,False
2141500,NOTIFICACAO,2019-02-27,2019,2,27,12:12,Quarta-feira,TARDE,VIAS URBANAS,PUBLICO,RUA CESARIO MOTTA,-21.6060992895,-48.3626031628,OUTROS,0,0,0,0,0,0,0,0,0,0,0,12.0,0,0,Sem vítimas,False
2456884,SINISTRO FATAL,2019-02-27,2019,2,27,13:00,Quarta-feira,TARDE,VIAS URBANAS,PUBLICO,RUA PEDRO TROLI-,-21.58874,-48.343571,CHOQUE,0,1,0,0,0,0,0,1,0,0,0,13.0,1,1,Com óbito,False
1617767,NOTIFICACAO,2019-03-01,2019,3,1,20:58,Sexta-feira,NOITE,VIAS URBANAS,PUBLICO,AVENIDA BALDAN,-21.6180950394,-48.3598803154,OUTROS,0,0,0,0,0,0,0,0,0,0,0,20.0,0,0,Sem vítimas,False
1515835,NOTIFICACAO,2019-03-02,2019,3,2,15:21,Sábado,TARDE,VIAS URBANAS,PUBLICO,RUA JOSE BONIFACIO,-21.6040484968,-48.3647806948,NAO DISPONIVEL,0,0,0,0,0,0,0,0,0,0,0,15.0,0,0,Sem vítimas,True
2245501,NOTIFICACAO,2019-03-02,2019,3,2,10:35,Sábado,MANHA,VIAS URBANAS,PUBLICO,AVENIDA JOSE DA COSTA FILHO,-21.6003448527,-48.3749561092,OUTROS,0,0,0,0,0,0,0,0,0,0,0,10.0,0,0,Sem vítimas,True
2323177,NOTIFICACAO,2019-03-02,2019,3,2,20:06,Sábado,NOITE,VIAS URBANAS,PUBLICO,RUA SAO LOURENCO,-21.597274037,-48.368963773,OUTROS,0,0,0,0,0,0,0,0,0,0,0,20.0,0,0,Sem vítimas,True
1779076,NOTIFICACAO,2019-03-03,2019,3,3,21:12,Domingo,NOITE,VIAS URBANAS,PUBLICO,RUA SAO LOURENCO,-21.6016175984,-48.3600765761,OUTROS,0,0,0,0,0,0,0,0,0,0,0,21.0,0,0,Sem vítimas,True
1440095,NOTIFICACAO,2019-03-04,2019,3,4,16:44,Segunda-feira,TARDE,VIAS URBANAS,NAO DISPONIVEL,RUA ERASTO GONÇALVES,-21.5997429,-48.3961525,OUTROS,0,0,0,0,0,0,0,0,0,0,0,16.0,0,0,Sem vítimas,False
1443291,NOTIFICACAO,2019-03-04,2019,3,4,17:10,Segunda-feira,TARDE,VIAS URBANAS,NAO DISPONIVEL,RUA ARMANDO GAMBERINI,-21.5843857153,-48.3746988533,OUTROS,0,0,0,0,0,0,0,0,0,0,0,17.0,0,0,Sem vítimas,False
1430558,NOTIFICACAO,2019-03-06,2019,3,6,16:43,Quarta-feira,TARDE,VIAS URBANAS,PRIVADO,RUA SINHARINHA FROTA,-21.6047559864,-48.3677316276,OUTROS,0,0,0,0,0,0,0,0,0,0,0,16.0,0,0,Sem vítimas,False
1423349,NOTIFICACAO,2019-03-08,2019,3,8,17:34,Sexta-feira,TARDE,VIAS URBANAS,NAO DISPONIVEL,JOSE PERLATO,-21.6391511634,-48.3519479173,OUTROS,0,0,0,0,0,0,0,0,0,0,0,17.0,0,0,Sem vítimas,False
1871422,NOTIFICACAO,2019-03-08,2019,3,8,07:02,Sexta-feira,MANHA,VIAS URBANAS,PUBLICO,RUA PRUDENTE DE MORAES,-21.6029122647,-48.3605015792,OUTROS,0,0,0,0,0,0,0,0,0,0,0,7.0,0,0,Sem vítimas,False
2173723,NOTIFICACAO,2019-03-09,2019,3,9,08:30,Sábado,MANHA,VIAS URBANAS,PRIVADO,RUA SINHARINHA FROTA,-21.6140160671,-48.3478820477,OUTROS,0,0,0,0,0,0,0,0,0,0,0,8.0,0,0,Sem vítimas,True
1290071,SINISTRO NAO FATAL,2019-03-11,2019,3,11,13:40,Segunda-feira,TARDE,ESTRADAS E RODOVIAS,PUBLICO,SP 326,-21.6260394999,-48.3361290459,COLISAO,0,2,0,0,0,0,0,0,0,2,0,13.0,2,2,Com feridos leves,False
2368392,NOTIFICACAO,2019-03-12,2019,3,12,13:24,Terça-feira,TARDE,VIAS URBANAS,PUBLICO,RUA ELPIDIO MONTEIRO DE MIRANDA,-21.6172716022,-48.3645870261,OUTROS,0,0,0,0,0,0,0,0,0,0,0,13.0,0,0,Sem vítimas,False
1747031,NOTIFICACAO,2019-03-13,2019,3,13,23:53,Quarta-feira,NOITE,VIAS URBANAS,PUBLICO,AVENIDA PREFEITO LAERT JOSÉ TARALO MENDES,-21.599865,-48.3727951,OUTROS,0,0,0,0,0,0,0,0,0,0,0,23.0,0,0,Sem vítimas,False
1560126,NOTIFICACAO,2019-03-16,2019,3,16,01:01,Sábado,MADRUGADA,VIAS URBANAS,PUBLICO,RUA SINHARINHA FROTA,-21.6023929646,-48.3727955575,OUTROS,0,0,0,0,0,0,0,0,0,0,0,1.0,0,0,Sem vítimas,True
1921022,NOTIFICACAO,2019-03-18,2019,3,18,07:39,Segunda-feira,MANHA,VIAS URBANAS,PUBLICO,RUA SINHARINHA FROTA,-21.6061670599,-48.3648194697,OUTROS,0,0,0,0,0,0,0,0,0,0,0,7.0,0,0,Sem vítimas,False
1334760,NOTIFICACAO,2019-03-20,2019,3,20,15:27,Quarta-feira,TARDE,VIAS URBANAS,PUBLICO,AVENIDA TROLESI,-21.5942776257,-48.3422381418,NAO DISPONIVEL,0,0,0,0,0,0,0,0,0,0,0,15.0,0,0,Sem vítimas,False
1630646,NOTIFICACAO,2019-03-20,2019,3,20,21:22,Quarta-feira,NOITE,VIAS URBANAS,NAO DISPONIVEL,AVENIDA BALDAN,-21.6122807701,-48.372474277,OUTROS,0,0,0,0,0,0,0,0,0,0,0,21.0,0,0,Sem vítimas,False
1916225,NOTIFICACAO,2019-03-20,2019,3,20,08:33,Quarta-feira,MANHA,VIAS URBANAS,PRIVADO,RUA SINHARINHA FROTA,-21.6047559864,-48.3677316276,ATROPELAMENTO,0,0,0,0,0,0,0,0,0,0,0,8.0,0,0,Sem vítimas,False
1444134,NOTIFICACAO,2019-03-23,2019,3,23,14:25,Sábado,TARDE,VIAS URBANAS,NAO DISPONIVEL,AVENIDA ARARAQUARA,-21.6111005973,-48.3579641986,OUTROS,0,0,0,0,0,0,0,0,0,0,0,14.0,0,0,Sem vítimas,True
1587366,NOTIFICACAO,2019-03-23,2019,3,23,16:34,Sábado,TARDE,VIAS URBANAS,NAO DISPONIVEL,RUA PEDRO TROLLI,-21.5884762,-48.34322,NAO DISPONIVEL,0,0,0,0,0,0,0,0,0,0,0,16.0,0,0,Sem vítimas,True
1809622,NOTIFICACAO,2019-03-23,2019,3,23,22:32,Sábado,NOITE,VIAS URBANAS,PUBLICO,RUA SINHARINHA FROTA,-21.6047559864,-48.3677316276,OUTROS,0,0,0,0,0,0,0,0,0,0,0,22.0,0,0,Sem vítimas,True
1655962,NOTIFICACAO,2019-03-24,2019,3,24,17:06,Domingo,TARDE,VIAS URBANAS,PRIVADO,RUA SINHARINHA FROTA,-21.6047559864,-48.3677316276,OUTROS,0,0,0,0,0,0,0,0,0,0,0,17.0,0,0,Sem vítimas,True
1719207,NOTIFICACAO,2019-03-24,2019,3,24,17:52,Domingo,TARDE,VIAS URBANAS,NAO DISPONIVEL,RUA AMERICO VEZZANI,-21.5857827182,-48.3692653202,OUTROS,0,0,0,0,0,0,0,0,0,0,0,17.0,0,0,Sem vítimas,True
1783844,NOTIFICACAO,2019-03-24,2019,3,24,23:02,Domingo,NOITE,VIAS URBANAS,NAO DISPONIVEL,RUA ALEXANDRE DOS SANTOS PIRES,-21.6217155706,-48.3534279901,OUTROS,0,0,0,0,0,0,0,0,0,0,0,23.0,0,0,Sem vítimas,True
1414563,NOTIFICACAO,2019-03-25,2019,3,25,16:12,Segunda-feira,TARDE,VIAS URBANAS,PUBLICO,AVENIDA THEOPHILO DIAS DE TOLEDO,-21.6094559898,-48.3599572115,OUTROS,0,0,0,0,0,0,0,0,0,0,0,16.0,0,0,Sem vítimas,False
2287325,NOTIFICACAO,2019-03-25,2019,3,25,17:10,Segunda-feira,TARDE,VIAS URBANAS,PUBLICO,RUA JOSE GONCALVES,-21.6042159372,-48.3831961799,OUTROS,0,0,0,0,0,0,0,0,0,0,0,17.0,0,0,Sem vítimas,False
2298542,NOTIFICACAO,2019-03-25,2019,3,25,21:43,Segunda-feira,NOITE,VIAS URBANAS,PUBLICO,AVENIDA BALDAN,-21.6205015419,-48.3554704605,OUTROS,0,0,0,0,0,0,0,0,0,0,0,21.0,0,0,Sem vítimas,False
1939071,NOTIFICACAO,2019-03-26,2019,3,26,07:24,Terça-feira,MANHA,VIAS URBANAS,PUBLICO,AVENIDA BALDAN,-21.6129390303,-48.3710471165,OUTROS,0,0,0,0,0,0,0,0,0,0,0,7.0,0,0,Sem vítimas,False
2349766,NOTIFICACAO,2019-03-26,2019,3,26,09:10,Terça-feira,MANHA,VIAS URBANAS,PUBLICO,RUA AMERICO VEZZANI,-21.5862816876,-48.3745745581,OUTROS,0,0,0,0,0,0,0,0,0,0,0,9.0,0,0,Sem vítimas,False
2456316,SINISTRO FATAL,2019-03-26,2019,3,26,23:55,Terça-feira,NOITE,ESTRADAS E RODOVIAS,PUBLICO,SP 310,-21.6863789196,-48.3424043747,CHOQUE,0,0,0,0,1,0,0,1,0,0,0,23.0,1,1,Com óbito,False
1886962,NOTIFICACAO,2019-03-27,2019,3,27,06:52,Quarta-feira,MANHA,VIAS URBANAS,NAO DISPONIVEL,AVENIDA CÁSSIO BOTTURA,-21.6216431,-48.34597,OUTROS,0,0,0,0,0,0,0,0,0,0,0,6.0,0,0,Sem vítimas,False
2069775,NOTIFICACAO,2019-03-28,2019,3,28,00:47,Quinta-feira,MADRUGADA,VIAS URBANAS,PRIVADO,RUA SINHARINHA FROTA,-21.6047559864,-48.3677316276,OUTROS,0,0,0,0,0,0,0,0,0,0,0,0.0,0,0,Sem vítimas,False
1569398,NOTIFICACAO,2019-03-29,2019,3,29,18:58,Sexta-feira,NOITE,VIAS URBANAS,PUBLICO,AVENIDA FRANCISCO MASTROPIETRO,-21.5853195,-48.3650551265,OUTROS,0,0,0,0,0,0,0,0,0,0,0,18.0,0,0,Sem vítimas,False
2187135,NOTIFICACAO,2019-03-29,2019,3,29,12:32,Sexta-feira,TARDE,VIAS URBANAS,PUBLICO,AVENIDA PREFEITO LAERT JOSÉ TARALO MENDES,-21.6028557,-48.373703,OUTROS,0,0,0,0,0,0,0,0,0,0,0,12.0,0,0,Sem vítimas,False
1835364,SINISTRO NAO FATAL,2019-04-01,2019,4,1,05:30,Segunda-feira,MADRUGADA,VIAS URBANAS,PUBLICO,VICINAL DR CARLOS FERNANDO MALZONI,-21.6012669,-48.3613548,COLISAO,0,1,0,0,0,0,0,0,0,1,0,5.0,1,1,Com feridos leves,False
2166675,NOTIFICACAO,2019-04-01,2019,4,1,11:34,Segunda-feira,MANHA,VIAS URBANAS,PRIVADO,RUA RUI BARBOSA,-21.6013512634,-48.3682990908,OUTROS,0,0,0,0,0,0,0,0,0,0,0,11.0,0,0,Sem vítimas,False
2173137,NOTIFICACAO,2019-04-02,2019,4,2,13:46,Terça-feira,TARDE,VIAS URBANAS,PUBLICO,AVENIDA PADRE NELSON ANTONIO ROMAO,-21.6062488776,-48.3614245314,OUTROS,0,0,0,0,0,0,0,0,0,0,0,13.0,0,0,Sem vítimas,False
2373150,NOTIFICACAO,2019-04-02,2019,4,2,13:49,Terça-feira,TARDE,VIAS URBANAS,PRIVADO,RUA SINHARINHA FROTA,-21.6140160671,-48.3478820477,OUTROS,0,0,0,0,0,0,0,0,0,0,0,13.0,0,0,Sem vítimas,False
1360796,NOTIFICACAO,2019-04-03,2019,4,3,16:36,Quarta-feira,TARDE,VIAS URBANAS,PUBLICO,RUA SINHARINHA FROTA,-21.6047559864,-48.3677316276,OUTROS,0,0,0,0,0,0,0,0,0,0,0,16.0,0,0,Sem vítimas,False
1409393,NOTIFICACAO,2019-04-03,2019,4,3,17:33,Quarta-feira,TARDE,VIAS URBANAS,PRIVADO,RUA SINHARINHA FROTA,-21.6047559864,-48.3677316276,NAO DISPONIVEL,0,0,0,0,0,0,0,0,0,0,0,17.0,0,0,Sem vítimas,False
2197917,NOTIFICACAO,2019-04-03,2019,4,3,13:15,Quarta-feira,TARDE,VIAS URBANAS,PUBLICO,RUA SINHARINHA FROTA,-21.6047559864,-48.3677316276,OUTROS,0,0,0,0,0,0,0,0,0,0,0,13.0,0,0,Sem vítimas,False
1466568,NOTIFICACAO,2019-04-04,2019,4,4,17:45,Quinta-feira,TARDE,VIAS URBANAS,PUBLICO,AVENIDA PREFEITO LAERT JOSÉ TARALO MENDES,-21.599865,-48.3727951,OUTROS,0,0,0,0,0,0,0,0,0,0,0,17.0,0,0,Sem vítimas,False
1643531,NOTIFICACAO,2019-04-04,2019,4,4,20:26,Quinta-feira,NOITE,VIAS URBANAS,PUBLICO,AVENIDA TROLESI,-21.6081352476,-48.3491317068,NAO DISPONIVEL,0,0,0,0,0,0,0,0,0,0,0,20.0,0,0,Sem vítimas,False
2231939,NOTIFICACAO,2019-04-04,2019,4,4,13:23,Quinta-feira,TARDE,VIAS URBANAS,PUBLICO,RUA SINHARINHA FROTA,-21.6047559864,-48.3677316276,ATROPELAMENTO,0,0,0,0,0,0,0,0,0,0,0,13.0,0,0,Sem vítimas,False
1500201,NOTIFICACAO,2019-04-06,2019,4,6,14:29,Sábado,TARDE,VIAS URBANAS,PRIVADO,RUA SINHARINHA FROTA,-21.6047559864,-48.3677316276,OUTROS,0,0,0,0,0,0,0,0,0,0,0,14.0,0,0,Sem vítimas,True
2323819,NOTIFICACAO,2019-04-06,2019,4,6,19:30,Sábado,NOITE,VIAS URBANAS,PUBLICO,RUA RUI BARBOSA,-21.6078289544,-48.3549870754,OUTROS,0,0,0,0,0,0,0,0,0,0,0,19.0,0,0,Sem vítimas,True
1708191,SINISTRO NAO FATAL,2019-04-07,2019,4,7,20:05,Domingo,NOITE,VIAS URBANAS,PUBLICO,AV AUGUSTO FERREIRA X RUA SERAFIM HERMIDA SOARES,-21.6140160671,-48.3478820477,ATROPELAMENTO,0,1,0,0,0,2,0,0,0,1,2,20.0,1,1,Com feridos leves,True
1833793,NOTIFICACAO,2019-04-07,2019,4,7,22:04,Domingo,NOITE,VIAS URBANAS,PUBLICO,AVENIDA BALDAN,-21.6129470286,-48.3710297854,OUTROS,0,0,0,0,0,0,0,0,0,0,0,22.0,0,0,Sem vítimas,True
1936292,NOTIFICACAO,2019-04-07,2019,4,7,02:11,Domingo,MADRUGADA,VIAS URBANAS,PUBLICO,AVENIDA QUINZE DE NOVEMBRO,-21.6083405931,-48.3670747847,OUTROS,0,0,0,0,0,0,0,0,0,0,0,2.0,0,0,Sem vítimas,True
2004331,NOTIFICACAO,2019-04-08,2019,4,8,09:52,Segunda-feira,MANHA,VIAS URBANAS,NAO DISPONIVEL,AVENIDA DOUTOR LAERT TABALLO MENDES,-21.598176067,-48.3715829706,OUTROS,0,0,0,0,0,0,0,0,0,0,0,9.0,0,0,Sem vítimas,False
2269844,NOTIFICACAO,2019-04-09,2019,4,9,16:54,Terça-feira,TARDE,VIAS URBANAS,NAO DISPONIVEL,RUA RUI BARBOSA,-21.6095629842,-48.3527016566,OUTROS,0,0,0,0,0,0,0,0,0,0,0,16.0,0,0,Sem vítimas,False
1425634,SINISTRO NAO FATAL,2019-04-10,2019,4,10,17:53,Quarta-feira,TARDE,VIAS URBANAS,PUBLICO,RUA SAO LOURENCO,-21.5998857899,-48.3645753775,COLISAO,0,1,1,0,0,0,0,0,0,2,1,17.0,2,2,Com feridos leves,False
2279325,NOTIFICACAO,2019-04-10,2019,4,10,18:34,Quarta-feira,NOITE,VIAS URBANAS,PUBLICO,RUA SAO LOURENCO,-21.600212029,-48.3638730712,OUTROS,0,0,0,0,0,0,0,0,0,0,0,18.0,0,0,Sem vítimas,False
1275983,SINISTRO NAO FATAL,2019-04-12,2019,4,12,12:10,Sexta-feira,TARDE,ESTRADAS E RODOVIAS,PUBLICO,SP 310,-21.5635475137,-48.4707641713,OUTROS,0,0,1,0,0,0,0,0,0,1,1,12.0,1,1,Com feridos leves,False
1616551,SINISTRO NAO FATAL,2019-04-12,2019,4,12,19:30,Sexta-feira,NOITE,ESTRADAS E RODOVIAS,PUBLICO,SP 326,-21.5991853052,-48.3347769377,CHOQUE,0,0,1,0,0,0,0,0,0,1,0,19.0,1,1,Com feridos leves,False
2297217,NOTIFICACAO,2019-04-12,2019,4,12,18:32,Sexta-feira,NOITE,VIAS URBANAS,PUBLICO,AVENIDA MONTE ALTO,-21.6088343259,-48.354056063,OUTROS,0,0,0,0,0,0,0,0,0,0,0,18.0,0,0,Sem vítimas,False
2311420,NOTIFICACAO,2019-04-12,2019,4,12,21:17,Sexta-feira,NOITE,VIAS URBANAS,PUBLICO,AVENIDA BALDAN,-21.6136263102,-48.3695578434,OUTROS,0,0,0,0,0,0,0,0,0,0,0,21.0,0,0,Sem vítimas,False
1308503,NOTIFICACAO,2019-04-13,2019,4,13,12:04,Sábado,TARDE,VIAS URBANAS,PUBLICO,RUA SEBASTIAO JUNQUEIRA,-21.6320507359,-48.3366463063,OUTROS,0,0,0,0,0,0,0,0,0,0,0,12.0,0,0,Sem vítimas,True
1641814,NOTIFICACAO,2019-04-13,2019,4,13,17:46,Sábado,TARDE,VIAS URBANAS,NAO DISPONIVEL,RUA SINHARINHA FROTA,-21.6047559864,-48.3677316276,OUTROS,0,0,0,0,0,0,0,0,0,0,0,17.0,0,0,Sem vítimas,True
1312776,NOTIFICACAO,2019-04-14,2019,4,14,11:18,Domingo,MANHA,VIAS URBANAS,NAO DISPONIVEL,RUA SINHARINHA FROTA,-21.6047559864,-48.3677316276,NAO DISPONIVEL,0,0,0,0,0,0,0,0,0,0,0,11.0,0,0,Sem vítimas,True
1580788,SINISTRO NAO FATAL,2019-04-14,2019,4,14,16:30,Domingo,TARDE,ESTRADAS E RODOVIAS,PUBLICO,SP 310,-21.6643488762,-48.369187962,CHOQUE,0,0,1,0,0,0,0,0,0,3,0,16.0,3,1,Com feridos leves,True
1998048,NOTIFICACAO,2019-04-14,2019,4,14,04:14,Domingo,MADRUGADA,VIAS URBANAS,NAO DISPONIVEL,AVENIDA JOSÉ ZANARDI,-21.6041886136,-48.3514603935,OUTROS,0,0,0,0,0,0,0,0,0,0,0,4.0,0,0,Sem vítimas,True
2348826,NOTIFICACAO,2019-04-14,2019,4,14,02:36,Domingo,MADRUGADA,VIAS URBANAS,NAO DISPONIVEL,AVENIDA PADRE NELSON ANTONIO ROMAO,-21.6073087767,-48.3620232159,OUTROS,0,0,0,0,0,0,0,0,0,0,0,2.0,0,0,Sem vítimas,True
1445075,NOTIFICACAO,2019-04-15,2019,4,15,17:03,Segunda-feira,TARDE,VIAS URBANAS,PUBLICO,AVENIDA SAO PAULO,-21.5972471578,-48.3505174741,OUTROS,0,0,0,0,0,0,0,0,0,0,0,17.0,0,0,Sem vítimas,False
1363056,NOTIFICACAO,2019-04-16,2019,4,16,17:12,Terça-feira,TARDE,VIAS URBANAS,PUBLICO,AVENIDA BALDAN,-21.6142950198,-48.3681088719,OUTROS,0,0,0,0,0,0,0,0,0,0,0,17.0,0,0,Sem vítimas,False
1386726,NOTIFICACAO,2019-04-17,2019,4,17,17:09,Quarta-feira,TARDE,VIAS URBANAS,PUBLICO,AVENIDA MARLENE DAVID DOS SANTOS,-21.6301116093,-48.3421160753,OUTROS,0,0,0,0,0,0,0,0,0,0,0,17.0,0,0,Sem vítimas,False
1801439,NOTIFICACAO,2019-04-21,2019,4,21,22:46,Domingo,NOITE,VIAS URBANAS,PUBLICO,AVENIDA ANTONIO GORGATTI,-21.6180562511,-48.3624504449,OUTROS,0,0,0,0,0,0,0,0,0,0,0,22.0,0,0,Sem vítimas,True
1848084,SINISTRO NAO FATAL,2019-04-21,2019,4,21,23:00,Domingo,NOITE,ESTRADAS E RODOVIAS,PUBLICO,SP 310,-21.5471089411,-48.4946805818,OUTROS,0,0,1,0,0,0,0,0,0,1,0,23.0,1,1,Com feridos leves,True
1856495,NOTIFICACAO,2019-04-23,2019,4,23,07:56,Terça-feira,MANHA,VIAS URBANAS,PUBLICO,RUA JOSE GONCALVES,-21.6047930654,-48.3783307817,OUTROS,0,0,0,0,0,0,0,0,0,0,0,7.0,0,0,Sem vítimas,False
2118819,NOTIFICACAO,2019-04-23,2019,4,23,12:10,Terça-feira,TARDE,VIAS URBANAS,PUBLICO,RUA SAO LOURENCO,-21.6004406421,-48.3628833581,OUTROS,0,0,0,0,0,0,0,0,0,0,0,12.0,0,0,Sem vítimas,False
2456254,SINISTRO FATAL,2019-04-24,2019,4,24,10:10,Quarta-feira,MANHA,VIAS URBANAS,PUBLICO,AVENIDA PREFEITO JOSE TARALO MENDES,-21.601376,-48.373353,CHOQUE,0,0,1,0,1,0,0,1,0,0,0,10.0,1,2,Com óbito,False
2248847,NOTIFICACAO,2019-04-25,2019,4,25,14:40,Quinta-feira,TARDE,VIAS URBANAS,PRIVADO,RUA RUI BARBOSA,-21.6013512634,-48.3682990908,OUTROS,0,0,0,0,0,0,0,0,0,0,0,14.0,0,0,Sem vítimas,False
1565125,NOTIFICACAO,2019-04-27,2019,4,27,15:14,Sábado,TARDE,VIAS URBANAS,NAO DISPONIVEL,AVENIDA TROLESI,-21.5948577001,-48.3425450554,NAO DISPONIVEL,0,0,0,0,0,0,0,0,0,0,0,15.0,0,0,Sem vítimas,True
1848228,NOTIFICACAO,2019-04-27,2019,4,27,23:03,Sábado,NOITE,VIAS URBANAS,PUBLICO,AVENIDA FRANCISCO MASTROPIETRO,-21.5928438971,-48.3483497492,OUTROS,0,0,0,0,0,0,0,0,0,0,0,23.0,0,0,Sem vítimas,True
2288324,NOTIFICACAO,2019-04-27,2019,4,27,15:36,Sábado,TARDE,VIAS URBANAS,PUBLICO,AVENIDA TROLESI,-21.5948577001,-48.3425450554,OUTROS,0,0,0,0,0,0,0,0,0,0,0,15.0,0,0,Sem vítimas,True
2300477,NOTIFICACAO,2019-04-27,2019,4,27,15:20,Sábado,TARDE,VIAS URBANAS,PRIVADO,AVENIDA TROLESI,-21.6051591585,-48.3483769974,NAO DISPONIVEL,0,0,0,0,0,0,0,0,0,0,0,15.0,0,0,Sem vítimas,True
2364543,NOTIFICACAO,2019-04-27,2019,4,27,08:31,Sábado,MANHA,VIAS URBANAS,PUBLICO,RUA PERNAMBUCO,-21.5997277535,-48.3468810487,NAO DISPONIVEL,0,0,0,0,0,0,0,0,0,0,0,8.0,0,0,Sem vítimas,True
1326114,NOTIFICACAO,2019-04-28,2019,4,28,10:17,Domingo,MANHA,VIAS URBANAS,NAO DISPONIVEL,RUA SAO LOURENCO,-21.5997439722,-48.3648806723,OUTROS,0,0,0,0,0,0,0,0,0,0,0,10.0,0,0,Sem vítimas,True
1785086,NOTIFICACAO,2019-04-28,2019,4,28,22:48,Domingo,NOITE,VIAS URBANAS,PUBLICO,AVENIDA APARECIDO SCUTTI,-21.6250514101,-48.3386191084,OUTROS,0,0,0,0,0,0,0,0,0,0,0,22.0,0,0,Sem vítimas,True
2456345,SINISTRO FATAL,2019-04-28,2019,4,28,22:20,Domingo,NOITE,VIAS URBANAS,PUBLICO,AVENIDA APARECIDO SCUTTI,-21.624812,-48.339545,COLISAO,0,1,0,0,0,0,0,1,0,0,0,22.0,1,1,Com óbito,True
2184827,NOTIFICACAO,2019-04-29,2019,4,29,13:59,Segunda-feira,TARDE,VIAS URBANAS,PUBLICO,RUA SINHARINHA FROTA,-21.6125583155,-48.3514820224,OUTROS,0,0,0,0,0,0,0,0,0,0,0,13.0,0,0,Sem vítimas,False
2234555,NOTIFICACAO,2019-04-29,2019,4,29,14:24,Segunda-feira,TARDE,VIAS URBANAS,PUBLICO,AVENIDA SAO PAULO,-21.599522354,-48.3511172302,OUTROS,0,0,0,0,0,0,0,0,0,0,0,14.0,0,0,Sem vítimas,False
1468508,NOTIFICACAO,2019-04-30,2019,4,30,18:35,Terça-feira,NOITE,ESTRADAS E RODOVIAS,PUBLICO,SPA 302/326,-21.607806115,-48.3533360476,OUTROS,0,0,0,0,0,0,0,0,0,0,0,18.0,0,0,Sem vítimas,False
1357308,NOTIFICACAO,2019-05-01,2019,5,1,13:19,Quarta-feira,TARDE,VIAS URBANAS,PUBLICO,RUA AMERICO VEZZANI,-21.5858732214,-48.3702282016,NAO DISPONIVEL,0,0,0,0,0,0,0,0,0,0,0,13.0,0,0,Sem vítimas,False
1339866,NOTIFICACAO,2019-05-02,2019,5,2,15:56,Quinta-feira,TARDE,VIAS URBANAS,NAO DISPONIVEL,RUA JOSE BONIFACIO,-21.6021215323,-48.3689056247,OUTROS,0,0,0,0,0,0,0,0,0,0,0,15.0,0,0,Sem vítimas,False
1365046,NOTIFICACAO,2019-05-02,2019,5,2,16:23,Quinta-feira,TARDE,VIAS URBANAS,NAO DISPONIVEL,RUA CASTRO ALVES,-21.5996635266,-48.359496607,NAO DISPONIVEL,0,0,0,0,0,0,0,0,0,0,0,16.0,0,0,Sem vítimas,False
2123648,NOTIFICACAO,2019-05-02,2019,5,2,12:42,Quinta-feira,TARDE,VIAS URBANAS,NAO DISPONIVEL,AVENIDA ONEIDA TRAVASSOS DOURADO,-21.6228487203,-48.3451758413,OUTROS,0,0,0,0,0,0,0,0,0,0,0,12.0,0,0,Sem vítimas,False
1898902,SINISTRO NAO FATAL,2019-05-03,2019,5,3,06:10,Sexta-feira,MANHA,ESTRADAS E RODOVIAS,PUBLICO,SP 310,-21.5306557227,-48.5185827873,COLISAO,0,0,0,0,2,0,3,0,0,1,1,6.0,1,5,Com feridos leves,False
1763097,NOTIFICACAO,2019-05-04,2019,5,4,20:25,Sábado,NOITE,VIAS URBANAS,PUBLICO,AVENIDA SALDANHA DA GAMA,-21.5942912435,-48.3651761761,OUTROS,0,0,0,0,0,0,0,0,0,0,0,20.0,0,0,Sem vítimas,True
1377850,NOTIFICACAO,2019-05-05,2019,5,5,11:37,Domingo,MANHA,VIAS URBANAS,NAO DISPONIVEL,RUA JOSE GONCALVES,-21.6027574762,-48.3961803741,NAO DISPONIVEL,0,0,0,0,0,0,0,0,0,0,0,11.0,0,0,Sem vítimas,True
1594480,NOTIFICACAO,2019-05-06,2019,5,6,20:02,Segunda-feira,NOITE,VIAS URBANAS,NAO DISPONIVEL,RUA RUI BARBOSA,-21.6013512634,-48.3682990908,OUTROS,0,0,0,0,0,0,0,0,0,0,0,20.0,0,0,Sem vítimas,False
2194437,NOTIFICACAO,2019-05-06,2019,5,6,13:48,Segunda-feira,TARDE,VIAS URBANAS,NAO DISPONIVEL,RUA SINHARINHA FROTA,-21.6047559864,-48.3677316276,OUTROS,0,0,0,0,0,0,0,0,0,0,0,13.0,0,0,Sem vítimas,False
2364598,NOTIFICACAO,2019-05-06,2019,5,6,12:18,Segunda-feira,TARDE,VIAS URBANAS,NAO DISPONIVEL,AVENIDA PADRE NELSON ANTONIO ROMAO,-21.6016957751,-48.3601293782,OUTROS,0,0,0,0,0,0,0,0,0,0,0,12.0,0,0,Sem vítimas,False
1509633,SINISTRO NAO FATAL,2019-05-07,2019,5,7,19:35,Terça-feira,NOITE,ESTRADAS E RODOVIAS,PUBLICO,SP 310,-21.6012669,-48.3613548,OUTROS,0,1,0,0,0,0,0,0,0,2,0,19.0,2,1,Com feridos leves,False
1538945,NOTIFICACAO,2019-05-09,2019,5,9,19:59,Quinta-feira,NOITE,VIAS URBANAS,PUBLICO,RUA OTONE CORREA,-21.594904519,-48.35260002,OUTROS,0,0,0,0,0,0,0,0,0,0,0,19.0,0,0,Sem vítimas,False
2154584,NOTIFICACAO,2019-05-09,2019,5,9,13:05,Quinta-feira,TARDE,VIAS URBANAS,NAO DISPONIVEL,RUA SINHARINHA FROTA,-21.6029078652,-48.3717306218,OUTROS,0,0,0,0,0,0,0,0,0,0,0,13.0,0,0,Sem vítimas,False
2008810,NOTIFICACAO,2019-05-10,2019,5,10,09:26,Sexta-feira,MANHA,VIAS URBANAS,NAO DISPONIVEL,AVENIDA BALDAN,-21.6140774518,-48.3685802325,OUTROS,0,0,0,0,0,0,0,0,0,0,0,9.0,0,0,Sem vítimas,False
1815775,NOTIFICACAO,2019-05-11,2019,5,11,22:33,Sábado,NOITE,VIAS URBANAS,NAO DISPONIVEL,RUA OTONE CORREA,-21.592066466,-48.3598754421,NAO DISPONIVEL,0,0,0,0,0,0,0,0,0,0,0,22.0,0,0,Sem vítimas,True
2290349,NOTIFICACAO,2019-05-11,2019,5,11,14:48,Sábado,TARDE,VIAS URBANAS,NAO DISPONIVEL,RUA SAO LOURENCO,-21.601617598,-48.360076576,NAO DISPONIVEL,0,0,0,0,0,0,0,0,0,0,0,14.0,0,0,Sem vítimas,True
2342968,NOTIFICACAO,2019-05-11,2019,5,11,09:01,Sábado,MANHA,VIAS URBANAS,NAO DISPONIVEL,AVENIDA ODONE MARCHESAN,-21.5840090611,-48.3733731211,NAO DISPONIVEL,0,0,0,0,0,0,0,0,0,0,0,9.0,0,0,Sem vítimas,True
2272696,NOTIFICACAO,2019-05-12,2019,5,12,11:06,Domingo,MANHA,VIAS URBANAS,NAO DISPONIVEL,AVENIDA BORTOLO BIAVA,-21.6090409406,-48.361164796,NAO DISPONIVEL,0,0,0,0,0,0,0,0,0,0,0,11.0,0,0,Sem vítimas,True
2323543,NOTIFICACAO,2019-05-12,2019,5,12,20:36,Domingo,NOITE,VIAS URBANAS,PUBLICO,RUA SINHARINHA FROTA,-21.609643788,-48.357748499,OUTROS,0,0,0,0,0,0,0,0,0,0,0,20.0,0,0,Sem vítimas,True
1973169,SINISTRO NAO FATAL,2019-05-13,2019,5,13,07:00,Segunda-feira,MANHA,ESTRADAS E RODOVIAS,PUBLICO,SP 310,-21.688379389,-48.339156412,CHOQUE,0,0,1,0,0,0,0,0,0,1,0,7.0,1,1,Com feridos leves,False
2358360,NOTIFICACAO,2019-05-14,2019,5,14,11:54,Terça-feira,MANHA,VIAS URBANAS,NAO DISPONIVEL,RUA JOSE ARTIMONTE,-21.605655828,-48.3483268401,OUTROS,0,0,0,0,0,0,0,0,0,0,0,11.0,0,0,Sem vítimas,False
1846334,NOTIFICACAO,2019-05-15,2019,5,15,07:02,Quarta-feira,MANHA,ESTRADAS E RODOVIAS,PUBLICO,SPA 302/326,-21.608135248,-48.349131707,NAO DISPONIVEL,0,0,0,0,0,0,0,0,0,0,0,7.0,0,0,Sem vítimas,False
1880789,NOTIFICACAO,2019-05-16,2019,5,16,07:19,Quinta-feira,MANHA,VIAS URBANAS,NAO DISPONIVEL,RUA SINHARINHA FROTA,-21.6047559865,-48.3677316277,ATROPELAMENTO,0,0,0,0,0,0,0,0,0,0,0,7.0,0,0,Sem vítimas,False
2217538,NOTIFICACAO,2019-05-16,2019,5,16,14:14,Quinta-feira,TARDE,VIAS URBANAS,NAO DISPONIVEL,AVENIDA BALDAN,-21.6179047068,-48.3602944404,NAO DISPONIVEL,0,0,0,0,0,0,0,0,0,0,0,14.0,0,0,Sem vítimas,False
2368089,NOTIFICACAO,2019-05-17,2019,5,17,13:32,Sexta-feira,TARDE,VIAS URBANAS,NAO DISPONIVEL,AVENIDA TROLESI,-21.608547042,-48.349781696,OUTROS,0,0,0,0,0,0,0,0,0,0,0,13.0,0,0,Sem vítimas,False
2022891,NOTIFICACAO,2019-05-18,2019,5,18,06:44,Sábado,MANHA,VIAS URBANAS,PUBLICO,RUA JUNDIAI,-21.6150608125,-48.3494699823,NAO DISPONIVEL,0,0,0,0,0,0,0,0,0,0,0,6.0,0,0,Sem vítimas,True
2093072,NOTIFICACAO,2019-05-18,2019,5,18,09:48,Sábado,MANHA,VIAS URBANAS,NAO DISPONIVEL,RUA SINHARINHA FROTA,-21.6047559865,-48.3677316277,OUTROS,0,0,0,0,0,0,0,0,0,0,0,9.0,0,0,Sem vítimas,True
1747966,SINISTRO NAO FATAL,2019-05-19,2019,5,19,19:30,Domingo,NOITE,ESTRADAS E RODOVIAS,PUBLICO,SP 310,-21.547108941,-48.494680582,CHOQUE,0,0,1,0,0,0,0,0,0,1,1,19.0,1,1,Com feridos leves,True
2191841,NOTIFICACAO,2019-05-19,2019,5,19,06:44,Domingo,MANHA,VIAS URBANAS,PUBLICO,RUA ARTHUR CECCHETTO,-21.597015718,-48.364496586,OUTROS,0,0,0,0,0,0,0,0,0,0,0,6.0,0,0,Sem vítimas,True
1481496,SINISTRO NAO FATAL,2019-05-20,2019,5,20,18:45,Segunda-feira,NOITE,ESTRADAS E RODOVIAS,PUBLICO,SP 310,-21.670446436,-48.361749139,COLISAO,0,0,0,0,2,0,2,0,0,1,1,18.0,1,4,Com feridos leves,False
1528832,SINISTRO NAO FATAL,2019-05-22,2019,5,22,18:50,Quarta-feira,NOITE,ESTRADAS E RODOVIAS,PUBLICO,SP 310,-21.525165654,-48.52654489,COLISAO,0,0,1,0,1,0,0,0,0,1,1,18.0,1,2,Com feridos leves,False
1993886,NOTIFICACAO,2019-05-22,2019,5,22,11:23,Quarta-feira,MANHA,VIAS URBANAS,NAO DISPONIVEL,AVENIDA SAO PAULO,-21.590502247,-48.348775087,OUTROS,0,0,0,0,0,0,0,0,0,0,0,11.0,0,0,Sem vítimas,False
1334198,NOTIFICACAO,2019-05-23,2019,5,23,16:44,Quinta-feira,TARDE,VIAS URBANAS,PRIVADO,RUA SINHARINHA FROTA,-21.6047559865,-48.3677316277,OUTROS,0,0,0,0,0,0,0,0,0,0,0,16.0,0,0,Sem vítimas,False
2029813,NOTIFICACAO,2019-05-23,2019,5,23,10:19,Quinta-feira,MANHA,VIAS URBANAS,PUBLICO,ALAMEDA DA SAUDADE,-21.5971887864,-48.3792431192,OUTROS,0,0,0,0,0,0,0,0,0,0,0,10.0,0,0,Sem vítimas,False
2159135,NOTIFICACAO,2019-05-23,2019,5,23,14:15,Quinta-feira,TARDE,VIAS URBANAS,PRIVADO,RUA SINHARINHA FROTA,-21.6047559865,-48.3677316277,ATROPELAMENTO,0,0,0,0,0,0,0,0,0,0,0,14.0,0,0,Sem vítimas,False
2189923,NOTIFICACAO,2019-05-25,2019,5,25,12:37,Sábado,TARDE,VIAS URBANAS,NAO DISPONIVEL,RUA SINHARINHA FROTA,-21.6047559865,-48.3677316277,OUTROS,0,0,0,0,0,0,0,0,0,0,0,12.0,0,0,Sem vítimas,True
1736313,NOTIFICACAO,2019-05-26,2019,5,26,19:50,Domingo,NOITE,VIAS URBANAS,NAO DISPONIVEL,RUA ANNA MARIA P GONZALES,-21.6042159376,-48.3831961795,NAO DISPONIVEL,0,0,0,0,0,0,0,0,0,0,0,19.0,0,0,Sem vítimas,True
1807612,NOTIFICACAO,2019-05-28,2019,5,28,06:13,Terça-feira,MANHA,VIAS URBANAS,NAO DISPONIVEL,RUA RUI BARBOSA,-21.6023977897,-48.3660433075,NAO DISPONIVEL,0,0,0,0,0,0,0,0,0,0,0,6.0,0,0,Sem vítimas,False
2456508,SINISTRO FATAL,2019-05-28,2019,5,28,08:40,Terça-feira,MANHA,ESTRADAS E RODOVIAS,PUBLICO,SP 310,-21.6475974454,-48.3875983675,CHOQUE,0,0,1,0,0,0,0,1,0,0,0,8.0,1,1,Com óbito,False
1274285,NOTIFICACAO,2019-05-30,2019,5,30,15:50,Quinta-feira,TARDE,VIAS URBANAS,NAO DISPONIVEL,RUA OTONE CORREA,-21.5940535578,-48.3552743129,OUTROS,0,0,0,0,0,0,0,0,0,0,0,15.0,0,0,Sem vítimas,False
1290390,NOTIFICACAO,2019-05-30,2019,5,30,16:01,Quinta-feira,TARDE,VIAS URBANAS,NAO DISPONIVEL,RUA RUI BARBOSA,-21.6013512637,-48.3682990904,OUTROS,0,0,0,0,0,0,0,0,0,0,0,16.0,0,0,Sem vítimas,False
1465375,NOTIFICACAO,2019-05-30,2019,5,30,18:46,Quinta-feira,NOITE,VIAS URBANAS,NAO DISPONIVEL,RUA STEFANO D'AVASSI,-21.621626473,-48.344423152,NAO DISPONIVEL,0,0,0,0,0,0,0,0,0,0,0,18.0,0,0,Sem vítimas,False
1420418,NOTIFICACAO,2019-05-31,2019,5,31,17:40,Sexta-feira,TARDE,VIAS URBANAS,NAO DISPONIVEL,RUA SINHARINHA FROTA,-21.6047559865,-48.3677316277,OUTROS,0,0,0,0,0,0,0,0,0,0,0,17.0,0,0,Sem vítimas,False
2105334,NOTIFICACAO,2019-05-31,2019,5,31,00:58,Sexta-feira,MADRUGADA,VIAS URBANAS,NAO DISPONIVEL,AVENIDA AUGUSTO FERREIRA,-21.6270559787,-48.3398350231,OUTROS,0,0,0,0,0,0,0,0,0,0,0,0.0,0,0,Sem vítimas,False
1426576,SINISTRO NAO FATAL,2019-06-02,2019,6,2,12:29,Domingo,TARDE,VIAS URBANAS,PUBLICO,AVENIDA BALDAN X AV TROLESI,-21.6211377439,-48.3541072314,OUTROS,0,1,0,0,0,0,0,0,0,2,0,12.0,2,1,Com feridos leves,True
1762644,SINISTRO NAO FATAL,2019-06-02,2019,6,2,20:20,Domingo,NOITE,VIAS URBANAS,PUBLICO,RUA CASTRO ALVES,-21.5963689332,-48.3682187711,COLISAO,0,0,2,0,0,0,0,0,0,1,1,20.0,1,2,Com feridos leves,True
1348144,NOTIFICACAO,2019-06-03,2019,6,3,17:36,Segunda-feira,TARDE,VIAS URBANAS,NAO DISPONIVEL,RUA SINHARINHA FROTA,-21.6140160672,-48.3478820477,OUTROS,0,0,0,0,0,0,0,0,0,0,0,17.0,0,0,Sem vítimas,False
1931059,NOTIFICACAO,2019-06-03,2019,6,3,07:49,Segunda-feira,MANHA,VIAS URBANAS,PUBLICO,AVENIDA DOUTOR LAERT TABALLO MENDES,-21.604239065,-48.373077374,OUTROS,0,0,0,0,0,0,0,0,0,0,0,7.0,0,0,Sem vítimas,False
2103826,SINISTRO NAO FATAL,2019-06-04,2019,6,4,13:05,Terça-feira,TARDE,VIAS URBANAS,PUBLICO,AVENIDA TROLESI,-21.618125227,-48.354433879,COLISAO,0,1,1,0,0,0,0,0,0,1,1,13.0,1,2,Com feridos leves,False
1338010,NOTIFICACAO,2019-06-07,2019,6,7,16:46,Sexta-feira,TARDE,VIAS URBANAS,NAO DISPONIVEL,AVENIDA LUDWIG ECKES,-21.5959280816,-48.3811545896,NAO DISPONIVEL,0,0,0,0,0,0,0,0,0,0,0,16.0,0,0,Sem vítimas,False
1438376,NOTIFICACAO,2019-06-07,2019,6,7,18:20,Sexta-feira,NOITE,VIAS URBANAS,NAO DISPONIVEL,AVENIDA SAO PAULO,-21.600086361,-48.351265206,NAO DISPONIVEL,0,0,0,0,0,0,0,0,0,0,0,18.0,0,0,Sem vítimas,False
1896437,NOTIFICACAO,2019-06-07,2019,6,7,06:41,Sexta-feira,MANHA,VIAS URBANAS,PUBLICO,RUA ARMANDO FECHIO,-21.6174079538,-48.3559823781,OUTROS,0,0,0,0,0,0,0,0,0,0,0,6.0,0,0,Sem vítimas,False
2114523,NOTIFICACAO,2019-06-07,2019,6,7,12:47,Sexta-feira,TARDE,VIAS URBANAS,PUBLICO,AVENIDA CAMPOS SALLES,-21.5982139296,-48.365030633,OUTROS,0,0,0,0,0,0,0,0,0,0,0,12.0,0,0,Sem vítimas,False
2257504,NOTIFICACAO,2019-06-07,2019,6,7,14:42,Sexta-feira,TARDE,VIAS URBANAS,PUBLICO,RUA SAO LOURENCO,-21.6013744563,-48.3608217355,OUTROS,0,0,0,0,0,0,0,0,0,0,0,14.0,0,0,Sem vítimas,False
2297564,NOTIFICACAO,2019-06-08,2019,6,8,17:11,Sábado,TARDE,VIAS URBANAS,PUBLICO,RUA IZIDORO ADAIL BOTTESINI,-21.6151701078,-48.3557966031,OUTROS,0,0,0,0,0,0,0,0,0,0,0,17.0,0,0,Sem vítimas,True
1478392,NOTIFICACAO,2019-06-10,2019,6,10,19:08,Segunda-feira,NOITE,VIAS URBANAS,NAO DISPONIVEL,RUA JOSE MARTINHO MARTINS,-21.5977996157,-48.3822654452,OUTROS,0,0,0,0,0,0,0,0,0,0,0,19.0,0,0,Sem vítimas,False
2020059,NOTIFICACAO,2019-06-10,2019,6,10,09:38,Segunda-feira,MANHA,VIAS URBANAS,NAO DISPONIVEL,RUA SAO LOURENCO,-21.6042727646,-48.3476182961,NAO DISPONIVEL,0,0,0,0,0,0,0,0,0,0,0,9.0,0,0,Sem vítimas,False
1466200,NOTIFICACAO,2019-06-11,2019,6,11,19:21,Terça-feira,NOITE,VIAS URBANAS,NAO DISPONIVEL,AVENIDA FRANCISCO MASTROPIETRO,-21.5852075316,-48.3652977292,NAO DISPONIVEL,0,0,0,0,0,0,0,0,0,0,0,19.0,0,0,Sem vítimas,False
2269498,NOTIFICACAO,2019-06-11,2019,6,11,17:41,Terça-feira,TARDE,VIAS URBANAS,NAO DISPONIVEL,RUA ALEXANDRE DALE VEDOVE,-21.6071107813,-48.3529727752,NAO DISPONIVEL,0,0,0,0,0,0,0,0,0,0,0,17.0,0,0,Sem vítimas,False
1973698,NOTIFICACAO,2019-06-12,2019,6,12,09:14,Quarta-feira,MANHA,VIAS URBANAS,PUBLICO,VIA DE ACESSO FRANCISCO MALZONI,-21.610916899,-48.351019514,OUTROS,0,0,0,0,0,0,0,0,0,0,0,9.0,0,0,Sem vítimas,False
2041921,NOTIFICACAO,2019-06-14,2019,6,14,09:01,Sexta-feira,MANHA,VIAS URBANAS,NAO DISPONIVEL,AVENIDA SALDANHA DA GAMA,-21.595918321,-48.366040822,NAO DISPONIVEL,0,0,0,0,0,0,0,0,0,0,0,9.0,0,0,Sem vítimas,False
1342677,SINISTRO NAO FATAL,2019-06-15,2019,6,15,12:20,Sábado,TARDE,ESTRADAS E RODOVIAS,PUBLICO,SP 326,-21.6275001362,-48.3362056594,OUTROS,0,1,0,0,0,0,0,0,0,1,0,12.0,1,1,Com feridos leves,True
1395204,NOTIFICACAO,2019-06-15,2019,6,15,14:06,Sábado,TARDE,VIAS URBANAS,PUBLICO,AVENIDA FRANCISCO MASTROPIETRO,-21.5878376891,-48.3587211257,OUTROS,0,0,0,0,0,0,0,0,0,0,0,14.0,0,0,Sem vítimas,True
1791593,NOTIFICACAO,2019-06-15,2019,6,15,21:46,Sábado,NOITE,VIAS URBANAS,NAO DISPONIVEL,RUA SINHARINHA FROTA,-21.6047559865,-48.3677316277,OUTROS,0,0,0,0,0,0,0,0,0,0,0,21.0,0,0,Sem vítimas,True
1824379,NOTIFICACAO,2019-06-15,2019,6,15,22:43,Sábado,NOITE,VIAS URBANAS,NAO DISPONIVEL,RUA SAO LOURENCO,-21.6042727646,-48.3476182961,NAO DISPONIVEL,0,0,0,0,0,0,0,0,0,0,0,22.0,0,0,Sem vítimas,True
2158467,NOTIFICACAO,2019-06-15,2019,6,15,09:39,Sábado,MANHA,VIAS URBANAS,PUBLICO,RUA CASTRO ALVES,-21.5993414866,-48.3603913902,OUTROS,0,0,0,0,0,0,0,0,0,0,0,9.0,0,0,Sem vítimas,True
1304115,NOTIFICACAO,2019-06-16,2019,6,16,10:00,Domingo,MANHA,VIAS URBANAS,PRIVADO,RUA SINHARINHA FROTA,-21.6140160672,-48.3478820477,OUTROS,0,0,0,0,0,0,0,0,0,0,0,10.0,0,0,Sem vítimas,True
1580656,NOTIFICACAO,2019-06-17,2019,6,17,22:11,Segunda-feira,NOITE,VIAS URBANAS,PUBLICO,AVENIDA LUDWIG ECKES,-21.603767215,-48.385539559,OUTROS,0,0,0,0,0,0,0,0,0,0,0,22.0,0,0,Sem vítimas,False
2456304,SINISTRO FATAL,2019-06-18,2019,6,18,15:45,Terça-feira,TARDE,VIAS URBANAS,PUBLICO,RUA SAO LOURENÇO X AV. CAMPOS SALES,-21.598955,-48.366498,COLISAO,0,1,1,0,1,0,0,1,0,0,0,15.0,1,3,Com óbito,False
1267278,NOTIFICACAO,2019-06-19,2019,6,19,15:41,Quarta-feira,TARDE,VIAS URBANAS,PRIVADO,RUA SINHARINHA FROTA,-21.6140160672,-48.3478820477,OUTROS,0,0,0,0,0,0,0,0,0,0,0,15.0,0,0,Sem vítimas,False
2161451,NOTIFICACAO,2019-06-19,2019,6,19,13:12,Quarta-feira,TARDE,VIAS URBANAS,NAO DISPONIVEL,AVENIDA MARLENE DAVID DOS SANTOS,-21.6297553978,-48.3415098529,OUTROS,0,0,0,0,0,0,0,0,0,0,0,13.0,0,0,Sem vítimas,False
2341211,NOTIFICACAO,2019-06-19,2019,6,19,13:19,Quarta-feira,TARDE,VIAS URBANAS,PUBLICO,AVENIDA MARLENE DAVID DOS SANTOS,-21.6297553978,-48.3415098529,OUTROS,0,0,0,0,0,0,0,0,0,0,0,13.0,0,0,Sem vítimas,False
1292580,NOTIFICACAO,2019-06-20,2019,6,20,12:34,Quinta-feira,TARDE,VIAS URBANAS,PUBLICO,DO TRABALHADOR,-21.601509318,-48.360405153,OUTROS,0,0,0,0,0,0,0,0,0,0,0,12.0,0,0,Sem vítimas,False
1783767,NOTIFICACAO,2019-06-20,2019,6,20,23:36,Quinta-feira,NOITE,VIAS URBANAS,PRIVADO,RUA SINHARINHA FROTA,-21.6140160672,-48.3478820477,OUTROS,0,0,0,0,0,0,0,0,0,0,0,23.0,0,0,Sem vítimas,False
2036509,NOTIFICACAO,2019-06-20,2019,6,20,04:34,Quinta-feira,MADRUGADA,VIAS URBANAS,PUBLICO,AVENIDA TROLESI,-21.614265747,-48.352809024,OUTROS,0,0,0,0,0,0,0,0,0,0,0,4.0,0,0,Sem vítimas,False
2267254,NOTIFICACAO,2019-06-20,2019,6,20,13:11,Quinta-feira,TARDE,VIAS URBANAS,NAO DISPONIVEL,VIA CLITO BASTIA,-21.6229188411,-48.3340990209,OUTROS,0,0,0,0,0,0,0,0,0,0,0,13.0,0,0,Sem vítimas,False
1671484,SINISTRO NAO FATAL,2019-06-21,2019,6,21,20:55,Sexta-feira,NOITE,ESTRADAS E RODOVIAS,PUBLICO,SP 326,-21.617088116,-48.335678339,COLISAO,0,0,1,0,1,0,1,0,1,0,1,20.0,1,3,Com feridos graves,False
2276608,NOTIFICACAO,2019-06-21,2019,6,21,17:34,Sexta-feira,TARDE,VIAS URBANAS,PUBLICO,VIA CAL FISHER,-21.5985363026,-48.371396253,OUTROS,0,0,0,0,0,0,0,0,0,0,0,17.0,0,0,Sem vítimas,False
1356541,SINISTRO NAO FATAL,2019-06-22,2019,6,22,12:40,Sábado,TARDE,ESTRADAS E RODOVIAS,PUBLICO,SP 310,-21.617366072,-48.416703444,CHOQUE,0,0,1,0,0,0,0,0,0,1,0,12.0,1,1,Com feridos leves,True
1561353,NOTIFICACAO,2019-06-22,2019,6,22,18:06,Sábado,NOITE,VIAS URBANAS,NAO DISPONIVEL,RUA RUI BARBOSA,-21.6013512637,-48.3682990904,OUTROS,0,0,0,0,0,0,0,0,0,0,0,18.0,0,0,Sem vítimas,True
1361270,NOTIFICACAO,2019-06-24,2019,6,24,16:56,Segunda-feira,TARDE,VIAS URBANAS,PUBLICO,RUA CESARIO MOTTA,-21.60658089,-48.361535293,OUTROS,0,0,0,0,0,0,0,0,0,0,0,16.0,0,0,Sem vítimas,False
2068281,NOTIFICACAO,2019-06-24,2019,6,24,11:11,Segunda-feira,MANHA,VIAS URBANAS,PUBLICO,RUA CESARIO MOTTA,-21.608128897,-48.358204648,OUTROS,0,0,0,0,0,0,0,0,0,0,0,11.0,0,0,Sem vítimas,False
1938305,NOTIFICACAO,2019-06-25,2019,6,25,10:18,Terça-feira,MANHA,VIAS URBANAS,NAO DISPONIVEL,AVENIDA BALDAN,-21.6122807699,-48.3724742769,OUTROS,0,0,0,0,0,0,0,0,0,0,0,10.0,0,0,Sem vítimas,False
1435126,NOTIFICACAO,2019-06-27,2019,6,27,18:27,Quinta-feira,NOITE,VIAS URBANAS,NAO DISPONIVEL,AVENIDA FRANCISCO MASTROPIETRO,-21.5878376891,-48.3587211257,NAO DISPONIVEL,0,0,0,0,0,0,0,0,0,0,0,18.0,0,0,Sem vítimas,False
1465526,NOTIFICACAO,2019-06-27,2019,6,27,19:08,Quinta-feira,NOITE,VIAS URBANAS,NAO DISPONIVEL,VIA ENGENHEIRO MILCIADES BOTTURA,-21.6147604404,-48.3487834471,OUTROS,0,0,0,0,0,0,0,0,0,0,0,19.0,0,0,Sem vítimas,False
1811613,NOTIFICACAO,2019-06-28,2019,6,28,05:34,Sexta-feira,MADRUGADA,VIAS URBANAS,PUBLICO,AVENIDA BALDAN,-21.6179126374,-48.3602771852,OUTROS,0,0,0,0,0,0,0,0,0,0,0,5.0,0,0,Sem vítimas,False
1681080,NOTIFICACAO,2019-06-29,2019,6,29,19:15,Sábado,NOITE,VIAS URBANAS,PRIVADO,RUA SINHARINHA FROTA,-21.6047559865,-48.3677316277,OUTROS,0,0,0,0,0,0,0,0,0,0,0,19.0,0,0,Sem vítimas,True
1796616,NOTIFICACAO,2019-07-02,2019,7,2,06:33,Terça-feira,MANHA,VIAS URBANAS,PUBLICO,AVENIDA VINTE E OITO DE AGOSTO,-21.5999185022,-48.3614670015,OUTROS,0,0,0,0,0,0,0,0,0,0,0,6.0,0,0,Sem vítimas,False
1889049,NOTIFICACAO,2019-07-02,2019,7,2,08:13,Terça-feira,MANHA,VIAS URBANAS,PUBLICO,RUA JOSE MARTINHO MARTINS,-21.5984378,-48.391188,OUTROS,0,0,0,0,0,0,0,0,0,0,0,8.0,0,0,Sem vítimas,False
1450260,NOTIFICACAO,2019-07-04,2019,7,4,19:59,Quinta-feira,NOITE,VIAS URBANAS,NAO DISPONIVEL,RUA LEANDRO BOCCHI,-21.6191422694,-48.3466832249,OUTROS,0,0,0,0,0,0,0,0,0,0,0,19.0,0,0,Sem vítimas,False
1478756,NOTIFICACAO,2019-07-04,2019,7,4,20:37,Quinta-feira,NOITE,VIAS URBANAS,NAO DISPONIVEL,RUA RUI BARBOSA,-21.6013512637,-48.3682990904,OUTROS,0,0,0,0,0,0,0,0,0,0,0,20.0,0,0,Sem vítimas,False
1905709,NOTIFICACAO,2019-07-04,2019,7,4,07:00,Quinta-feira,MANHA,VIAS URBANAS,NAO DISPONIVEL,RUA SINHARINHA FROTA,-21.613811964,-48.348987283,OUTROS,0,0,0,0,0,0,0,0,0,0,0,7.0,0,0,Sem vítimas,False
1951386,NOTIFICACAO,2019-07-04,2019,7,4,09:10,Quinta-feira,MANHA,VIAS URBANAS,NAO DISPONIVEL,RUA SINHARINHA FROTA,-21.613811964,-48.348987283,OUTROS,0,0,0,0,0,0,0,0,0,0,0,9.0,0,0,Sem vítimas,False
1346103,SINISTRO NAO FATAL,2019-07-06,2019,7,6,14:50,Sábado,TARDE,ESTRADAS E RODOVIAS,PUBLICO,SP 310,-21.536142649,-48.510617842,OUTROS,0,0,1,0,0,0,0,0,0,2,0,14.0,2,1,Com feridos leves,True
1350729,NOTIFICACAO,2019-07-06,2019,7,6,14:55,Sábado,TARDE,VIAS URBANAS,NAO DISPONIVEL,RUA OTONE CORREA,-21.5967771927,-48.3445068235,OUTROS,0,0,0,0,0,0,0,0,0,0,0,14.0,0,0,Sem vítimas,True
1360905,NOTIFICACAO,2019-07-06,2019,7,6,15:05,Sábado,TARDE,VIAS URBANAS,NAO DISPONIVEL,RUA RUI BARBOSA,-21.6013512637,-48.3682990904,NAO DISPONIVEL,0,0,0,0,0,0,0,0,0,0,0,15.0,0,0,Sem vítimas,True
2083024,NOTIFICACAO,2019-07-06,2019,7,6,08:09,Sábado,MANHA,VIAS URBANAS,NAO DISPONIVEL,RUA SINHARINHA FROTA,-21.6047559865,-48.3677316277,OUTROS,0,0,0,0,0,0,0,0,0,0,0,8.0,0,0,Sem vítimas,True
2137932,NOTIFICACAO,2019-07-06,2019,7,6,09:53,Sábado,MANHA,VIAS URBANAS,NAO DISPONIVEL,ALAMEDA DA SAUDADE,-21.5998819952,-48.3736130096,OUTROS,0,0,0,0,0,0,0,0,0,0,0,9.0,0,0,Sem vítimas,True
2179201,NOTIFICACAO,2019-07-06,2019,7,6,10:17,Sábado,MANHA,VIAS URBANAS,NAO DISPONIVEL,RUA SINHARINHA FROTA,-21.6047559865,-48.3677316277,OUTROS,0,0,0,0,0,0,0,0,0,0,0,10.0,0,0,Sem vítimas,True
2259014,NOTIFICACAO,2019-07-06,2019,7,6,13:11,Sábado,TARDE,VIAS URBANAS,NAO DISPONIVEL,RUA SINHARINHA FROTA,-21.6047559865,-48.3677316277,OUTROS,0,0,0,0,0,0,0,0,0,0,0,13.0,0,0,Sem vítimas,True
2362226,NOTIFICACAO,2019-07-06,2019,7,6,09:16,Sábado,MANHA,VIAS URBANAS,NAO DISPONIVEL,RUA SINHARINHA FROTA,-21.6047559865,-48.3677316277,OUTROS,0,0,0,0,0,0,0,0,0,0,0,9.0,0,0,Sem vítimas,True
2370398,NOTIFICACAO,2019-07-06,2019,7,6,12:39,Sábado,TARDE,VIAS URBANAS,NAO DISPONIVEL,RUA CESARIO MOTTA,-21.6056932559,-48.3634673813,OUTROS,0,0,0,0,0,0,0,0,0,0,0,12.0,0,0,Sem vítimas,True
2456373,SINISTRO FATAL,2019-07-08,2019,7,8,19:20,Segunda-feira,NOITE,ESTRADAS E RODOVIAS,PUBLICO,SP 310,-21.5959092016,-48.4373483181,COLISAO,0,0,1,0,1,0,0,1,0,0,0,19.0,1,2,Com óbito,False
1267947,NOTIFICACAO,2019-07-09,2019,7,9,15:49,Terça-feira,TARDE,VIAS URBANAS,PUBLICO,AVENIDA SAO PAULO,-21.5997224244,-48.3511697219,OUTROS,0,0,0,0,0,0,0,0,0,0,0,15.0,0,0,Sem vítimas,False
2109775,NOTIFICACAO,2019-07-10,2019,7,10,13:32,Quarta-feira,TARDE,VIAS URBANAS,PUBLICO,AVENIDA DOUTOR LAERT TABALLO MENDES,-21.598822608,-48.371572988,OUTROS,0,0,0,0,0,0,0,0,0,0,0,13.0,0,0,Sem vítimas,False
2096319,NOTIFICACAO,2019-07-11,2019,7,11,12:21,Quinta-feira,TARDE,VIAS URBANAS,NAO DISPONIVEL,RUA ENZO CASTELANI,-21.593786741,-48.349604643,OUTROS,0,0,0,0,0,0,0,0,0,0,0,12.0,0,0,Sem vítimas,False
2316001,NOTIFICACAO,2019-07-11,2019,7,11,08:16,Quinta-feira,MANHA,VIAS URBANAS,NAO DISPONIVEL,AVENIDA FRANCISCO MASTROPIETRO,-21.5889756002,-48.3572230161,OUTROS,0,0,0,0,0,0,0,0,0,0,0,8.0,0,0,Sem vítimas,False
1372052,NOTIFICACAO,2019-07-12,2019,7,12,17:50,Sexta-feira,TARDE,VIAS URBANAS,NAO DISPONIVEL,RUA RUI BARBOSA,-21.6006509927,-48.3698084622,OUTROS,0,0,0,0,0,0,0,0,0,0,0,17.0,0,0,Sem vítimas,False
1881242,NOTIFICACAO,2019-07-12,2019,7,12,08:06,Sexta-feira,MANHA,VIAS URBANAS,PRIVADO,RUA SINHARINHA FROTA,-21.6140160672,-48.3478820477,OUTROS,0,0,0,0,0,0,0,0,0,0,0,8.0,0,0,Sem vítimas,False
2456415,SINISTRO FATAL,2019-07-12,2019,7,12,05:18,Sexta-feira,MADRUGADA,ESTRADAS E RODOVIAS,PUBLICO,SP 310,-21.6286752548,-48.4058151403,COLISAO,0,0,0,0,2,0,0,1,0,0,0,5.0,1,2,Com óbito,False
1351317,NOTIFICACAO,2019-07-13,2019,7,13,14:10,Sábado,TARDE,VIAS URBANAS,PUBLICO,RUA CASTRO ALVES,-21.5993414866,-48.3603913902,OUTROS,0,0,0,0,0,0,0,0,0,0,0,14.0,0,0,Sem vítimas,True
1616514,NOTIFICACAO,2019-07-13,2019,7,13,18:07,Sábado,NOITE,VIAS URBANAS,NAO DISPONIVEL,RUA SINHARINHA FROTA,-21.6140160672,-48.3478820477,NAO DISPONIVEL,0,0,0,0,0,0,0,0,0,0,0,18.0,0,0,Sem vítimas,True
1943658,SINISTRO NAO FATAL,2019-07-15,2019,7,15,06:10,Segunda-feira,MANHA,ESTRADAS E RODOVIAS,PUBLICO,SP 310,-21.694449638,-48.331760608,OUTROS,0,0,1,0,0,0,0,0,0,1,1,6.0,1,1,Com feridos leves,False
2074160,SINISTRO NAO FATAL,2019-07-15,2019,7,15,10:15,Segunda-feira,MANHA,ESTRADAS E RODOVIAS,PUBLICO,SP 326,-21.590233747,-48.334337378,OUTROS,0,1,0,0,0,0,0,0,1,0,0,10.0,1,1,Com feridos graves,False
2324570,NOTIFICACAO,2019-07-15,2019,7,15,08:53,Segunda-feira,MANHA,VIAS URBANAS,NAO DISPONIVEL,AVENIDA MONTE ALTO,-21.608656499,-48.353908454,OUTROS,0,0,0,0,0,0,0,0,0,0,0,8.0,0,0,Sem vítimas,False
2456428,SINISTRO FATAL,2019-07-15,2019,7,15,21:30,Segunda-feira,NOITE,ESTRADAS E RODOVIAS,PUBLICO,SP 310,-21.6701693634,-48.3620807354,COLISAO,0,0,1,0,1,0,0,2,0,0,0,21.0,2,2,Com óbito,False
1306567,NOTIFICACAO,2019-07-16,2019,7,16,17:26,Terça-feira,TARDE,VIAS URBANAS,NAO DISPONIVEL,ACESSO  SAO LOURENCO DO TURVO,-21.530273973,-48.521937764,NAO DISPONIVEL,0,0,0,0,0,0,0,0,0,0,0,17.0,0,0,Sem vítimas,False
1522171,NOTIFICACAO,2019-07-16,2019,7,16,20:48,Terça-feira,NOITE,VIAS URBANAS,NAO DISPONIVEL,AVENIDA ALAGOAS,-21.5916587357,-48.3463782688,OUTROS,0,0,0,0,0,0,0,0,0,0,0,20.0,0,0,Sem vítimas,False
2329477,NOTIFICACAO,2019-07-16,2019,7,16,06:45,Terça-feira,MANHA,VIAS URBANAS,NAO DISPONIVEL,AVENIDA BALDAN,-21.616147432,-48.3641007743,OUTROS,0,0,0,0,0,0,0,0,0,0,0,6.0,0,0,Sem vítimas,False
1479162,NOTIFICACAO,2019-07-18,2019,7,18,19:18,Quinta-feira,NOITE,VIAS URBANAS,PRIVADO,RUA SINHARINHA FROTA,-21.6140160672,-48.3478820477,OUTROS,0,0,0,0,0,0,0,0,0,0,0,19.0,0,0,Sem vítimas,False
1746708,NOTIFICACAO,2019-07-19,2019,7,19,04:34,Sexta-feira,MADRUGADA,VIAS URBANAS,PRIVADO,RUA SINHARINHA FROTA,-21.6140160672,-48.3478820477,OUTROS,0,0,0,0,0,0,0,0,0,0,0,4.0,0,0,Sem vítimas,False
1543547,NOTIFICACAO,2019-07-20,2019,7,20,16:36,Sábado,TARDE,VIAS URBANAS,PRIVADO,RUA SINHARINHA FROTA,-21.6047559865,-48.3677316277,OUTROS,0,0,0,0,0,0,0,0,0,0,0,16.0,0,0,Sem vítimas,True
1628954,NOTIFICACAO,2019-07-21,2019,7,21,16:46,Domingo,TARDE,VIAS URBANAS,PRIVADO,RUA SINHARINHA FROTA,-21.6140160672,-48.3478820477,OUTROS,0,0,0,0,0,0,0,0,0,0,0,16.0,0,0,Sem vítimas,True
1775232,NOTIFICACAO,2019-07-21,2019,7,21,20:07,Domingo,NOITE,VIAS URBANAS,NAO DISPONIVEL,RUA SINHARINHA FROTA,-21.6047559865,-48.3677316277,NAO DISPONIVEL,0,0,0,0,0,0,0,0,0,0,0,20.0,0,0,Sem vítimas,True
2196198,NOTIFICACAO,2019-07-21,2019,7,21,06:29,Domingo,MANHA,VIAS URBANAS,PUBLICO,AVENIDA BALDAN,-21.6129470283,-48.3710297853,OUTROS,0,0,0,0,0,0,0,0,0,0,0,6.0,0,0,Sem vítimas,True
2316467,NOTIFICACAO,2019-07-21,2019,7,21,18:43,Domingo,NOITE,VIAS URBANAS,NAO DISPONIVEL,AVENIDA QUINZE DE NOVEMBRO,-21.609109055,-48.367580165,OUTROS,0,0,0,0,0,0,0,0,0,0,0,18.0,0,0,Sem vítimas,True
2456506,SINISTRO FATAL,2019-07-21,2019,7,21,15:20,Domingo,TARDE,VIAS URBANAS,PUBLICO,VIA AUGUSTO BAMBOZZI,-21.630508,-48.371884,COLISAO,0,1,1,0,0,0,0,1,0,0,0,15.0,1,2,Com óbito,True
2229154,NOTIFICACAO,2019-07-22,2019,7,22,14:16,Segunda-feira,TARDE,VIAS URBANAS,PUBLICO,AVENIDA SIQUEIRA CAMPOS,-21.599602301,-48.364673446,OUTROS,0,0,0,0,0,0,0,0,0,0,0,14.0,0,0,Sem vítimas,False
2074916,NOTIFICACAO,2019-07-24,2019,7,24,11:27,Quarta-feira,MANHA,VIAS URBANAS,NAO DISPONIVEL,AVENIDA FRANCISCO MALZONI,-21.615089578,-48.363675427,OUTROS,0,0,0,0,0,0,0,0,0,0,0,11.0,0,0,Sem vítimas,False
2084646,NOTIFICACAO,2019-07-24,2019,7,24,13:06,Quarta-feira,TARDE,VIAS URBANAS,NAO DISPONIVEL,RUA SINHARINHA FROTA,-21.613811964,-48.348987283,OUTROS,0,0,0,0,0,0,0,0,0,0,0,13.0,0,0,Sem vítimas,False
1418505,NOTIFICACAO,2019-07-25,2019,7,25,18:27,Quinta-feira,NOITE,VIAS URBANAS,NAO DISPONIVEL,AVENIDA PADRE NELSON ANTONIO ROMAO,-21.615699964,-48.364450648,OUTROS,0,0,0,0,0,0,0,0,0,0,0,18.0,0,0,Sem vítimas,False
1450215,NOTIFICACAO,2019-07-25,2019,7,25,18:42,Quinta-feira,NOITE,VIAS URBANAS,NAO DISPONIVEL,RUA ALEXANDRE DOS SANTOS PIRES,-21.6255873287,-48.3504394966,NAO DISPONIVEL,0,0,0,0,0,0,0,0,0,0,0,18.0,0,0,Sem vítimas,False
1450065,NOTIFICACAO,2019-07-27,2019,7,27,14:39,Sábado,TARDE,VIAS URBANAS,NAO DISPONIVEL,VIA ENGENHEIRO MILCIADES BOTTURA,-21.6210768499,-48.3431950589,OUTROS,0,0,0,0,0,0,0,0,0,0,0,14.0,0,0,Sem vítimas,True
1830926,NOTIFICACAO,2019-07-27,2019,7,27,23:00,Sábado,NOITE,VIAS URBANAS,PUBLICO,RUA SINHARINHA FROTA,-21.6047559865,-48.3677316277,OUTROS,0,0,0,0,0,0,0,0,0,0,0,23.0,0,0,Sem vítimas,True
1823558,NOTIFICACAO,2019-07-28,2019,7,28,00:07,Domingo,MADRUGADA,VIAS URBANAS,PUBLICO,AVENIDA BALDAN,-21.6178333322,-48.3604497373,OUTROS,0,0,0,0,0,0,0,0,0,0,0,0.0,0,0,Sem vítimas,True
1638631,SINISTRO NAO FATAL,2019-07-29,2019,7,29,22:40,Segunda-feira,NOITE,ESTRADAS E RODOVIAS,NAO DISPONIVEL,SP 310,-21.6777986812,-48.3528010144,COLISAO,0,0,0,0,2,0,2,0,1,0,1,22.0,1,4,Com feridos graves,False
2289940,SINISTRO NAO FATAL,2019-07-29,2019,7,29,20:30,Segunda-feira,NOITE,ESTRADAS E RODOVIAS,PUBLICO,SP 326,-21.598294409,-48.3347356215,COLISAO,0,0,0,0,2,0,3,0,1,1,1,20.0,2,5,Com feridos graves,False
1547060,NOTIFICACAO,2019-08-01,2019,8,1,20:04,Quinta-feira,NOITE,VIAS URBANAS,NAO DISPONIVEL,RUA PRUDENTE DE MORAES,-21.602912265,-48.360501579,NAO DISPONIVEL,0,0,0,0,0,0,0,0,0,0,0,20.0,0,0,Sem vítimas,False
2147418,NOTIFICACAO,2019-08-01,2019,8,1,13:15,Quinta-feira,TARDE,VIAS URBANAS,NAO DISPONIVEL,RUA SINHARINHA FROTA,-21.613811964,-48.348987283,OUTROS,0,0,0,0,0,0,0,0,0,0,0,13.0,0,0,Sem vítimas,False
2086915,NOTIFICACAO,2019-08-03,2019,8,3,08:51,Sábado,MANHA,VIAS URBANAS,PRIVADO,RUA SINHARINHA FROTA,-21.6047559865,-48.3677316277,OUTROS,0,0,0,0,0,0,0,0,0,0,0,8.0,0,0,Sem vítimas,True
2173470,NOTIFICACAO,2019-08-03,2019,8,3,10:23,Sábado,MANHA,VIAS URBANAS,PRIVADO,RUA SINHARINHA FROTA,-21.6047559865,-48.3677316277,OUTROS,0,0,0,0,0,0,0,0,0,0,0,10.0,0,0,Sem vítimas,True
1536438,NOTIFICACAO,2019-08-06,2019,8,6,20:35,Terça-feira,NOITE,VIAS URBANAS,NAO DISPONIVEL,RUA SINHARINHA FROTA,-21.6047559865,-48.3677316277,OUTROS,0,0,0,0,0,0,0,0,0,0,0,20.0,0,0,Sem vítimas,False
2133399,NOTIFICACAO,2019-08-07,2019,8,7,12:51,Quarta-feira,TARDE,VIAS URBANAS,PRIVADO,RUA SINHARINHA FROTA,-21.6047559865,-48.3677316277,ATROPELAMENTO,0,0,0,0,0,0,0,0,0,0,0,12.0,0,0,Sem vítimas,False
1341731,NOTIFICACAO,2019-08-08,2019,8,8,16:23,Quinta-feira,TARDE,VIAS URBANAS,NAO DISPONIVEL,RUA SINHARINHA FROTA,-21.6047559865,-48.3677316277,NAO DISPONIVEL,0,0,0,0,0,0,0,0,0,0,0,16.0,0,0,Sem vítimas,False
2152899,NOTIFICACAO,2019-08-08,2019,8,8,13:10,Quinta-feira,TARDE,VIAS URBANAS,NAO DISPONIVEL,RUA CESARIO MOTTA,-21.60658089,-48.361535293,NAO DISPONIVEL,0,0,0,0,0,0,0,0,0,0,0,13.0,0,0,Sem vítimas,False
1645725,NOTIFICACAO,2019-08-09,2019,8,9,20:24,Sexta-feira,NOITE,VIAS URBANAS,NAO DISPONIVEL,AVENIDA SAO PAULO,-21.5979510765,-48.3507035755,NAO DISPONIVEL,0,0,0,0,0,0,0,0,0,0,0,20.0,0,0,Sem vítimas,False
2293922,NOTIFICACAO,2019-08-09,2019,8,9,20:36,Sexta-feira,NOITE,VIAS URBANAS,NAO DISPONIVEL,RUA SAO LOURENCO,-21.5989315057,-48.3666318376,OUTROS,0,0,0,0,0,0,0,0,0,0,0,20.0,0,0,Sem vítimas,False
1647562,NOTIFICACAO,2019-08-10,2019,8,10,17:26,Sábado,TARDE,VIAS URBANAS,PUBLICO,RUA ALEXANDRE DOS SANTOS PIRES,-21.6254373604,-48.3505559968,NAO DISPONIVEL,0,0,0,0,0,0,0,0,0,0,0,17.0,0,0,Sem vítimas,True
1826456,NOTIFICACAO,2019-08-10,2019,8,10,21:49,Sábado,NOITE,VIAS URBANAS,PRIVADO,RUA SINHARINHA FROTA,-21.6140160672,-48.3478820477,OUTROS,0,0,0,0,0,0,0,0,0,0,0,21.0,0,0,Sem vítimas,True
1573854,NOTIFICACAO,2019-08-11,2019,8,11,15:54,Domingo,TARDE,VIAS URBANAS,NAO DISPONIVEL,RUA RUI BARBOSA,-21.6013512637,-48.3682990904,OUTROS,0,0,0,0,0,0,0,0,0,0,0,15.0,0,0,Sem vítimas,True
1834293,NOTIFICACAO,2019-08-11,2019,8,11,22:55,Domingo,NOITE,VIAS URBANAS,NAO DISPONIVEL,RUA SINHARINHA FROTA,-21.6049212874,-48.3673734276,NAO DISPONIVEL,0,0,0,0,0,0,0,0,0,0,0,22.0,0,0,Sem vítimas,True
1720584,NOTIFICACAO,2019-08-12,2019,8,12,23:02,Segunda-feira,NOITE,VIAS URBANAS,PUBLICO,RUA CESARIO MOTTA,-21.603615453,-48.367889632,ATROPELAMENTO,0,0,0,0,0,0,0,0,0,0,0,23.0,0,0,Sem vítimas,False
1472949,NOTIFICACAO,2019-08-13,2019,8,13,18:54,Terça-feira,NOITE,VIAS URBANAS,NAO DISPONIVEL,RUA RUI BARBOSA,-21.6013512637,-48.3682990904,OUTROS,0,0,0,0,0,0,0,0,0,0,0,18.0,0,0,Sem vítimas,False
2077580,NOTIFICACAO,2019-08-13,2019,8,13,12:41,Terça-feira,TARDE,VIAS URBANAS,PRIVADO,AVENIDA ROBERTO GARDINI,-21.5933025327,-48.3760249233,OUTROS,0,0,0,0,0,0,0,0,0,0,0,12.0,0,0,Sem vítimas,False
1542089,SINISTRO NAO FATAL,2019-08-14,2019,8,14,19:50,Quarta-feira,NOITE,ESTRADAS E RODOVIAS,PUBLICO,SP 310,-21.547108941,-48.494680582,OUTROS,0,1,0,0,0,0,0,0,0,1,0,19.0,1,1,Com feridos leves,False
2129504,NOTIFICACAO,2019-08-14,2019,8,14,12:36,Quarta-feira,TARDE,VIAS URBANAS,PUBLICO,AVENIDA MATHIAS DIAS DE TOLEDO,-21.601977779,-48.371374852,OUTROS,0,0,0,0,0,0,0,0,0,0,0,12.0,0,0,Sem vítimas,False
2301935,NOTIFICACAO,2019-08-15,2019,8,15,21:29,Quinta-feira,NOITE,VIAS URBANAS,PUBLICO,VIA CLITO BASTIA,-21.6232782934,-48.3332645186,OUTROS,0,0,0,0,0,0,0,0,0,0,0,21.0,0,0,Sem vítimas,False
1398468,SINISTRO NAO FATAL,2019-08-16,2019,8,16,15:25,Sexta-feira,TARDE,ESTRADAS E RODOVIAS,PUBLICO,SP 310,-21.61049204,-48.42331644,COLISAO,0,0,1,0,1,0,2,0,0,1,1,15.0,1,4,Com feridos leves,False
1689689,NOTIFICACAO,2019-08-16,2019,8,16,00:08,Sexta-feira,MADRUGADA,VIAS URBANAS,PUBLICO,RUA SAO LOURENCO,-21.6012417401,-48.3613227249,OUTROS,0,0,0,0,0,0,0,0,0,0,0,0.0,0,0,Sem vítimas,False
2211722,NOTIFICACAO,2019-08-16,2019,8,16,13:22,Sexta-feira,TARDE,VIAS URBANAS,NAO DISPONIVEL,AVENIDA JOSE DA COSTA FILHO,-21.604908882,-48.377359455,OUTROS,0,0,0,0,0,0,0,0,0,0,0,13.0,0,0,Sem vítimas,False
2272907,SINISTRO NAO FATAL,2019-08-16,2019,8,16,15:05,Sexta-feira,TARDE,ESTRADAS E RODOVIAS,PUBLICO,SP 310,-21.617366072,-48.416703444,OUTROS,0,1,0,0,0,0,0,0,0,1,0,15.0,1,1,Com feridos leves,False
2293694,NOTIFICACAO,2019-08-16,2019,8,16,18:56,Sexta-feira,NOITE,VIAS URBANAS,PUBLICO,RUA SINHARINHA FROTA,-21.6029078652,-48.3717306218,OUTROS,0,0,0,0,0,0,0,0,0,0,0,18.0,0,0,Sem vítimas,False
1467260,NOTIFICACAO,2019-08-17,2019,8,17,00:52,Sábado,MADRUGADA,VIAS URBANAS,PUBLICO,RUA JOSE GONCALVES,-21.6047930654,-48.378330782,OUTROS,0,0,0,0,0,0,0,0,0,0,0,0.0,0,0,Sem vítimas,True
2109656,NOTIFICACAO,2019-08-17,2019,8,17,09:59,Sábado,MANHA,VIAS URBANAS,NAO DISPONIVEL,RUA RUI BARBOSA,-21.6013512637,-48.3682990904,OUTROS,0,0,0,0,0,0,0,0,0,0,0,9.0,0,0,Sem vítimas,True
1566833,NOTIFICACAO,2019-08-18,2019,8,18,15:19,Domingo,TARDE,VIAS URBANAS,PUBLICO,AVENIDA LUDWIG ECKES,-21.594704388,-48.380471243,OUTROS,0,0,0,0,0,0,0,0,0,0,0,15.0,0,0,Sem vítimas,True
2016359,NOTIFICACAO,2019-08-19,2019,8,19,10:09,Segunda-feira,MANHA,VIAS URBANAS,PRIVADO,RUA RUI BARBOSA,-21.6013512637,-48.3682990904,OUTROS,0,0,0,0,0,0,0,0,0,0,0,10.0,0,0,Sem vítimas,False
1814904,NOTIFICACAO,2019-08-21,2019,8,21,07:05,Quarta-feira,MANHA,VIAS URBANAS,PUBLICO,AVENIDA FRANCISCO MASTROPIETRO,-21.5878376891,-48.3587211257,OUTROS,0,0,0,0,0,0,0,0,0,0,0,7.0,0,0,Sem vítimas,False
2076425,NOTIFICACAO,2019-08-21,2019,8,21,13:37,Quarta-feira,TARDE,VIAS URBANAS,PUBLICO,AVENIDA MARLENE DAVID DOS SANTOS,-21.6313211645,-48.3441876316,OUTROS,0,0,0,0,0,0,0,0,0,0,0,13.0,0,0,Sem vítimas,False
2014538,NOTIFICACAO,2019-08-22,2019,8,22,10:05,Quinta-feira,MANHA,VIAS URBANAS,PUBLICO,RUA SINHARINHA FROTA,-21.6140160672,-48.3478820477,OUTROS,0,0,0,0,0,0,0,0,0,0,0,10.0,0,0,Sem vítimas,False
1338737,NOTIFICACAO,2019-08-23,2019,8,23,17:01,Sexta-feira,TARDE,VIAS URBANAS,NAO DISPONIVEL,AVENIDA JOAO MARCHESAN,-21.595601956,-48.370894037,NAO DISPONIVEL,0,0,0,0,0,0,0,0,0,0,0,17.0,0,0,Sem vítimas,False
1598671,NOTIFICACAO,2019-08-23,2019,8,23,20:41,Sexta-feira,NOITE,VIAS URBANAS,NAO DISPONIVEL,AVENIDA ARARAQUARA,-21.616394004,-48.3586842859,OUTROS,0,0,0,0,0,0,0,0,0,0,0,20.0,0,0,Sem vítimas,False
2072795,NOTIFICACAO,2019-08-24,2019,8,24,09:34,Sábado,MANHA,VIAS URBANAS,NAO DISPONIVEL,RUA SINHARINHA FROTA,-21.6047559865,-48.3677316277,OUTROS,0,0,0,0,0,0,0,0,0,0,0,9.0,0,0,Sem vítimas,True
1816827,NOTIFICACAO,2019-08-25,2019,8,25,22:58,Domingo,NOITE,VIAS URBANAS,NAO DISPONIVEL,AVENIDA QUINZE DE NOVEMBRO,-21.6075147077,-48.3666442565,NAO DISPONIVEL,0,0,0,0,0,0,0,0,0,0,0,22.0,0,0,Sem vítimas,True
2235643,NOTIFICACAO,2019-08-26,2019,8,26,14:07,Segunda-feira,TARDE,VIAS URBANAS,PUBLICO,AVENIDA TROLESI,-21.6102702923,-48.3506801729,OUTROS,0,0,0,0,0,0,0,0,0,0,0,14.0,0,0,Sem vítimas,False
2456462,SINISTRO FATAL,2019-08-26,2019,8,26,,Segunda-feira,NAO DISPONIVEL,VIAS URBANAS,PUBLICO,AVENIDA TROLESI,-21.610969,-48.351648,COLISAO,1,0,1,0,0,0,0,1,0,0,0,,1,2,Com óbito,False
2232323,NOTIFICACAO,2019-08-29,2019,8,29,14:30,Quinta-feira,TARDE,VIAS URBANAS,PUBLICO,AVENIDA TROLESI,-21.6102702923,-48.3506801729,OUTROS,0,0,0,0,0,0,0,0,0,0,0,14.0,0,0,Sem vítimas,False
1718253,NOTIFICACAO,2019-08-31,2019,8,31,18:20,Sábado,NOITE,VIAS URBANAS,PRIVADO,DO PESCADORES,-21.6129470283,-48.3710297853,OUTROS,0,0,0,0,0,0,0,0,0,0,0,18.0,0,0,Sem vítimas,True
1736894,NOTIFICACAO,2019-09-01,2019,9,1,20:41,Domingo,NOITE,VIAS URBANAS,PRIVADO,RUA SINHARINHA FROTA,-21.6047559865,-48.3677316277,ATROPELAMENTO,0,0,0,0,0,0,0,0,0,0,0,20.0,0,0,Sem vítimas,True
2151795,NOTIFICACAO,2019-09-03,2019,9,3,15:00,Terça-feira,TARDE,VIAS URBANAS,PUBLICO,RUA RUI BARBOSA,-21.6027515203,-48.3652808186,OUTROS,0,0,0,0,0,0,0,0,0,0,0,15.0,0,0,Sem vítimas,False
1518359,NOTIFICACAO,2019-09-04,2019,9,4,20:42,Quarta-feira,NOITE,VIAS URBANAS,NAO DISPONIVEL,AVENIDA QUINZE DE NOVEMBRO,-21.609109055,-48.367580165,OUTROS,0,0,0,0,0,0,0,0,0,0,0,20.0,0,0,Sem vítimas,False
2089448,NOTIFICACAO,2019-09-04,2019,9,4,11:48,Quarta-feira,MANHA,VIAS URBANAS,PRIVADO,RUA SINHARINHA FROTA,-21.6047559865,-48.3677316277,OUTROS,0,0,0,0,0,0,0,0,0,0,0,11.0,0,0,Sem vítimas,False
2112999,NOTIFICACAO,2019-09-08,2019,9,8,04:14,Domingo,MADRUGADA,VIAS URBANAS,NAO DISPONIVEL,RUA RUI BARBOSA,-21.6013512637,-48.3682990904,OUTROS,0,0,0,0,0,0,0,0,0,0,0,4.0,0,0,Sem vítimas,True
1658116,SINISTRO NAO FATAL,2019-09-09,2019,9,9,22:27,Segunda-feira,NOITE,ESTRADAS E RODOVIAS,PUBLICO,SP 310,-21.637995222,-48.396870657,CHOQUE,0,0,1,0,0,0,0,0,0,1,0,22.0,1,1,Com feridos leves,False
2456352,SINISTRO FATAL,2019-09-10,2019,9,10,05:40,Terça-feira,MADRUGADA,ESTRADAS E RODOVIAS,PUBLICO,SP 310,-21.6219874336,-48.4122497991,COLISAO,0,0,1,0,1,0,0,1,0,0,0,5.0,1,2,Com óbito,False
1565753,NOTIFICACAO,2019-09-11,2019,9,11,19:56,Quarta-feira,NOITE,VIAS URBANAS,NAO DISPONIVEL,AVENIDA TIRADENTES,-21.593276845,-48.356917438,OUTROS,0,0,0,0,0,0,0,0,0,0,0,19.0,0,0,Sem vítimas,False
1928881,NOTIFICACAO,2019-09-11,2019,9,11,08:39,Quarta-feira,MANHA,VIAS URBANAS,PUBLICO,RUA JOSE GONCALVES,-21.6052573071,-48.3744287204,NAO DISPONIVEL,0,0,0,0,0,0,0,0,0,0,0,8.0,0,0,Sem vítimas,False
2003154,SINISTRO NAO FATAL,2019-09-12,2019,9,12,08:53,Quinta-feira,MANHA,ESTRADAS E RODOVIAS,PUBLICO,SP 310,-21.637995222,-48.396870657,OUTROS,0,1,0,0,0,0,0,0,0,1,0,8.0,1,1,Com feridos leves,False
2362634,NOTIFICACAO,2019-09-16,2019,9,16,11:53,Segunda-feira,MANHA,VIAS URBANAS,PUBLICO,RUA CASTRO ALVES,-21.5990602598,-48.3611737862,OUTROS,0,0,0,0,0,0,0,0,0,0,0,11.0,0,0,Sem vítimas,False
1897278,NOTIFICACAO,2019-09-18,2019,9,18,08:23,Quarta-feira,MANHA,VIAS URBANAS,PRIVADO,RUA SINHARINHA FROTA,-21.6029078652,-48.3717306218,OUTROS,0,0,0,0,0,0,0,0,0,0,0,8.0,0,0,Sem vítimas,False
2456917,SINISTRO FATAL,2019-09-19,2019,9,19,13:30,Quinta-feira,TARDE,ESTRADAS E RODOVIAS,PUBLICO,SP 310,-21.582574944,-48.4501809055,COLISAO,0,0,1,0,1,0,0,1,0,0,0,13.0,1,2,Com óbito,False
1299328,NOTIFICACAO,2019-09-20,2019,9,20,15:36,Sexta-feira,TARDE,VIAS URBANAS,PRIVADO,RUA SINHARINHA FROTA,-21.6047559865,-48.3677316277,OUTROS,0,0,0,0,0,0,0,0,0,0,0,15.0,0,0,Sem vítimas,False
1530539,NOTIFICACAO,2019-09-20,2019,9,20,19:22,Sexta-feira,NOITE,VIAS URBANAS,PUBLICO,ALAMEDA DA SAUDADE,-21.6002252497,-48.3728953912,OUTROS,0,0,0,0,0,0,0,0,0,0,0,19.0,0,0,Sem vítimas,False
2057697,NOTIFICACAO,2019-09-20,2019,9,20,11:39,Sexta-feira,MANHA,VIAS URBANAS,PRIVADO,RUA SINHARINHA FROTA,-21.6047559865,-48.3677316277,OUTROS,0,0,0,0,0,0,0,0,0,0,0,11.0,0,0,Sem vítimas,False
2364049,NOTIFICACAO,2019-09-20,2019,9,20,11:45,Sexta-feira,MANHA,VIAS URBANAS,PRIVADO,RUA SINHARINHA FROTA,-21.6047559865,-48.3677316277,OUTROS,0,0,0,0,0,0,0,0,0,0,0,11.0,0,0,Sem vítimas,False
1473155,NOTIFICACAO,2019-09-22,2019,9,22,15:27,Domingo,TARDE,VIAS URBANAS,NAO DISPONIVEL,RUA SINHARINHA FROTA,-21.613811964,-48.348987283,NAO DISPONIVEL,0,0,0,0,0,0,0,0,0,0,0,15.0,0,0,Sem vítimas,True
1475297,NOTIFICACAO,2019-09-24,2019,9,24,19:50,Terça-feira,NOITE,VIAS URBANAS,NAO DISPONIVEL,RUA SAO LOURENCO,-21.603963887,-48.34736346,OUTROS,0,0,0,0,0,0,0,0,0,0,0,19.0,0,0,Sem vítimas,False
1395033,NOTIFICACAO,2019-09-25,2019,9,25,18:50,Quarta-feira,NOITE,VIAS URBANAS,PUBLICO,AVENIDA QUINZE DE NOVEMBRO,-21.5999104731,-48.3625999824,OUTROS,0,0,0,0,0,0,0,0,0,0,0,18.0,0,0,Sem vítimas,False
1882776,NOTIFICACAO,2019-09-26,2019,9,26,08:23,Quinta-feira,MANHA,VIAS URBANAS,PRIVADO,RUA SINHARINHA FROTA,-21.6140160672,-48.3478820477,OUTROS,0,0,0,0,0,0,0,0,0,0,0,8.0,0,0,Sem vítimas,False
1963540,NOTIFICACAO,2019-09-26,2019,9,26,11:05,Quinta-feira,MANHA,VIAS URBANAS,PRIVADO,RUA SINHARINHA FROTA,-21.6047559865,-48.3677316277,OUTROS,0,0,0,0,0,0,0,0,0,0,0,11.0,0,0,Sem vítimas,False
1506330,NOTIFICACAO,2019-09-27,2019,9,27,19:32,Sexta-feira,NOITE,VIAS URBANAS,NAO DISPONIVEL,AVENIDA SAO PAULO,-21.5990686097,-48.3509981842,NAO DISPONIVEL,0,0,0,0,0,0,0,0,0,0,0,19.0,0,0,Sem vítimas,False
2058746,NOTIFICACAO,2019-09-27,2019,9,27,10:49,Sexta-feira,MANHA,VIAS URBANAS,PUBLICO,AVENIDA QUINZE DE NOVEMBRO,-21.6083405929,-48.367074785,OUTROS,0,0,0,0,0,0,0,0,0,0,0,10.0,0,0,Sem vítimas,False
2201272,NOTIFICACAO,2019-09-27,2019,9,27,15:07,Sexta-feira,TARDE,VIAS URBANAS,PUBLICO,AVENIDA BALDAN,-21.6129470283,-48.3710297853,OUTROS,0,0,0,0,0,0,0,0,0,0,0,15.0,0,0,Sem vítimas,False
1475556,SINISTRO NAO FATAL,2019-09-28,2019,9,28,16:00,Sábado,TARDE,ESTRADAS E RODOVIAS,PUBLICO,SP 310,-21.637995222,-48.396870657,COLISAO,0,0,1,0,1,0,0,0,0,2,1,16.0,2,2,Com feridos leves,True
2201189,NOTIFICACAO,2019-09-28,2019,9,28,11:18,Sábado,MANHA,VIAS URBANAS,PUBLICO,AVENIDA DOUTOR LAERT TABALLO MENDES,-21.600637142,-48.372034264,OUTROS,0,0,0,0,0,0,0,0,0,0,0,11.0,0,0,Sem vítimas,True
2242804,NOTIFICACAO,2019-09-28,2019,9,28,12:28,Sábado,TARDE,VIAS URBANAS,PUBLICO,SPINELLI,-21.588688684,-48.372838711,OUTROS,0,0,0,0,0,0,0,0,0,0,0,12.0,0,0,Sem vítimas,True
2301192,NOTIFICACAO,2019-09-28,2019,9,28,21:43,Sábado,NOITE,VIAS URBANAS,NAO DISPONIVEL,AVENIDA PADRE NELSON ANTONIO ROMAO,-21.6071081785,-48.3617241864,OUTROS,0,0,0,0,0,0,0,0,0,0,0,21.0,0,0,Sem vítimas,True
1641691,NOTIFICACAO,2019-10-02,2019,10,2,22:41,Quarta-feira,NOITE,VIAS URBANAS,PUBLICO,RUA FAUSTINO DA SILVA,-21.6052196487,-48.3747435832,OUTROS,0,0,0,0,0,0,0,0,0,0,0,22.0,0,0,Sem vítimas,False
1540118,NOTIFICACAO,2019-10-04,2019,10,4,19:29,Sexta-feira,NOITE,VIAS URBANAS,NAO DISPONIVEL,RUA OTONE CORREA,-21.593586301,-48.356262796,NAO DISPONIVEL,0,0,0,0,0,0,0,0,0,0,0,19.0,0,0,Sem vítimas,False
1527747,NOTIFICACAO,2019-10-05,2019,10,5,14:50,Sábado,TARDE,VIAS URBANAS,PRIVADO,RUA SINHARINHA FROTA,-21.6029078652,-48.3717306218,NAO DISPONIVEL,0,0,0,0,0,0,0,0,0,0,0,14.0,0,0,Sem vítimas,True
1777602,NOTIFICACAO,2019-10-05,2019,10,5,21:08,Sábado,NOITE,VIAS URBANAS,NAO DISPONIVEL,AVENIDA DOUTOR LAERT TABALLO MENDES,-21.6064424794,-48.3730334659,NAO DISPONIVEL,0,0,0,0,0,0,0,0,0,0,0,21.0,0,0,Sem vítimas,True
1807311,NOTIFICACAO,2019-10-05,2019,10,5,23:18,Sábado,NOITE,VIAS URBANAS,NAO DISPONIVEL,RUA SAO LOURENCO,-21.6012417401,-48.3613227249,NAO DISPONIVEL,0,0,0,0,0,0,0,0,0,0,0,23.0,0,0,Sem vítimas,True
2235035,NOTIFICACAO,2019-10-07,2019,10,7,14:20,Segunda-feira,TARDE,VIAS URBANAS,PRIVADO,RUA SINHARINHA FROTA,-21.6047559865,-48.3677316277,NAO DISPONIVEL,0,0,0,0,0,0,0,0,0,0,0,14.0,0,0,Sem vítimas,False
1327956,NOTIFICACAO,2019-10-08,2019,10,8,17:35,Terça-feira,TARDE,VIAS URBANAS,NAO DISPONIVEL,RUA SAO LOURENCO,-21.6012417401,-48.3613227249,OUTROS,0,0,0,0,0,0,0,0,0,0,0,17.0,0,0,Sem vítimas,False
1962097,NOTIFICACAO,2019-10-09,2019,10,9,10:26,Quarta-feira,MANHA,VIAS URBANAS,PUBLICO,VIA CLITO BASTIA,-21.6232782934,-48.3332645186,OUTROS,0,0,0,0,0,0,0,0,0,0,0,10.0,0,0,Sem vítimas,False
2456416,SINISTRO FATAL,2019-10-09,2019,10,9,20:30,Quarta-feira,NOITE,ESTRADAS E RODOVIAS,PUBLICO,SP 326,-21.613398344,-48.335491556,ATROPELAMENTO,0,0,0,0,1,1,0,1,0,0,0,20.0,1,1,Com óbito,False
1902997,NOTIFICACAO,2019-10-10,2019,10,10,08:38,Quinta-feira,MANHA,VIAS URBANAS,NAO DISPONIVEL,AVENIDA DOUTOR LAERT TABALLO MENDES,-21.607344839,-48.372977636,NAO DISPONIVEL,0,0,0,0,0,0,0,0,0,0,0,8.0,0,0,Sem vítimas,False
2162388,NOTIFICACAO,2019-10-11,2019,10,11,12:13,Sexta-feira,TARDE,VIAS URBANAS,NAO DISPONIVEL,AVENIDA QUINZE DE NOVEMBRO,-21.591962589,-48.358337849,OUTROS,0,0,0,0,0,0,0,0,0,0,0,12.0,0,0,Sem vítimas,False
1360049,NOTIFICACAO,2019-10-14,2019,10,14,00:58,Segunda-feira,MADRUGADA,VIAS URBANAS,NAO DISPONIVEL,VIA CAL FISHER,-21.5978743492,-48.3720232213,OUTROS,0,0,0,0,0,0,0,0,0,0,0,0.0,0,0,Sem vítimas,False
1646773,SINISTRO NAO FATAL,2019-10-14,2019,10,14,21:30,Segunda-feira,NOITE,ESTRADAS E RODOVIAS,PUBLICO,SP 310,-21.664348876,-48.369187962,COLISAO,0,0,0,0,2,0,1,0,0,1,1,21.0,1,3,Com feridos leves,False
2356870,NOTIFICACAO,2019-10-14,2019,10,14,10:02,Segunda-feira,MANHA,VIAS URBANAS,NAO DISPONIVEL,RUA DURVAL DE SOUZA,-21.600446813,-48.388036201,NAO DISPONIVEL,0,0,0,0,0,0,0,0,0,0,0,10.0,0,0,Sem vítimas,False
1870896,NOTIFICACAO,2019-10-15,2019,10,15,07:09,Terça-feira,MANHA,VIAS URBANAS,NAO DISPONIVEL,AVENIDA BALDAN,-21.615982148,-48.364458383,NAO DISPONIVEL,0,0,0,0,0,0,0,0,0,0,0,7.0,0,0,Sem vítimas,False
1971863,NOTIFICACAO,2019-10-15,2019,10,15,10:26,Terça-feira,MANHA,VIAS URBANAS,NAO DISPONIVEL,AVENIDA SIQUEIRA CAMPOS,-21.601531407,-48.365685437,NAO DISPONIVEL,0,0,0,0,0,0,0,0,0,0,0,10.0,0,0,Sem vítimas,False
1974746,NOTIFICACAO,2019-10-15,2019,10,15,08:58,Terça-feira,MANHA,VIAS URBANAS,NAO DISPONIVEL,RUA SINHARINHA FROTA,-21.6047559865,-48.3677316277,NAO DISPONIVEL,0,0,0,0,0,0,0,0,0,0,0,8.0,0,0,Sem vítimas,False
2185289,NOTIFICACAO,2019-10-15,2019,10,15,14:19,Terça-feira,TARDE,VIAS URBANAS,NAO DISPONIVEL,RUA SAO LOURENCO,-21.5997439723,-48.3648806724,NAO DISPONIVEL,0,0,0,0,0,0,0,0,0,0,0,14.0,0,0,Sem vítimas,False
1889318,NOTIFICACAO,2019-10-16,2019,10,16,07:00,Quarta-feira,MANHA,VIAS URBANAS,NAO DISPONIVEL,RUA SAO LOURENCO,-21.597274037,-48.3689637736,NAO DISPONIVEL,0,0,0,0,0,0,0,0,0,0,0,7.0,0,0,Sem vítimas,False
2456558,SINISTRO FATAL,2019-10-18,2019,10,18,17:00,Sexta-feira,TARDE,VIAS URBANAS,PUBLICO,RUA ELIAS RAIMUNDO DE BRITO,-21.622418,-48.341193,CHOQUE,0,0,1,0,0,0,0,1,0,0,0,17.0,1,1,Com óbito,False
2102045,NOTIFICACAO,2019-10-19,2019,10,19,08:11,Sábado,MANHA,VIAS URBANAS,NAO DISPONIVEL,RUA SINHARINHA FROTA,-21.6047559865,-48.3677316277,NAO DISPONIVEL,0,0,0,0,0,0,0,0,0,0,0,8.0,0,0,Sem vítimas,True
2156240,NOTIFICACAO,2019-10-20,2019,10,20,07:28,Domingo,MANHA,VIAS URBANAS,NAO DISPONIVEL,ANGELO RAGASSI,-21.5938955894,-48.3733415081,NAO DISPONIVEL,0,0,0,0,0,0,0,0,0,0,0,7.0,0,0,Sem vítimas,True
2258033,NOTIFICACAO,2019-10-20,2019,10,20,10:40,Domingo,MANHA,VIAS URBANAS,NAO DISPONIVEL,RUA JOSE MARTINHO MARTINS,-21.5982893366,-48.389111738,NAO DISPONIVEL,0,0,0,0,0,0,0,0,0,0,0,10.0,0,0,Sem vítimas,True
2219238,NOTIFICACAO,2019-10-21,2019,10,21,14:58,Segunda-feira,TARDE,VIAS URBANAS,PRIVADO,RUA SINHARINHA FROTA,-21.6140160672,-48.3478820477,OUTROS,0,0,0,0,0,0,0,0,0,0,0,14.0,0,0,Sem vítimas,False
2114990,NOTIFICACAO,2019-10-23,2019,10,23,13:21,Quarta-feira,TARDE,VIAS URBANAS,NAO DISPONIVEL,AVENIDA FRANCISCO MASTROPIETRO,-21.5878376891,-48.3587211257,NAO DISPONIVEL,0,0,0,0,0,0,0,0,0,0,0,13.0,0,0,Sem vítimas,False
2014057,NOTIFICACAO,2019-10-24,2019,10,24,09:45,Quinta-feira,MANHA,VIAS URBANAS,NAO DISPONIVEL,RUA JOSE BONIFACIO,-21.6061000389,-48.3603631448,ATROPELAMENTO,0,0,0,0,0,0,0,0,0,0,0,9.0,0,0,Sem vítimas,False
2149300,NOTIFICACAO,2019-10-25,2019,10,25,13:48,Sexta-feira,TARDE,VIAS URBANAS,PUBLICO,AVENIDA BALDAN,-21.614624153,-48.3682112886,OUTROS,0,0,0,0,0,0,0,0,0,0,0,13.0,0,0,Sem vítimas,False
1943744,NOTIFICACAO,2019-10-27,2019,10,27,02:52,Domingo,MADRUGADA,VIAS URBANAS,NAO DISPONIVEL,VIA ORLANDO JOSE SCUTTI,-21.630147658,-48.354131928,NAO DISPONIVEL,0,0,0,0,0,0,0,0,0,0,0,2.0,0,0,Sem vítimas,True
2342188,SINISTRO NAO FATAL,2019-10-28,2019,10,28,11:50,Segunda-feira,MANHA,ESTRADAS E RODOVIAS,PUBLICO,SP 310,-21.603618529,-48.429930025,OUTROS,0,1,0,0,0,0,0,0,0,1,0,11.0,1,1,Com feridos leves,False
1484804,NOTIFICACAO,2019-10-30,2019,10,30,19:01,Quarta-feira,NOITE,VIAS URBANAS,NAO DISPONIVEL,AVENIDA LUDWIG ECKES,-21.582662853,-48.373955088,NAO DISPONIVEL,0,0,0,0,0,0,0,0,0,0,0,19.0,0,0,Sem vítimas,False
1845989,NOTIFICACAO,2019-10-30,2019,10,30,07:08,Quarta-feira,MANHA,VIAS URBANAS,NAO DISPONIVEL,AVENIDA LUDWIG ECKES,-21.5959280816,-48.3811545896,NAO DISPONIVEL,0,0,0,0,0,0,0,0,0,0,0,7.0,0,0,Sem vítimas,False
1878459,NOTIFICACAO,2019-10-30,2019,10,30,08:26,Quarta-feira,MANHA,VIAS URBANAS,NAO DISPONIVEL,RUA SINHARINHA FROTA,-21.6059732863,-48.3651095463,OUTROS,0,0,0,0,0,0,0,0,0,0,0,8.0,0,0,Sem vítimas,False
2011189,NOTIFICACAO,2019-10-30,2019,10,30,09:45,Quarta-feira,MANHA,VIAS URBANAS,NAO DISPONIVEL,AVENIDA PADRE NELSON ANTONIO ROMAO,-21.6080115636,-48.3625076119,OUTROS,0,0,0,0,0,0,0,0,0,0,0,9.0,0,0,Sem vítimas,False
2060306,NOTIFICACAO,2019-10-30,2019,10,30,11:18,Quarta-feira,MANHA,VIAS URBANAS,NAO DISPONIVEL,AVENIDA SIQUEIRA CAMPOS,-21.589907521,-48.359467345,NAO DISPONIVEL,0,0,0,0,0,0,0,0,0,0,0,11.0,0,0,Sem vítimas,False
2099466,NOTIFICACAO,2019-10-30,2019,10,30,11:49,Quarta-feira,MANHA,VIAS URBANAS,NAO DISPONIVEL,AVENIDA BALDAN,-21.6107199406,-48.3758728218,NAO DISPONIVEL,0,0,0,0,0,0,0,0,0,0,0,11.0,0,0,Sem vítimas,False
1721698,NOTIFICACAO,2019-11-01,2019,11,1,22:19,Sexta-feira,NOITE,VIAS URBANAS,NAO DISPONIVEL,AVENIDA DEZ,-21.603198105,-48.389104712,OUTROS,0,0,0,0,0,0,0,0,0,0,0,22.0,0,0,Sem vítimas,False
1734881,SINISTRO NAO FATAL,2019-11-01,2019,11,1,22:27,Sexta-feira,NOITE,VIAS URBANAS,NAO DISPONIVEL,RUA RUI BARBOSA,-21.6011511186,-48.3687304919,CHOQUE,0,0,1,0,0,0,0,0,0,3,1,22.0,3,1,Com feridos leves,False
2257651,NOTIFICACAO,2019-11-01,2019,11,1,14:37,Sexta-feira,TARDE,VIAS URBANAS,NAO DISPONIVEL,RUA SINHARINHA FROTA,-21.6047559865,-48.3677316277,NAO DISPONIVEL,0,0,0,0,0,0,0,0,0,0,0,14.0,0,0,Sem vítimas,False
1548366,NOTIFICACAO,2019-11-02,2019,11,2,14:29,Sábado,TARDE,VIAS URBANAS,NAO DISPONIVEL,AVENIDA ROBERTO GARDINI,-21.5915662657,-48.3768504282,NAO DISPONIVEL,0,0,0,0,0,0,0,0,0,0,0,14.0,0,0,Sem vítimas,True
1840900,NOTIFICACAO,2019-11-02,2019,11,2,01:25,Sábado,MADRUGADA,VIAS URBANAS,NAO DISPONIVEL,RUA SINHARINHA FROTA,-21.613811964,-48.348987283,NAO DISPONIVEL,0,0,0,0,0,0,0,0,0,0,0,1.0,0,0,Sem vítimas,True
1892642,NOTIFICACAO,2019-11-04,2019,11,4,06:55,Segunda-feira,MANHA,VIAS URBANAS,PUBLICO,AVENIDA URBANO PEREIRA AGUIAR,-21.6007298248,-48.3773595561,OUTROS,0,0,0,0,0,0,0,0,0,0,0,6.0,0,0,Sem vítimas,False
2212259,NOTIFICACAO,2019-11-04,2019,11,4,13:53,Segunda-feira,TARDE,VIAS URBANAS,PUBLICO,AVENIDA MARLENE DAVID DOS SANTOS,-21.6313211645,-48.3441876316,NAO DISPONIVEL,0,0,0,0,0,0,0,0,0,0,0,13.0,0,0,Sem vítimas,False
2283771,NOTIFICACAO,2019-11-05,2019,11,5,19:43,Terça-feira,NOITE,VIAS URBANAS,NAO DISPONIVEL,VIA CAL FISHER,-21.590491529,-48.440564943,NAO DISPONIVEL,0,0,0,0,0,0,0,0,0,0,0,19.0,0,0,Sem vítimas,False
1471466,NOTIFICACAO,2019-11-09,2019,11,9,14:47,Sábado,TARDE,VIAS URBANAS,NAO DISPONIVEL,RUA SINHARINHA FROTA,-21.6047559865,-48.3677316277,ATROPELAMENTO,0,0,0,0,0,0,0,0,0,0,0,14.0,0,0,Sem vítimas,True
2456488,SINISTRO FATAL,2019-11-09,2019,11,9,20:15,Sábado,NOITE,VIAS URBANAS,PUBLICO,AVENIDA LUDWIG ECKES,-21.597377,-48.38251,COLISAO,0,1,0,0,1,0,0,1,0,0,0,20.0,1,2,Com óbito,True
1392788,NOTIFICACAO,2019-11-10,2019,11,10,12:05,Domingo,TARDE,VIAS URBANAS,PUBLICO,RUA LUCIANO GANDINI,-21.6052871553,-48.3687774092,OUTROS,0,0,0,0,0,0,0,0,0,0,0,12.0,0,0,Sem vítimas,True
1491470,NOTIFICACAO,2019-11-12,2019,11,12,20:08,Terça-feira,NOITE,VIAS URBANAS,NAO DISPONIVEL,RUA CESARIO MOTTA,-21.6005652725,-48.3744888821,NAO DISPONIVEL,0,0,0,0,0,0,0,0,0,0,0,20.0,0,0,Sem vítimas,False
1776713,NOTIFICACAO,2019-11-12,2019,11,12,06:47,Terça-feira,MANHA,VIAS URBANAS,NAO DISPONIVEL,RUA RUI BARBOSA,-21.6038883622,-48.3628301992,NAO DISPONIVEL,0,0,0,0,0,0,0,0,0,0,0,6.0,0,0,Sem vítimas,False
1365904,NOTIFICACAO,2019-11-14,2019,11,14,17:25,Quinta-feira,TARDE,VIAS URBANAS,NAO DISPONIVEL,RUA SINHARINHA FROTA,-21.6125583149,-48.3514820221,NAO DISPONIVEL,0,0,0,0,0,0,0,0,0,0,0,17.0,0,0,Sem vítimas,False
1390598,NOTIFICACAO,2019-11-14,2019,11,14,17:44,Quinta-feira,TARDE,VIAS URBANAS,NAO DISPONIVEL,RUA JOSE MARTINHO MARTINS,-21.5981146295,-48.3866688114,NAO DISPONIVEL,0,0,0,0,0,0,0,0,0,0,0,17.0,0,0,Sem vítimas,False
2133299,NOTIFICACAO,2019-11-14,2019,11,14,12:15,Quinta-feira,TARDE,VIAS URBANAS,NAO DISPONIVEL,AVENIDA LUDWIG ECKES,-21.5953427926,-48.3808277456,OUTROS,0,0,0,0,0,0,0,0,0,0,0,12.0,0,0,Sem vítimas,False
1979229,NOTIFICACAO,2019-11-20,2019,11,20,07:49,Quarta-feira,MANHA,VIAS URBANAS,NAO DISPONIVEL,AVENIDA VINTE E OITO DE AGOSTO,-21.607778123,-48.365041548,NAO DISPONIVEL,0,0,0,0,0,0,0,0,0,0,0,7.0,0,0,Sem vítimas,False
1361479,NOTIFICACAO,2019-11-22,2019,11,22,17:09,Sexta-feira,TARDE,VIAS URBANAS,NAO DISPONIVEL,AVENIDA SAO PAULO,-21.5997224244,-48.3511697219,NAO DISPONIVEL,0,0,0,0,0,0,0,0,0,0,0,17.0,0,0,Sem vítimas,False
1431938,NOTIFICACAO,2019-11-22,2019,11,22,17:52,Sexta-feira,TARDE,VIAS URBANAS,NAO DISPONIVEL,RUA LINO TREVISAN,-21.6212222956,-48.3510582925,OUTROS,0,0,0,0,0,0,0,0,0,0,0,17.0,0,0,Sem vítimas,False
1893628,NOTIFICACAO,2019-11-22,2019,11,22,07:21,Sexta-feira,MANHA,VIAS URBANAS,PUBLICO,SPINELLI,-21.5886444385,-48.372244581,OUTROS,0,0,0,0,0,0,0,0,0,0,0,7.0,0,0,Sem vítimas,False
1996301,NOTIFICACAO,2019-11-22,2019,11,22,10:15,Sexta-feira,MANHA,VIAS URBANAS,PUBLICO,AVENIDA TROLESI,-21.6102702923,-48.3506801729,OUTROS,0,0,0,0,0,0,0,0,0,0,0,10.0,0,0,Sem vítimas,False
2232775,NOTIFICACAO,2019-11-22,2019,11,22,14:20,Sexta-feira,TARDE,VIAS URBANAS,PUBLICO,RUA FRANCISCO COMELLI,-21.5956886184,-48.3805333777,OUTROS,0,0,0,0,0,0,0,0,0,0,0,14.0,0,0,Sem vítimas,False
1434143,NOTIFICACAO,2019-11-25,2019,11,25,18:11,Segunda-feira,NOITE,VIAS URBANAS,NAO DISPONIVEL,AVENIDA BRASIL,-21.600217125,-48.352825027,NAO DISPONIVEL,0,0,0,0,0,0,0,0,0,0,0,18.0,0,0,Sem vítimas,False
2255041,NOTIFICACAO,2019-11-25,2019,11,25,14:53,Segunda-feira,TARDE,VIAS URBANAS,NAO DISPONIVEL,AVENIDA DOUTOR LAERT TABALLO MENDES,-21.597254946,-48.3715971924,NAO DISPONIVEL,0,0,0,0,0,0,0,0,0,0,0,14.0,0,0,Sem vítimas,False
2252415,NOTIFICACAO,2019-11-26,2019,11,26,15:33,Terça-feira,TARDE,VIAS URBANAS,PUBLICO,AVENIDA CAMPOS SALLES,-21.5982139296,-48.365030633,OUTROS,0,0,0,0,0,0,0,0,0,0,0,15.0,0,0,Sem vítimas,False
1569742,NOTIFICACAO,2019-11-28,2019,11,28,21:03,Quinta-feira,NOITE,VIAS URBANAS,NAO DISPONIVEL,RUA SAO LOURENCO,-21.597274037,-48.3689637736,NAO DISPONIVEL,0,0,0,0,0,0,0,0,0,0,0,21.0,0,0,Sem vítimas,False
1450207,NOTIFICACAO,2019-12-01,2019,12,1,14:08,Domingo,TARDE,VIAS URBANAS,NAO DISPONIVEL,AVENIDA ALBERTO BENASSI,-21.615020307,-48.361328284,OUTROS,0,0,0,0,0,0,0,0,0,0,0,14.0,0,0,Sem vítimas,True
1660182,NOTIFICACAO,2019-12-01,2019,12,1,19:10,Domingo,NOITE,VIAS URBANAS,NAO DISPONIVEL,AVENIDA BALDAN,-21.620473121,-48.354725924,OUTROS,0,0,0,0,0,0,0,0,0,0,0,19.0,0,0,Sem vítimas,True
2285237,NOTIFICACAO,2019-12-01,2019,12,1,14:09,Domingo,TARDE,VIAS URBANAS,PUBLICO,AVENIDA DOUTOR LAERT TABALLO MENDES,-21.605450201,-48.373524573,OUTROS,0,0,0,0,0,0,0,0,0,0,0,14.0,0,0,Sem vítimas,True
1961330,NOTIFICACAO,2019-12-02,2019,12,2,07:47,Segunda-feira,MANHA,VIAS URBANAS,PUBLICO,AVENIDA JOSE DA COSTA FILHO,-21.5976935773,-48.3735600737,OUTROS,0,0,0,0,0,0,0,0,0,0,0,7.0,0,0,Sem vítimas,False
1977425,SINISTRO NAO FATAL,2019-12-03,2019,12,3,09:15,Terça-feira,MANHA,ESTRADAS E RODOVIAS,PUBLICO,SP 310,-21.525165654,-48.52654489,OUTROS,0,1,0,0,0,0,0,0,0,1,0,9.0,1,1,Com feridos leves,False
2272323,NOTIFICACAO,2019-12-03,2019,12,3,18:36,Terça-feira,NOITE,VIAS URBANAS,NAO DISPONIVEL,AVENIDA TROLESI,-21.592015333,-48.341041206,ATROPELAMENTO,0,0,0,0,0,0,0,0,0,0,0,18.0,0,0,Sem vítimas,False
1620189,NOTIFICACAO,2019-12-04,2019,12,4,22:20,Quarta-feira,NOITE,VIAS URBANAS,NAO DISPONIVEL,RUA MAJOR JOAQUIM GABRIEL DE CARVALHO,-21.5955867207,-48.3658200729,NAO DISPONIVEL,0,0,0,0,0,0,0,0,0,0,0,22.0,0,0,Sem vítimas,False
1531176,NOTIFICACAO,2019-12-05,2019,12,5,20:56,Quinta-feira,NOITE,VIAS URBANAS,NAO DISPONIVEL,AVENIDA BALDAN,-21.620473121,-48.354725924,OUTROS,0,0,0,0,0,0,0,0,0,0,0,20.0,0,0,Sem vítimas,False
1694353,NOTIFICACAO,2019-12-07,2019,12,7,18:49,Sábado,NOITE,VIAS URBANAS,NAO DISPONIVEL,AVENIDA PADRE NELSON ANTONIO ROMAO,-21.6064526677,-48.3617975403,OUTROS,0,0,0,0,0,0,0,0,0,0,0,18.0,0,0,Sem vítimas,True
2217829,NOTIFICACAO,2019-12-07,2019,12,7,09:47,Sábado,MANHA,VIAS URBANAS,NAO DISPONIVEL,RUA SINHARINHA FROTA,-21.613811964,-48.348987283,OUTROS,0,0,0,0,0,0,0,0,0,0,0,9.0,0,0,Sem vítimas,True
1510900,NOTIFICACAO,2019-12-08,2019,12,8,21:32,Domingo,NOITE,VIAS URBANAS,NAO DISPONIVEL,AVENIDA TROLESI,-21.592015333,-48.341041206,NAO DISPONIVEL,0,0,0,0,0,0,0,0,0,0,0,21.0,0,0,Sem vítimas,True
1922658,NOTIFICACAO,2019-12-08,2019,12,8,14:42,Domingo,TARDE,VIAS URBANAS,NAO DISPONIVEL,RUA DOMINGOS SIQUITELI,-21.594277626,-48.342238142,OUTROS,0,0,0,0,0,0,0,0,0,0,0,14.0,0,0,Sem vítimas,True
1945744,NOTIFICACAO,2019-12-08,2019,12,8,15:08,Domingo,TARDE,VIAS URBANAS,NAO DISPONIVEL,AVENIDA BALDAN,-21.6202597187,-48.3551785161,OUTROS,0,0,0,0,0,0,0,0,0,0,0,15.0,0,0,Sem vítimas,True
2325633,NOTIFICACAO,2019-12-08,2019,12,8,15:14,Domingo,TARDE,VIAS URBANAS,NAO DISPONIVEL,AVENIDA BALDAN,-21.620473121,-48.354725924,OUTROS,0,0,0,0,0,0,0,0,0,0,0,15.0,0,0,Sem vítimas,True
1683828,SINISTRO NAO FATAL,2019-12-12,2019,12,12,23:00,Quinta-feira,NOITE,ESTRADAS E RODOVIAS,PUBLICO,SP 310,-21.68268773,-48.346908236,OUTROS,0,0,0,0,1,0,0,0,0,1,0,23.0,1,1,Com feridos leves,False
1905059,NOTIFICACAO,2019-12-12,2019,12,12,07:45,Quinta-feira,MANHA,VIAS URBANAS,PUBLICO,AVENIDA ALBERTO BENASSI,-21.6146522676,-48.3591441864,OUTROS,0,0,0,0,0,0,0,0,0,0,0,7.0,0,0,Sem vítimas,False
2166348,NOTIFICACAO,2019-12-12,2019,12,12,14:39,Quinta-feira,TARDE,VIAS URBANAS,PUBLICO,AVENIDA PADRE NELSON ANTONIO ROMAO,-21.6064526677,-48.3617975403,OUTROS,0,0,0,0,0,0,0,0,0,0,0,14.0,0,0,Sem vítimas,False
1567701,NOTIFICACAO,2019-12-13,2019,12,13,19:32,Sexta-feira,NOITE,VIAS URBANAS,NAO DISPONIVEL,RUA SINHARINHA FROTA,-21.613811964,-48.348987283,NAO DISPONIVEL,0,0,0,0,0,0,0,0,0,0,0,19.0,0,0,Sem vítimas,False
1598128,NOTIFICACAO,2019-12-13,2019,12,13,19:06,Sexta-feira,NOITE,VIAS URBANAS,NAO DISPONIVEL,AVENIDA BALDAN,-21.620473121,-48.354725924,OUTROS,0,0,0,0,0,0,0,0,0,0,0,19.0,0,0,Sem vítimas,False
1317046,SINISTRO NAO FATAL,2019-12-14,2019,12,14,07:00,Sábado,MANHA,ESTRADAS E RODOVIAS,PUBLICO,SPA 301/310,-21.613475252,-48.373892182,OUTROS,0,0,0,0,1,0,0,0,0,1,0,7.0,1,1,Com feridos leves,True
1693464,NOTIFICACAO,2019-12-14,2019,12,14,01:12,Sábado,MADRUGADA,VIAS URBANAS,NAO DISPONIVEL,RUA SINHARINHA FROTA,-21.613811964,-48.348987283,OUTROS,0,0,0,0,0,0,0,0,0,0,0,1.0,0,0,Sem vítimas,True
1723533,SINISTRO NAO FATAL,2019-12-14,2019,12,14,19:10,Sábado,NOITE,ESTRADAS E RODOVIAS,PUBLICO,SP 310,-21.644871223,-48.390263372,COLISAO,0,0,2,0,0,0,0,0,0,1,0,19.0,1,2,Com feridos leves,True
1807422,NOTIFICACAO,2019-12-15,2019,12,15,22:34,Domingo,NOITE,VIAS URBANAS,NAO DISPONIVEL,RUA RUI BARBOSA,-21.6013512637,-48.3682990904,OUTROS,0,0,0,0,0,0,0,0,0,0,0,22.0,0,0,Sem vítimas,True
1817591,SINISTRO NAO FATAL,2019-12-15,2019,12,15,20:30,Domingo,NOITE,ESTRADAS E RODOVIAS,PUBLICO,SP 310,-21.569260424,-48.463002354,OUTROS,0,1,0,0,0,0,0,0,0,1,0,20.0,1,1,Com feridos leves,True
1273978,NOTIFICACAO,2019-12-16,2019,12,16,14:03,Segunda-feira,TARDE,VIAS URBANAS,PUBLICO,AVENIDA ARARAQUARA,-21.6134288463,-48.3583039836,OUTROS,0,0,0,0,0,0,0,0,0,0,0,14.0,0,0,Sem vítimas,False
1867225,NOTIFICACAO,2019-12-16,2019,12,16,07:09,Segunda-feira,MANHA,VIAS URBANAS,PUBLICO,AVENIDA LUDWIG ECKES,-21.5956886184,-48.3805333777,OUTROS,0,0,0,0,0,0,0,0,0,0,0,7.0,0,0,Sem vítimas,False
1327509,NOTIFICACAO,2019-12-19,2019,12,19,16:41,Quinta-feira,TARDE,VIAS URBANAS,NAO DISPONIVEL,RUA PIAUI,-21.5996162,-48.345517567,NAO DISPONIVEL,0,0,0,0,0,0,0,0,0,0,0,16.0,0,0,Sem vítimas,False
1621239,NOTIFICACAO,2019-12-20,2019,12,20,19:55,Sexta-feira,NOITE,VIAS URBANAS,NAO DISPONIVEL,AVENIDA TROLESI,-21.6107208573,-48.3505077716,OUTROS,0,0,0,0,0,0,0,0,0,0,0,19.0,0,0,Sem vítimas,False
2247106,NOTIFICACAO,2019-12-20,2019,12,20,14:07,Sexta-feira,TARDE,VIAS URBANAS,PUBLICO,RUA JOSE MARTINHO MARTINS,-21.5978676671,-48.3832165759,OUTROS,0,0,0,0,0,0,0,0,0,0,0,14.0,0,0,Sem vítimas,False
1429266,NOTIFICACAO,2019-12-21,2019,12,21,13:32,Sábado,TARDE,VIAS URBANAS,PRIVADO,RUA SINHARINHA FROTA,-21.6047559865,-48.3677316277,OUTROS,0,0,0,0,0,0,0,0,0,0,0,13.0,0,0,Sem vítimas,True
1560547,NOTIFICACAO,2019-12-21,2019,12,21,16:05,Sábado,TARDE,VIAS URBANAS,PRIVADO,RUA SINHARINHA FROTA,-21.6047559865,-48.3677316277,OUTROS,0,0,0,0,0,0,0,0,0,0,0,16.0,0,0,Sem vítimas,True
1986695,NOTIFICACAO,2019-12-21,2019,12,21,04:23,Sábado,MADRUGADA,VIAS URBANAS,NAO DISPONIVEL,AVENIDA TROLESI,-21.6106566074,-48.3504737057,NAO DISPONIVEL,0,0,0,0,0,0,0,0,0,0,0,4.0,0,0,Sem vítimas,True
1410951,NOTIFICACAO,2019-12-22,2019,12,22,13:09,Domingo,TARDE,VIAS URBANAS,PRIVADO,RUA SINHARINHA FROTA,-21.6140160672,-48.3478820477,OUTROS,0,0,0,0,0,0,0,0,0,0,0,13.0,0,0,Sem vítimas,True
2286516,NOTIFICACAO,2019-12-22,2019,12,22,13:57,Domingo,TARDE,VIAS URBANAS,PRIVADO,RUA SINHARINHA FROTA,-21.6140160672,-48.3478820477,OUTROS,0,0,0,0,0,0,0,0,0,0,0,13.0,0,0,Sem vítimas,True
2246252,NOTIFICACAO,2019-12-24,2019,12,24,12:34,Terça-feira,TARDE,VIAS URBANAS,NAO DISPONIVEL,AVENIDA TROLESI,-21.6102702923,-48.3506801729,OUTROS,0,0,0,0,0,0,0,0,0,0,0,12.0,0,0,Sem vítimas,False
1588555,NOTIFICACAO,2019-12-25,2019,12,25,11:43,Quarta-feira,MANHA,VIAS URBANAS,PUBLICO,AVENIDA QUINZE DE NOVEMBRO,-21.593211426,-48.359006465,OUTROS,0,0,0,0,0,0,0,0,0,0,0,11.0,0,0,Sem vítimas,False
1840905,NOTIFICACAO,2019-12-25,2019,12,25,19:45,Quarta-feira,NOITE,VIAS URBANAS,NAO DISPONIVEL,RUA SINHARINHA FROTA,-21.6100280175,-48.3564623399,NAO DISPONIVEL,0,0,0,0,0,0,0,0,0,0,0,19.0,0,0,Sem vítimas,False
1874116,NOTIFICACAO,2019-12-25,2019,12,25,23:09,Quarta-feira,NOITE,VIAS URBANAS,NAO DISPONIVEL,RUA JOSE GONCALVES,-21.6042159376,-48.3831961795,OUTROS,0,0,0,0,0,0,0,0,0,0,0,23.0,0,0,Sem vítimas,False
1432016,NOTIFICACAO,2019-12-26,2019,12,26,18:46,Quinta-feira,NOITE,VIAS URBANAS,PUBLICO,FRANCISCO MALZONI,-21.610916899,-48.351019514,OUTROS,0,0,0,0,0,0,0,0,0,0,0,18.0,0,0,Sem vítimas,False
1464112,NOTIFICACAO,2019-12-28,2019,12,28,16:41,Sábado,TARDE,VIAS URBANAS,NAO DISPONIVEL,AVENIDA FRANCISCO MASTROPIETRO,-21.5904893185,-48.3541096426,OUTROS,0,0,0,0,0,0,0,0,0,0,0,16.0,0,0,Sem vítimas,True
1362936,NOTIFICACAO,2019-12-30,2019,12,30,16:01,Segunda-feira,TARDE,VIAS URBANAS,PUBLICO,VIA CAL FISHER,-21.5978743492,-48.3720232213,OUTROS,0,0,0,0,0,0,0,0,0,0,0,16.0,0,0,Sem vítimas,False
1863270,NOTIFICACAO,2019-12-30,2019,12,30,02:48,Segunda-feira,MADRUGADA,VIAS URBANAS,NAO DISPONIVEL,RUA SINHARINHA FROTA,-21.6047559865,-48.3677316277,OUTROS,0,0,0,0,0,0,0,0,0,0,0,2.0,0,0,Sem vítimas,False
2113823,NOTIFICACAO,2019-12-30,2019,12,30,10:55,Segunda-feira,MANHA,VIAS URBANAS,PUBLICO,AVENIDA ANIBAL RIBEIRO,-21.6224403652,-48.3418898817,OUTROS,0,0,0,0,0,0,0,0,0,0,0,10.0,0,0,Sem vítimas,False
2237661,NOTIFICACAO,2019-12-30,2019,12,30,14:09,Segunda-feira,TARDE,VIAS URBANAS,PUBLICO,RUA SINHARINHA FROTA,-21.6058747754,-48.3653000427,OUTROS,0,0,0,0,0,0,0,0,0,0,0,14.0,0,0,Sem vítimas,False
2147822,NOTIFICACAO,2020-01-01,2020,1,1,04:08,Quarta-feira,MADRUGADA,VIAS URBANAS,NAO DISPONIVEL,RUA RUI BARBOSA,-21.6013512637,-48.3682990904,OUTROS,0,0,0,0,0,0,0,0,0,0,0,4.0,0,0,Sem vítimas,False
2123306,SINISTRO NAO FATAL,2020-01-02,2020,1,2,13:10,Quinta-feira,TARDE,ESTRADAS E RODOVIAS,PUBLICO,SP 310,-21.603618529,-48.429930025,OUTROS,0,0,1,0,0,0,0,0,0,2,0,13.0,2,1,Com feridos leves,False
2071713,NOTIFICACAO,2020-01-03,2020,1,3,14:19,Sexta-feira,TARDE,VIAS URBANAS,PUBLICO,AVENIDA MARLENE DAVID DOS SANTOS,-21.6273714684,-48.3374461313,OUTROS,0,0,0,0,0,0,0,0,0,0,0,14.0,0,0,Sem vítimas,False
2004764,NOTIFICACAO,2020-01-04,2020,1,4,08:54,Sábado,MANHA,VIAS URBANAS,NAO DISPONIVEL,RUA CASTRO ALVES,-21.598774978,-48.361972703,NAO DISPONIVEL,0,0,0,0,0,0,0,0,0,0,0,8.0,0,0,Sem vítimas,True
2215759,NOTIFICACAO,2020-01-05,2020,1,5,12:10,Domingo,TARDE,VIAS URBANAS,PUBLICO,AVENIDA CAMPOS SALLES,-21.5982139296,-48.365030633,NAO DISPONIVEL,0,0,0,0,0,0,0,0,0,0,0,12.0,0,0,Sem vítimas,True
1900319,NOTIFICACAO,2020-01-06,2020,1,6,07:28,Segunda-feira,MANHA,VIAS URBANAS,PUBLICO,RUA JOAO PESSOA,-21.5987043564,-48.3718326001,OUTROS,0,0,0,0,0,0,0,0,0,0,0,7.0,0,0,Sem vítimas,False
1411750,NOTIFICACAO,2020-01-07,2020,1,7,19:25,Terça-feira,NOITE,VIAS URBANAS,PRIVADO,RUA SINHARINHA FROTA,-21.6047559865,-48.3677316277,OUTROS,0,0,0,0,0,0,0,0,0,0,0,19.0,0,0,Sem vítimas,False
2169388,NOTIFICACAO,2020-01-07,2020,1,7,14:09,Terça-feira,TARDE,VIAS URBANAS,PUBLICO,AVENIDA TROLESI,-21.592015333,-48.341041206,OUTROS,0,0,0,0,0,0,0,0,0,0,0,14.0,0,0,Sem vítimas,False
1320674,NOTIFICACAO,2020-01-08,2020,1,8,17:34,Quarta-feira,TARDE,VIAS URBANAS,NAO DISPONIVEL,AVENIDA QUINZE DE NOVEMBRO,-21.608408305,-48.367109823,OUTROS,0,0,0,0,0,0,0,0,0,0,0,17.0,0,0,Sem vítimas,False
1262130,NOTIFICACAO,2020-01-09,2020,1,9,16:54,Quinta-feira,TARDE,VIAS URBANAS,NAO DISPONIVEL,RUA SAO LOURENCO,-21.597274037,-48.3689637736,OUTROS,0,0,0,0,0,0,0,0,0,0,0,16.0,0,0,Sem vítimas,False
1937780,NOTIFICACAO,2020-01-09,2020,1,9,08:47,Quinta-feira,MANHA,VIAS URBANAS,PUBLICO,RUA RUI BARBOSA,-21.6027515203,-48.3652808186,OUTROS,0,0,0,0,0,0,0,0,0,0,0,8.0,0,0,Sem vítimas,False
1361079,NOTIFICACAO,2020-01-10,2020,1,10,16:55,Sexta-feira,TARDE,VIAS URBANAS,NAO DISPONIVEL,AVENIDA JOAO MARCHESAN,-21.605450201,-48.373524573,OUTROS,0,0,0,0,0,0,0,0,0,0,0,16.0,0,0,Sem vítimas,False
1642732,NOTIFICACAO,2020-01-12,2020,1,12,00:58,Domingo,MADRUGADA,VIAS URBANAS,PUBLICO,AVENIDA BALDAN,-21.610325783,-48.376731053,OUTROS,0,0,0,0,0,0,0,0,0,0,0,0.0,0,0,Sem vítimas,True
2018187,NOTIFICACAO,2020-01-12,2020,1,12,05:43,Domingo,MADRUGADA,VIAS URBANAS,PUBLICO,VIA AUGUSTO BAMBOZZI,-21.610325783,-48.376731053,OUTROS,0,0,0,0,0,0,0,0,0,0,0,5.0,0,0,Sem vítimas,True
2051995,NOTIFICACAO,2020-01-12,2020,1,12,06:51,Domingo,MANHA,VIAS URBANAS,PUBLICO,AVENIDA FRANCISCO MASTROPIETRO,-21.5951272036,-48.3443791167,NAO DISPONIVEL,0,0,0,0,0,0,0,0,0,0,0,6.0,0,0,Sem vítimas,True
1547668,NOTIFICACAO,2020-01-16,2020,1,16,21:02,Quinta-feira,NOITE,VIAS URBANAS,NAO DISPONIVEL,TRABALHADORES,-21.5878376891,-48.3587211257,OUTROS,0,0,0,0,0,0,0,0,0,0,0,21.0,0,0,Sem vítimas,False
1593549,SINISTRO NAO FATAL,2020-01-18,2020,1,18,18:15,Sábado,NOITE,ESTRADAS E RODOVIAS,PUBLICO,SP 326,-21.572329233,-48.333476452,CHOQUE,0,0,1,0,0,0,0,0,3,2,0,18.0,5,1,Com feridos graves,True
1704196,NOTIFICACAO,2020-01-19,2020,1,19,19:21,Domingo,NOITE,VIAS URBANAS,PUBLICO,AVENIDA BALDAN,-21.6177698881,-48.360587779,NAO DISPONIVEL,0,0,0,0,0,0,0,0,0,0,0,19.0,0,0,Sem vítimas,True
1976880,NOTIFICACAO,2020-01-20,2020,1,20,10:03,Segunda-feira,MANHA,VIAS URBANAS,NAO DISPONIVEL,RUA JOSE GONCALVES,-21.6037162511,-48.3876633539,NAO DISPONIVEL,0,0,0,0,0,0,0,0,0,0,0,10.0,0,0,Sem vítimas,False
2240749,NOTIFICACAO,2020-01-20,2020,1,20,14:46,Segunda-feira,TARDE,VIAS URBANAS,NAO DISPONIVEL,RUA SINHARINHA FROTA,-21.6047559865,-48.3677316277,NAO DISPONIVEL,0,0,0,0,0,0,0,0,0,0,0,14.0,0,0,Sem vítimas,False
1361381,NOTIFICACAO,2020-01-24,2020,1,24,17:41,Sexta-feira,TARDE,VIAS URBANAS,NAO DISPONIVEL,AVENIDA TROLESI,-21.6166420244,-48.3540724757,OUTROS,0,0,0,0,0,0,0,0,0,0,0,17.0,0,0,Sem vítimas,False
2127019,NOTIFICACAO,2020-01-24,2020,1,24,12:41,Sexta-feira,TARDE,VIAS URBANAS,PUBLICO,RUA OTONE CORREA,-21.594904519,-48.35260002,OUTROS,0,0,0,0,0,0,0,0,0,0,0,12.0,0,0,Sem vítimas,False
2236954,NOTIFICACAO,2020-01-24,2020,1,24,15:09,Sexta-feira,TARDE,VIAS URBANAS,NAO DISPONIVEL,RUA SINHARINHA FROTA,-21.6047559865,-48.3677316277,OUTROS,0,0,0,0,0,0,0,0,0,0,0,15.0,0,0,Sem vítimas,False
2081446,NOTIFICACAO,2020-01-25,2020,1,25,07:54,Sábado,MANHA,VIAS URBANAS,PUBLICO,RUA CESARIO MOTTA,-21.6043937962,-48.366233106,OUTROS,0,0,0,0,0,0,0,0,0,0,0,7.0,0,0,Sem vítimas,True
2315956,NOTIFICACAO,2020-01-25,2020,1,25,19:00,Sábado,NOITE,VIAS URBANAS,PUBLICO,AVENIDA TROLESI,-21.60854704,-48.3497817,OUTROS,0,0,0,0,0,0,0,0,0,0,0,19.0,0,0,Sem vítimas,True
1399680,NOTIFICACAO,2020-01-28,2020,1,28,18:56,Terça-feira,NOITE,VIAS URBANAS,NAO DISPONIVEL,RUA SINHARINHA FROTA,-21.6136158019,-48.3487592507,OUTROS,0,0,0,0,0,0,0,0,0,0,0,18.0,0,0,Sem vítimas,False
1468405,SINISTRO NAO FATAL,2020-01-31,2020,1,31,02:10,Sexta-feira,MADRUGADA,ESTRADAS E RODOVIAS,PUBLICO,SP 310,-21.676569291,-48.354330966,COLISAO,0,0,0,0,2,0,1,0,0,1,1,2.0,1,3,Com feridos leves,False
1289805,NOTIFICACAO,2020-02-01,2020,2,1,11:49,Sábado,MANHA,VIAS URBANAS,PUBLICO,RUA PEDRO BIGAL,-21.5897782885,-48.3671828476,OUTROS,0,0,0,0,0,0,0,0,0,0,0,11.0,0,0,Sem vítimas,True
1650738,NOTIFICACAO,2020-02-01,2020,2,1,19:33,Sábado,NOITE,VIAS URBANAS,NAO DISPONIVEL,RUA SINHARINHA FROTA,-21.613811964,-48.348987283,OUTROS,0,0,0,0,0,0,0,0,0,0,0,19.0,0,0,Sem vítimas,True
1658831,SINISTRO NAO FATAL,2020-02-02,2020,2,2,17:00,Domingo,TARDE,ESTRADAS E RODOVIAS,PUBLICO,SP 310,-21.530655723,-48.518582787,COLISAO,0,0,1,0,1,0,2,0,0,2,1,17.0,2,4,Com feridos leves,True
1934199,NOTIFICACAO,2020-02-02,2020,2,2,03:13,Domingo,MADRUGADA,VIAS URBANAS,NAO DISPONIVEL,AVENIDA PADRE NELSON ANTONIO ROMAO,-21.615699964,-48.364450648,OUTROS,0,0,0,0,0,0,0,0,0,0,0,3.0,0,0,Sem vítimas,True
2107635,NOTIFICACAO,2020-02-04,2020,2,4,13:59,Terça-feira,TARDE,VIAS URBANAS,PRIVADO,RUA SINHARINHA FROTA,-21.6140160672,-48.3478820477,OUTROS,0,0,0,0,0,0,0,0,0,0,0,13.0,0,0,Sem vítimas,False
2238838,NOTIFICACAO,2020-02-04,2020,2,4,15:24,Terça-feira,TARDE,VIAS URBANAS,PRIVADO,RUA SINHARINHA FROTA,-21.6140160672,-48.3478820477,OUTROS,0,0,0,0,0,0,0,0,0,0,0,15.0,0,0,Sem vítimas,False
1883204,NOTIFICACAO,2020-02-05,2020,2,5,08:10,Quarta-feira,MANHA,VIAS URBANAS,PUBLICO,AVENIDA SALDANHA DA GAMA,-21.5922317312,-48.3640794101,NAO DISPONIVEL,0,0,0,0,0,0,0,0,0,0,0,8.0,0,0,Sem vítimas,False
1341032,NOTIFICACAO,2020-02-06,2020,2,6,17:10,Quinta-feira,TARDE,VIAS URBANAS,NAO DISPONIVEL,RUA SAO LOURENCO,-21.6012417401,-48.3613227249,OUTROS,0,0,0,0,0,0,0,0,0,0,0,17.0,0,0,Sem vítimas,False
1595320,SINISTRO NAO FATAL,2020-02-06,2020,2,6,21:10,Quinta-feira,NOITE,ESTRADAS E RODOVIAS,PUBLICO,SP 310,-21.638025928,-48.34309074,COLISAO,0,0,1,0,1,0,0,0,1,0,1,21.0,1,2,Com feridos graves,False
1574949,NOTIFICACAO,2020-02-07,2020,2,7,20:10,Sexta-feira,NOITE,VIAS URBANAS,NAO DISPONIVEL,AVENIDA TOLEDO MALTA,-21.5971665038,-48.3655787512,NAO DISPONIVEL,0,0,0,0,0,0,0,0,0,0,0,20.0,0,0,Sem vítimas,False
1580043,NOTIFICACAO,2020-02-07,2020,2,7,19:45,Sexta-feira,NOITE,VIAS URBANAS,NAO DISPONIVEL,RUA ARTHUR CECCHETTO,-21.5981296847,-48.3623242292,OUTROS,0,0,0,0,0,0,0,0,0,0,0,19.0,0,0,Sem vítimas,False
1510081,NOTIFICACAO,2020-02-08,2020,2,8,15:31,Sábado,TARDE,VIAS URBANAS,PUBLICO,AVENIDA TROLESI,-21.6102702923,-48.3506801729,OUTROS,0,0,0,0,0,0,0,0,0,0,0,15.0,0,0,Sem vítimas,True
1915660,NOTIFICACAO,2020-02-08,2020,2,8,03:23,Sábado,MADRUGADA,VIAS URBANAS,NAO DISPONIVEL,RUA SINHARINHA FROTA,-21.613811964,-48.348987283,OUTROS,0,0,0,0,0,0,0,0,0,0,0,3.0,0,0,Sem vítimas,True
1551211,NOTIFICACAO,2020-02-09,2020,2,9,15:24,Domingo,TARDE,VIAS URBANAS,NAO DISPONIVEL,AVENIDA SETE DE SETEMBRO,-21.600023033,-48.363775076,OUTROS,0,0,0,0,0,0,0,0,0,0,0,15.0,0,0,Sem vítimas,True
1945516,SINISTRO NAO FATAL,2020-02-12,2020,2,12,08:44,Quarta-feira,MANHA,VIAS URBANAS,PUBLICO,AVENIDA BALDAN,-21.6122966458,-48.3724397955,COLISAO,0,0,2,0,0,0,0,0,0,1,1,8.0,1,2,Com feridos leves,False
1738571,SINISTRO NAO FATAL,2020-02-16,2020,2,16,20:28,Domingo,NOITE,VIAS URBANAS,PUBLICO,RUA SINHARINHA FROTA,-21.60777066,-48.362005165,COLISAO,0,1,1,0,0,0,0,0,0,2,1,20.0,2,2,Com feridos leves,True
2214519,SINISTRO NAO FATAL,2020-02-17,2020,2,17,14:11,Segunda-feira,TARDE,VIAS URBANAS,PRIVADO,RUA SINHARINHA FROTA,-21.6047559865,-48.3677316277,COLISAO,0,1,0,0,0,0,0,0,0,1,0,14.0,1,1,Com feridos leves,False
1418329,SINISTRO NAO FATAL,2020-02-21,2020,2,21,17:20,Sexta-feira,TARDE,VIAS URBANAS,PUBLICO,AVENIDA LUDWIG ECKES,-21.6047559865,-48.3677316277,NAO DISPONIVEL,0,1,0,0,0,0,0,0,0,1,0,17.0,1,1,Com feridos leves,False
1683714,SINISTRO NAO FATAL,2020-02-21,2020,2,21,21:45,Sexta-feira,NOITE,VIAS URBANAS,PUBLICO,AVENIDA MARIA CAMPOS SALTO,-21.5928296499,-48.3666259901,COLISAO,0,0,1,0,0,0,0,0,0,0,1,21.0,0,1,Sem vítimas,False
2180023,SINISTRO NAO FATAL,2020-02-21,2020,2,21,11:40,Sexta-feira,MANHA,VIAS URBANAS,PUBLICO,RUA JOSE GONCALVES,-21.6051416919,-48.3753964093,NAO DISPONIVEL,0,1,0,0,0,0,0,0,0,1,1,11.0,1,1,Com feridos leves,False
2233191,SINISTRO NAO FATAL,2020-02-21,2020,2,21,13:57,Sexta-feira,TARDE,VIAS URBANAS,PUBLICO,RUA ALEXANDRE DOS SANTOS PIRES,-21.6047559865,-48.3677316277,COLISAO,0,1,0,0,0,0,0,0,0,1,0,13.0,1,1,Com feridos leves,False
2246412,SINISTRO NAO FATAL,2020-02-21,2020,2,21,13:26,Sexta-feira,TARDE,VIAS URBANAS,PUBLICO,AVENIDA VINTE E OITO DE AGOSTO,-21.599106701,-48.36104373,COLISAO,0,1,1,0,0,0,0,0,0,1,1,13.0,1,2,Com feridos leves,False
1688063,SINISTRO NAO FATAL,2020-02-22,2020,2,22,19:34,Sábado,NOITE,VIAS URBANAS,PUBLICO,AVENIDA ALDO NICOLUCCI,-21.6005599419,-48.3631240909,COLISAO,0,0,2,0,0,0,0,0,0,1,2,19.0,1,2,Com feridos leves,True
2223577,SINISTRO NAO FATAL,2020-02-22,2020,2,22,10:13,Sábado,MANHA,VIAS URBANAS,PUBLICO,RUA SAO LOURENCO XAV STO ANTONIO,-21.6012417401,-48.3613227249,COLISAO,0,0,2,0,0,0,0,0,0,3,1,10.0,3,2,Com feridos leves,True
1319314,NOTIFICACAO,2020-02-23,2020,2,23,12:07,Domingo,TARDE,VIAS URBANAS,PRIVADO,RUA SINHARINHA FROTA,-21.6047559865,-48.3677316277,OUTROS,0,0,0,0,0,0,0,0,0,0,0,12.0,0,0,Sem vítimas,True
1809158,SINISTRO NAO FATAL,2020-02-23,2020,2,23,21:39,Domingo,NOITE,VIAS URBANAS,PUBLICO,AVENIDA BALDAN X AV TROLESI,-21.6129470283,-48.3710297853,ATROPELAMENTO,0,1,0,0,0,1,0,0,0,2,0,21.0,2,1,Com feridos leves,True
1413428,SINISTRO NAO FATAL,2020-02-24,2020,2,24,16:36,Segunda-feira,TARDE,VIAS URBANAS,PUBLICO,RUA ARMANDO ANTONIO MOCHETTI,-21.5848861951,-48.3733188409,COLISAO,0,1,1,0,0,0,0,0,0,2,1,16.0,2,2,Com feridos leves,False
1993681,SINISTRO NAO FATAL,2020-02-24,2020,2,24,05:30,Segunda-feira,MADRUGADA,ESTRADAS E RODOVIAS,PUBLICO,SP 310,-21.558062293,-48.478732021,OUTROS,0,1,0,0,0,0,0,0,1,1,0,5.0,2,1,Com feridos graves,False
1449653,SINISTRO NAO FATAL,2020-02-26,2020,2,26,01:10,Quarta-feira,MADRUGADA,VIAS URBANAS,PUBLICO,AVENIDA TROLESI,-21.592015333,-48.341041206,CHOQUE,0,0,1,0,0,0,0,0,0,1,1,1.0,1,1,Com feridos leves,False
2014824,SINISTRO NAO FATAL,2020-02-26,2020,2,26,07:54,Quarta-feira,MANHA,VIAS URBANAS,PUBLICO,AV JOSE ESQUETINI X RUA VANDERLEI AP PEREIRA,-21.5906489156,-48.3424712152,COLISAO,0,1,1,0,0,0,0,0,0,1,1,7.0,1,2,Com feridos leves,False
2128372,NOTIFICACAO,2020-02-27,2020,2,27,01:43,Quinta-feira,MADRUGADA,VIAS URBANAS,PRIVADO,RUA SINHARINHA FROTA,-21.6047559865,-48.3677316277,NAO DISPONIVEL,0,0,0,0,0,0,0,0,0,0,0,1.0,0,0,Sem vítimas,False
2148739,SINISTRO NAO FATAL,2020-02-27,2020,2,27,14:11,Quinta-feira,TARDE,VIAS URBANAS,PRIVADO,RUA SINHARINHA FROTA,-21.6047559865,-48.3677316277,COLISAO,0,1,1,0,0,0,0,0,0,1,1,14.0,1,2,Com feridos leves,False
1933393,SINISTRO NAO FATAL,2020-02-29,2020,2,29,04:55,Sábado,MADRUGADA,VIAS URBANAS,PUBLICO,AVENIDA FRANCISCO MASTROPIETRO,-21.5859324365,-48.3637270324,CHOQUE,0,0,1,0,0,0,0,0,0,1,0,4.0,1,1,Com feridos leves,True
1859065,SINISTRO NAO FATAL,2020-03-01,2020,3,1,01:54,Domingo,MADRUGADA,VIAS URBANAS,PUBLICO,RUA BAMBOZZI,-21.607344839,-48.372977636,COLISAO,0,0,2,0,0,0,0,0,0,1,2,1.0,1,2,Com feridos leves,True
2000758,SINISTRO NAO FATAL,2020-03-04,2020,3,4,10:40,Quarta-feira,MANHA,ESTRADAS E RODOVIAS,PUBLICO,SP 310,-21.631116914,-48.403479582,OUTROS,0,0,0,0,1,0,3,0,0,1,1,10.0,1,4,Com feridos leves,False
2252390,SINISTRO NAO FATAL,2020-03-04,2020,3,4,16:13,Quarta-feira,TARDE,VIAS URBANAS,PUBLICO,RUA VICENTE MASTROPIETRO,-21.606142334,-48.369965555,CHOQUE,0,1,0,0,0,0,0,0,0,1,0,16.0,1,1,Com feridos leves,False
2212276,SINISTRO NAO FATAL,2020-03-05,2020,3,5,13:56,Quinta-feira,TARDE,VIAS URBANAS,PUBLICO,RUA SINHARINHA FROTA,-21.6029078652,-48.3717306218,COLISAO,0,1,1,0,0,0,0,0,0,1,2,13.0,1,2,Com feridos leves,False
1488207,SINISTRO NAO FATAL,2020-03-07,2020,3,7,15:01,Sábado,TARDE,VIAS URBANAS,PUBLICO,RUA SÃO LORENÇO X 15 DE NOVEMBRO,-21.6140160672,-48.3478820477,COLISAO,0,1,1,0,0,0,0,0,0,1,1,15.0,1,2,Com feridos leves,True
1709468,SINISTRO NAO FATAL,2020-03-08,2020,3,8,19:31,Domingo,NOITE,VIAS URBANAS,PUBLICO,AVENIDA PADRE NELSON ANTONIO ROMAO,-21.603828044,-48.360729055,COLISAO,0,1,1,0,0,0,0,0,0,1,1,19.0,1,2,Com feridos leves,True
1326593,SINISTRO NAO FATAL,2020-03-11,2020,3,11,17:07,Quarta-feira,TARDE,VIAS URBANAS,PUBLICO,RUA SINHARINHA FROTA,-21.6140160672,-48.3478820477,COLISAO,0,1,0,0,0,0,0,0,0,1,0,17.0,1,1,Com feridos leves,False
2159993,SINISTRO NAO FATAL,2020-03-12,2020,3,12,12:52,Quinta-feira,TARDE,VIAS URBANAS,PUBLICO,AVENIDA CAMPOS SALLES,-21.5966658432,-48.3641570703,COLISAO,0,1,1,0,0,0,0,0,0,1,1,12.0,1,2,Com feridos leves,False
1963255,SINISTRO NAO FATAL,2020-03-13,2020,3,13,08:09,Sexta-feira,MANHA,VIAS URBANAS,PUBLICO,AVENIDA PADRE NELSON ANTONIO ROMAO,-21.6064526677,-48.3617975403,COLISAO,0,1,1,0,0,0,0,0,0,0,2,8.0,0,2,Sem vítimas,False
1422248,SINISTRO NAO FATAL,2020-03-15,2020,3,15,12:30,Domingo,TARDE,VIAS URBANAS,PUBLICO,AVENIDA TOLEDO MALTA,-21.5921979,-48.3641365,COLISAO,0,1,1,0,0,0,0,0,0,1,1,12.0,1,2,Com feridos leves,True
1679224,NOTIFICACAO,2020-03-15,2020,3,15,20:00,Domingo,NOITE,VIAS URBANAS,NAO DISPONIVEL,AVENIDA TROLESI,-21.592015333,-48.341041206,NAO DISPONIVEL,0,0,0,0,0,0,0,0,0,0,0,20.0,0,0,Sem vítimas,True
1747838,SINISTRO NAO FATAL,2020-03-15,2020,3,15,01:02,Domingo,MADRUGADA,VIAS URBANAS,PUBLICO,AVENIDA BALDAN,-21.620473121,-48.354725924,ATROPELAMENTO,0,1,0,0,0,1,0,0,2,0,0,1.0,2,1,Com feridos graves,True
1782888,SINISTRO NAO FATAL,2020-03-15,2020,3,15,19:55,Domingo,NOITE,VIAS URBANAS,PUBLICO,RUA SINHARINHA FROTA,-21.613811964,-48.348987283,COLISAO,0,1,0,0,0,0,0,0,0,1,1,19.0,1,1,Com feridos leves,True
1844728,SINISTRO NAO FATAL,2020-03-15,2020,3,15,21:45,Domingo,NOITE,ESTRADAS E RODOVIAS,PUBLICO,SP 326,-21.6260395,-48.336129046,OUTROS,0,0,0,0,1,0,0,0,1,0,1,21.0,1,1,Com feridos graves,True
2036823,SINISTRO NAO FATAL,2020-03-16,2020,3,16,09:29,Segunda-feira,MANHA,VIAS URBANAS,PUBLICO,RUA SAO LOURENCO,-21.5973819186,-48.3687795561,COLISAO,0,0,2,0,0,0,0,0,0,2,0,9.0,2,2,Com feridos leves,False
2090432,SINISTRO NAO FATAL,2020-03-23,2020,3,23,10:59,Segunda-feira,MANHA,VIAS URBANAS,PUBLICO,AVENIDA PEDRO LAVEZZO,-21.6012417401,-48.3613227249,COLISAO,0,1,1,0,0,0,0,0,0,1,1,10.0,1,2,Com feridos leves,False
2199532,SINISTRO NAO FATAL,2020-03-23,2020,3,23,13:52,Segunda-feira,TARDE,VIAS URBANAS,PUBLICO,RUA SINHARINHA FROTA X AV TROLESI,-21.6029078652,-48.3717306218,CHOQUE,0,0,1,0,0,0,0,0,0,1,0,13.0,1,1,Com feridos leves,False
1522980,NOTIFICACAO,2020-03-27,2020,3,27,18:31,Sexta-feira,NOITE,VIAS URBANAS,NAO DISPONIVEL,RUA SINHARINHA FROTA,-21.613811964,-48.348987283,OUTROS,0,0,0,0,0,0,0,0,0,0,0,18.0,0,0,Sem vítimas,False
1447150,SINISTRO NAO FATAL,2020-03-28,2020,3,28,14:19,Sábado,TARDE,VIAS URBANAS,PUBLICO,AVENIDA ANGELIM RE X AVENIDA LUDWIG ECKES,-21.597256056,-48.382269038,ATROPELAMENTO,0,1,0,0,0,1,0,0,1,1,0,14.0,2,1,Com feridos graves,True
1745999,NOTIFICACAO,2020-03-28,2020,3,28,20:09,Sábado,NOITE,VIAS URBANAS,NAO DISPONIVEL,RUA SAO LOURENCO,-21.601509318,-48.360405153,OUTROS,0,0,0,0,0,0,0,0,0,0,0,20.0,0,0,Sem vítimas,True
1747911,SINISTRO NAO FATAL,2020-03-28,2020,3,28,19:04,Sábado,NOITE,VIAS URBANAS,NAO DISPONIVEL,RUA PEDRO BIGAL,-21.5905568055,-48.3655294234,CHOQUE,0,0,1,0,0,0,0,0,0,1,1,19.0,1,1,Com feridos leves,True
1490182,NOTIFICACAO,2020-03-29,2020,3,29,13:36,Domingo,TARDE,VIAS URBANAS,PUBLICO,VIA CLITO BASTIA,-21.6229314941,-48.3340840348,OUTROS,0,0,0,0,0,0,0,0,0,0,0,13.0,0,0,Sem vítimas,True
1792936,SINISTRO NAO FATAL,2020-04-03,2020,4,3,01:20,Sexta-feira,MADRUGADA,ESTRADAS E RODOVIAS,PUBLICO,SP 310,-21.637995222,-48.396870657,ATROPELAMENTO,0,0,1,0,0,0,0,0,0,0,1,1.0,0,1,Sem vítimas,False
1584124,NOTIFICACAO,2020-04-04,2020,4,4,16:42,Sábado,TARDE,VIAS URBANAS,PUBLICO,RUA CONSTANTINO BASTIA,-21.6035740824,-48.3747100851,OUTROS,0,0,0,0,0,0,0,0,0,0,0,16.0,0,0,Sem vítimas,True
1748963,NOTIFICACAO,2020-04-04,2020,4,4,18:51,Sábado,NOITE,VIAS URBANAS,PUBLICO,AVENIDA MATO GROSSO DO SUL,-21.592501644,-48.344556093,OUTROS,0,0,0,0,0,0,0,0,0,0,0,18.0,0,0,Sem vítimas,True
1802650,SINISTRO NAO FATAL,2020-04-05,2020,4,5,21:19,Domingo,NOITE,VIAS URBANAS,PUBLICO,AVENIDA BALDAN,-21.610325783,-48.376731053,COLISAO,0,0,2,0,0,0,0,0,0,5,1,21.0,5,2,Com feridos leves,True
1540628,SINISTRO NAO FATAL,2020-04-09,2020,4,9,18:55,Quinta-feira,NOITE,VIAS URBANAS,PUBLICO,RUA RUI BARBOSA,-21.6077949278,-48.3550326117,CHOQUE,0,0,2,0,0,0,0,0,0,1,1,18.0,1,2,Com feridos leves,False
1756006,NOTIFICACAO,2020-04-11,2020,4,11,20:37,Sábado,NOITE,VIAS URBANAS,PUBLICO,RUA VITÓRIO PINOTI,-21.613811964,-48.348987283,ATROPELAMENTO,0,0,0,0,0,1,0,0,0,1,0,20.0,1,0,Com feridos leves,True
1826584,NOTIFICACAO,2020-04-12,2020,4,12,20:43,Domingo,NOITE,VIAS URBANAS,PUBLICO,AVENIDA BALDAN,-21.613461616,-48.369914724,OUTROS,0,0,0,0,0,0,0,0,0,0,0,20.0,0,0,Sem vítimas,True
2456286,SINISTRO FATAL,2020-04-12,2020,4,12,00:45,Domingo,MADRUGADA,VIAS URBANAS,PUBLICO,AVENIDA ANTONIO GORGATTI,-21.631442,-48.350732,CHOQUE,0,1,0,0,0,0,0,1,0,0,0,0.0,1,1,Com óbito,True
1385769,SINISTRO NAO FATAL,2020-04-13,2020,4,13,17:11,Segunda-feira,TARDE,VIAS URBANAS,PUBLICO,AVENIDA TAQUARITINGA,-21.61296517,-48.3543560686,COLISAO,0,0,2,0,0,0,0,0,0,2,1,17.0,2,2,Com feridos leves,False
1532325,SINISTRO NAO FATAL,2020-04-13,2020,4,13,17:30,Segunda-feira,TARDE,VIAS URBANAS,PUBLICO,AVENIDA SETE DE SETEMBRO,-21.6045352209,-48.3661964225,COLISAO,0,1,1,0,0,0,0,0,0,1,1,17.0,1,2,Com feridos leves,False
1918593,SINISTRO NAO FATAL,2020-04-14,2020,4,14,08:16,Terça-feira,MANHA,VIAS URBANAS,PUBLICO,AVENIDA QUINZE DE NOVEMBRO,-21.6009608788,-48.3631582924,COLISAO,0,1,1,0,0,0,0,0,0,1,1,8.0,1,2,Com feridos leves,False
1342540,SINISTRO NAO FATAL,2020-04-15,2020,4,15,17:45,Quarta-feira,TARDE,ESTRADAS E RODOVIAS,PUBLICO,SP 326,-21.5897925318,-48.3343206403,ATROPELAMENTO,0,0,0,0,1,1,1,0,0,1,1,17.0,1,2,Com feridos leves,False
2011044,NOTIFICACAO,2020-04-16,2020,4,16,09:56,Quinta-feira,MANHA,VIAS URBANAS,NAO DISPONIVEL,RUA PRUDENTE DE MORAES,-21.601529814,-48.363458962,NAO DISPONIVEL,0,0,0,0,0,0,0,0,0,0,0,9.0,0,0,Sem vítimas,False
1299997,NOTIFICACAO,2020-04-17,2020,4,17,16:11,Sexta-feira,TARDE,VIAS URBANAS,PUBLICO,RUA SINHARINHA FROTA,-21.6047559865,-48.3677316277,NAO DISPONIVEL,0,0,0,0,0,0,0,0,0,0,0,16.0,0,0,Sem vítimas,False
1373572,NOTIFICACAO,2020-04-17,2020,4,17,17:19,Sexta-feira,TARDE,VIAS URBANAS,PUBLICO,AVENIDA PADRE NELSON ANTONIO ROMAO,-21.605622206,-48.361408132,NAO DISPONIVEL,0,0,0,0,0,0,0,0,0,0,0,17.0,0,0,Sem vítimas,False
1638248,NOTIFICACAO,2020-04-17,2020,4,17,21:04,Sexta-feira,NOITE,VIAS URBANAS,NAO DISPONIVEL,AVENIDA PADRE NELSON ANTONIO ROMAO,-21.6064526677,-48.3617975403,NAO DISPONIVEL,0,0,0,0,0,0,0,0,0,0,0,21.0,0,0,Sem vítimas,False
1711363,SINISTRO NAO FATAL,2020-04-18,2020,4,18,19:16,Sábado,NOITE,VIAS URBANAS,PUBLICO,RUA ELIAS RAIMUNDO DE BRITO X AV AURÉLIO DIAS,-21.6231966265,-48.3340619793,OUTROS,0,1,0,0,0,0,0,0,0,2,0,19.0,2,1,Com feridos leves,True
1810190,SINISTRO NAO FATAL,2020-04-19,2020,4,19,19:10,Domingo,NOITE,VIAS URBANAS,PUBLICO,AV FRANCISCO MASTROPIETRO X AV SÃO PAULO,-21.5878376891,-48.3587211257,COLISAO,0,0,3,0,0,0,0,0,0,2,1,19.0,2,3,Com feridos leves,True
2284114,NOTIFICACAO,2020-04-20,2020,4,20,19:31,Segunda-feira,NOITE,VIAS URBANAS,PUBLICO,RUA CESARIO MOTTA,-21.6022053,-48.37089067,OUTROS,0,0,0,0,0,0,0,0,0,0,0,19.0,0,0,Sem vítimas,False
1980452,NOTIFICACAO,2020-04-21,2020,4,21,03:31,Terça-feira,MADRUGADA,VIAS URBANAS,PRIVADO,RUA SINHARINHA FROTA,-21.6047559865,-48.3677316277,OUTROS,0,0,0,0,0,0,0,0,0,0,0,3.0,0,0,Sem vítimas,False
2015056,SINISTRO NAO FATAL,2020-04-21,2020,4,21,06:42,Terça-feira,MANHA,VIAS URBANAS,PUBLICO,RUA SÃO LOURENÇO,-21.5979510765,-48.3507035755,CHOQUE,0,0,1,0,0,0,0,0,0,2,1,6.0,2,1,Com feridos leves,False
2066708,NOTIFICACAO,2020-04-22,2020,4,22,11:10,Quarta-feira,MANHA,VIAS URBANAS,PUBLICO,RUA SAO LOURENCO,-21.597274037,-48.3689637736,OUTROS,0,0,0,0,0,0,0,0,0,0,0,11.0,0,0,Sem vítimas,False
2131075,NOTIFICACAO,2020-04-22,2020,4,22,12:33,Quarta-feira,TARDE,VIAS URBANAS,PRIVADO,RUA SINHARINHA FROTA,-21.613811964,-48.348987283,OUTROS,0,0,0,0,0,0,0,0,0,0,0,12.0,0,0,Sem vítimas,False
1317721,SINISTRO NAO FATAL,2020-04-23,2020,4,23,17:44,Quinta-feira,TARDE,VIAS URBANAS,PUBLICO,RUA SINHARINHA FROTA X TROLESI,-21.602509729,-48.372592075,COLISAO,0,1,1,0,0,0,0,0,0,1,1,17.0,1,2,Com feridos leves,False
1418033,NOTIFICACAO,2020-04-25,2020,4,25,00:02,Sábado,MADRUGADA,VIAS URBANAS,PUBLICO,VIA CLITO BASTIA,-21.622906188,-48.334114007,OUTROS,0,0,0,0,0,0,0,0,0,0,0,0.0,0,0,Sem vítimas,True
1643130,SINISTRO NAO FATAL,2020-04-26,2020,4,26,14:59,Domingo,TARDE,VIAS URBANAS,PUBLICO,AVENIDA DOMINGOS MARIANI,-21.5880457534,-48.3773319146,CHOQUE,0,0,1,0,0,0,0,0,0,1,1,14.0,1,1,Com feridos leves,True
2077132,SINISTRO NAO FATAL,2020-04-26,2020,4,26,03:09,Domingo,MADRUGADA,VIAS URBANAS,PUBLICO,FELIPE TOMAZ GRATO,-21.6042159376,-48.3831961795,CHOQUE,0,0,1,0,0,0,1,0,0,2,1,3.0,2,2,Com feridos leves,True
1414144,SINISTRO NAO FATAL,2020-04-29,2020,4,29,18:47,Quarta-feira,NOITE,VIAS URBANAS,PUBLICO,TRABALHADORES,-21.5904893185,-48.3541096426,CHOQUE,0,1,1,0,0,0,0,0,1,0,1,18.0,1,2,Com feridos graves,False
2149642,SINISTRO NAO FATAL,2020-04-29,2020,4,29,13:20,Quarta-feira,TARDE,VIAS URBANAS,PUBLICO,RUA MAJOR JOAQUIM GABRIEL DE CARVALHO,-21.59632772,-48.364029242,COLISAO,0,0,2,0,0,0,0,0,0,2,0,13.0,2,2,Com feridos leves,False
1376727,SINISTRO NAO FATAL,2020-05-02,2020,5,2,12:11,Sábado,TARDE,VIAS URBANAS,PUBLICO,AVENIDA TROLESI,-21.6102702923,-48.3506801729,COLISAO,0,1,0,0,0,0,0,0,0,1,0,12.0,1,1,Com feridos leves,True
1494898,SINISTRO NAO FATAL,2020-05-02,2020,5,2,13:30,Sábado,TARDE,ESTRADAS E RODOVIAS,PUBLICO,SP 310,-21.576127139,-48.456381646,OUTROS,0,1,0,0,0,0,0,0,0,1,0,13.0,1,1,Com feridos leves,True
1586736,SINISTRO NAO FATAL,2020-05-02,2020,5,2,16:17,Sábado,TARDE,VIAS URBANAS,PUBLICO,RUA SAO LOURENCO,-21.6012417401,-48.3613227249,COLISAO,0,1,1,0,0,0,0,0,0,2,2,16.0,2,2,Com feridos leves,True
1657199,NOTIFICACAO,2020-05-02,2020,5,2,16:47,Sábado,TARDE,VIAS URBANAS,PRIVADO,RUA SINHARINHA FROTA,-21.6140160672,-48.3478820477,OUTROS,0,0,0,0,0,0,0,0,0,0,0,16.0,0,0,Sem vítimas,True
1433683,SINISTRO NAO FATAL,2020-05-04,2020,5,4,18:38,Segunda-feira,NOITE,VIAS URBANAS,PUBLICO,AVENIDA PADRE  NELSON ANTÔNIO ROMÃO,-21.6023977897,-48.3660433075,COLISAO,0,2,0,0,0,0,0,0,1,1,0,18.0,2,2,Com feridos graves,False
2159284,NOTIFICACAO,2020-05-04,2020,5,4,14:02,Segunda-feira,TARDE,VIAS URBANAS,PUBLICO,RUA JOÃO CECHETO,-21.5862584778,-48.3574900253,OUTROS,0,0,0,0,0,0,0,0,0,0,0,14.0,0,0,Sem vítimas,False
2222582,SINISTRO NAO FATAL,2020-05-04,2020,5,4,14:00,Segunda-feira,TARDE,VIAS URBANAS,PUBLICO,SPD 301/310,-21.637995222,-48.396870657,CHOQUE,0,0,0,0,1,0,2,0,0,1,0,14.0,1,3,Com feridos leves,False
1444296,SINISTRO NAO FATAL,2020-05-05,2020,5,5,20:18,Terça-feira,NOITE,VIAS URBANAS,PUBLICO,RUA CONSTANTINO BASTIA,-21.6055907258,-48.3703918924,COLISAO,0,1,0,0,0,0,0,0,0,1,0,20.0,1,1,Com feridos leves,False
2037549,NOTIFICACAO,2020-05-05,2020,5,5,13:35,Terça-feira,TARDE,VIAS URBANAS,PRIVADO,RUA RUI BARBOSA,-21.6013512637,-48.3682990904,OUTROS,0,0,0,0,0,0,0,0,0,0,0,13.0,0,0,Sem vítimas,False
2052397,SINISTRO NAO FATAL,2020-05-06,2020,5,6,11:28,Quarta-feira,MANHA,VIAS URBANAS,PUBLICO,AVENIDA PADRE NELSON ANTONIO ROMAO,-21.603741467,-48.360903873,COLISAO,0,1,0,0,1,0,0,0,0,1,2,11.0,1,2,Com feridos leves,False
1728779,NOTIFICACAO,2020-05-08,2020,5,8,23:49,Sexta-feira,NOITE,VIAS URBANAS,PUBLICO,RUA SINHARINHA FROTA,-21.6047559865,-48.3677316277,CHOQUE,0,0,0,0,0,0,0,0,1,0,1,23.0,1,0,Com feridos graves,False
1890444,SINISTRO NAO FATAL,2020-05-12,2020,5,12,10:01,Terça-feira,MANHA,VIAS URBANAS,PUBLICO,AV ABILIO LAUREANO,-21.5978743492,-48.3720232213,NAO DISPONIVEL,0,0,1,0,0,0,0,0,0,1,1,10.0,1,1,Com feridos leves,False
1372194,NOTIFICACAO,2020-05-13,2020,5,13,18:48,Quarta-feira,NOITE,VIAS URBANAS,NAO DISPONIVEL,AVENIDA SETE DE SETEMBRO,-21.6045352209,-48.3661964225,OUTROS,0,0,0,0,0,0,0,0,0,0,0,18.0,0,0,Sem vítimas,False
1373434,SINISTRO NAO FATAL,2020-05-13,2020,5,13,19:01,Quarta-feira,NOITE,VIAS URBANAS,PUBLICO,VILA MILITARES BOTURA,-21.621612191,-48.342876499,OUTROS,0,0,1,0,0,0,0,0,0,5,0,19.0,5,1,Com feridos leves,False
2067279,NOTIFICACAO,2020-05-13,2020,5,13,13:20,Quarta-feira,TARDE,VIAS URBANAS,PUBLICO,AVENIDA BALDAN,-21.616147432,-48.3641007743,OUTROS,0,0,0,0,0,0,0,0,0,0,0,13.0,0,0,Sem vítimas,False
1691919,NOTIFICACAO,2020-05-16,2020,5,16,18:04,Sábado,NOITE,VIAS URBANAS,PUBLICO,RUA RENATO PICCHI,-21.614247227,-48.365303263,OUTROS,0,0,0,0,0,0,0,0,0,0,0,18.0,0,0,Sem vítimas,True
1696828,NOTIFICACAO,2020-05-16,2020,5,16,18:38,Sábado,NOITE,VIAS URBANAS,PUBLICO,AVENIDA TROLESI,-21.610916899,-48.351019514,OUTROS,0,0,0,0,0,0,0,0,0,0,0,18.0,0,0,Sem vítimas,True
2145613,SINISTRO NAO FATAL,2020-05-16,2020,5,16,08:30,Sábado,MANHA,ESTRADAS E RODOVIAS,PUBLICO,SP 310,-21.637995222,-48.396870657,CHOQUE,0,0,0,0,1,0,3,0,0,1,0,8.0,1,4,Com feridos leves,True
2230013,NOTIFICACAO,2020-05-16,2020,5,16,10:18,Sábado,MANHA,VIAS URBANAS,PRIVADO,AV BENEDITO GONÇALVES DA COSTA,-21.6052573071,-48.3744287204,NAO DISPONIVEL,0,0,0,0,0,0,0,0,0,0,0,10.0,0,0,Sem vítimas,True
2129703,SINISTRO NAO FATAL,2020-05-19,2020,5,19,13:40,Terça-feira,TARDE,VIAS URBANAS,PUBLICO,RUA SINHARINHA FROTA,-21.6047559865,-48.3677316277,COLISAO,0,0,3,0,0,0,0,0,0,1,1,13.0,1,3,Com feridos leves,False
2459239,SINISTRO FATAL,2020-05-19,2020,5,19,07:22,Terça-feira,MANHA,VIAS URBANAS,PUBLICO,AVENIDA FRANCISCO MASTROPIETRO,-21.591403,-48.352678,ATROPELAMENTO,0,0,1,0,0,1,0,1,0,0,0,7.0,1,1,Com óbito,False
2160015,SINISTRO NAO FATAL,2020-05-24,2020,5,24,07:44,Domingo,MANHA,VIAS URBANAS,PRIVADO,PSM LOCAL,-21.6140160672,-48.3478820477,COLISAO,0,1,0,0,0,0,0,0,1,0,0,7.0,1,1,Com feridos graves,True
2077863,SINISTRO NAO FATAL,2020-05-27,2020,5,27,13:37,Quarta-feira,TARDE,VIAS URBANAS,PUBLICO,AVENIDA TROLESI,-21.595763616,-48.343024374,COLISAO,0,1,0,0,1,0,1,0,0,1,1,13.0,1,3,Com feridos leves,False
2243828,NOTIFICACAO,2020-05-27,2020,5,27,17:44,Quarta-feira,TARDE,VIAS URBANAS,NAO DISPONIVEL,RUA CONSTANTINO BASTIA,-21.6036153043,-48.3746204409,OUTROS,0,0,0,0,0,0,0,0,0,0,0,17.0,0,0,Sem vítimas,False
2249604,SINISTRO NAO FATAL,2020-05-29,2020,5,29,17:12,Sexta-feira,TARDE,VIAS URBANAS,PUBLICO,AVENIDA TROLESI,-21.610916899,-48.351019514,COLISAO,0,1,1,0,0,0,0,0,1,0,1,17.0,1,2,Com feridos graves,False
1821660,SINISTRO NAO FATAL,2020-05-30,2020,5,30,21:10,Sábado,NOITE,ESTRADAS E RODOVIAS,PUBLICO,SP 310,-21.547108941,-48.494680582,CHOQUE,0,0,1,0,0,0,0,0,0,1,0,21.0,1,1,Com feridos leves,True
2254170,SINISTRO NAO FATAL,2020-05-30,2020,5,30,11:36,Sábado,MANHA,VIAS URBANAS,PUBLICO,AVENIDA BALDAN,-21.6129470283,-48.3710297853,OUTROS,0,1,0,0,1,0,0,0,0,0,2,11.0,0,2,Sem vítimas,True
1570761,SINISTRO NAO FATAL,2020-05-31,2020,5,31,14:20,Domingo,TARDE,ESTRADAS E RODOVIAS,PUBLICO,SP 310,-21.596747387,-48.436545679,OUTROS,0,1,0,0,0,0,0,0,0,1,0,14.0,1,1,Com feridos leves,True
2102218,SINISTRO NAO FATAL,2020-06-01,2020,6,1,13:51,Segunda-feira,TARDE,VIAS URBANAS,PUBLICO,AVENIDA SAO PAULO,-21.5965567321,-48.3503349421,COLISAO,0,1,1,0,0,0,0,0,0,1,1,13.0,1,2,Com feridos leves,False
1912982,SINISTRO NAO FATAL,2020-06-03,2020,6,3,08:26,Quarta-feira,MANHA,VIAS URBANAS,PUBLICO,AVENIDA ANTHERO QUARESMA,-21.6223345921,-48.3427727775,COLISAO,0,1,1,0,0,0,0,0,0,1,1,8.0,1,2,Com feridos leves,False
2142136,NOTIFICACAO,2020-06-03,2020,6,3,15:33,Quarta-feira,TARDE,VIAS URBANAS,NAO DISPONIVEL,RUA SINHARINHA FROTA,-21.6047559865,-48.3677316277,OUTROS,0,0,0,0,0,0,0,0,0,0,0,15.0,0,0,Sem vítimas,False
2225699,NOTIFICACAO,2020-06-04,2020,6,4,17:25,Quinta-feira,TARDE,VIAS URBANAS,PUBLICO,AVENIDA BALDAN,-21.6154802789,-48.3655441992,OUTROS,0,0,0,0,0,0,0,0,0,0,0,17.0,0,0,Sem vítimas,False
1422402,NOTIFICACAO,2020-06-05,2020,6,5,19:01,Sexta-feira,NOITE,VIAS URBANAS,PUBLICO,RUA SAO LOURENCO,-21.5951158323,-48.3735743699,NAO DISPONIVEL,0,0,0,0,0,0,0,0,0,0,0,19.0,0,0,Sem vítimas,False
1285837,NOTIFICACAO,2020-06-06,2020,6,6,09:22,Sábado,MANHA,VIAS URBANAS,PUBLICO,RUA SAO LOURENCO,-21.603092282,-48.350673344,OUTROS,0,0,0,0,0,0,0,0,0,0,0,9.0,0,0,Sem vítimas,True
1487626,NOTIFICACAO,2020-06-07,2020,6,7,12:55,Domingo,TARDE,VIAS URBANAS,NAO DISPONIVEL,AVENIDA SETE DE SETEMBRO,-21.6045352209,-48.3661964225,NAO DISPONIVEL,0,0,0,0,0,0,0,0,0,0,0,12.0,0,0,Sem vítimas,True
1942656,SINISTRO NAO FATAL,2020-06-08,2020,6,8,07:57,Segunda-feira,MANHA,VIAS URBANAS,PUBLICO,AVENIDA TROLESI,-21.6118120349,-48.3514978355,COLISAO,0,1,1,0,0,0,0,0,0,1,1,7.0,1,2,Com feridos leves,False
2352734,NOTIFICACAO,2020-06-10,2020,6,10,16:28,Quarta-feira,TARDE,VIAS URBANAS,PRIVADO,AVENIDA PADRE NELSON ANTONIO ROMAO,-21.60862488,-48.36266996,OUTROS,0,0,0,0,0,0,0,0,0,0,0,16.0,0,0,Sem vítimas,False
2105010,SINISTRO NAO FATAL,2020-06-11,2020,6,11,10:56,Quinta-feira,MANHA,VIAS URBANAS,PUBLICO,AVENIDA FRANCISCO MASTROPIETRO,-21.5904976308,-48.3540925454,COLISAO,0,1,1,0,0,0,0,0,0,1,1,10.0,1,2,Com feridos leves,False
1406351,SINISTRO NAO FATAL,2020-06-12,2020,6,12,17:08,Sexta-feira,TARDE,VIAS URBANAS,PUBLICO,AVENIDA BALDAN X AV PADRE NELSON ANTONIO ROMÃO,-21.61293903,-48.3710471164,COLISAO,0,1,1,0,0,0,0,0,0,2,1,17.0,2,2,Com feridos leves,False
1711985,SINISTRO NAO FATAL,2020-06-12,2020,6,12,22:01,Sexta-feira,NOITE,VIAS URBANAS,PUBLICO,AVENIDA SAO PAULO,-21.5968649245,-48.3504164207,COLISAO,0,1,0,0,0,0,0,0,1,1,0,22.0,2,1,Com feridos graves,False
2139217,NOTIFICACAO,2020-06-12,2020,6,12,12:35,Sexta-feira,TARDE,VIAS URBANAS,PUBLICO,RUA SAO LOURENCO,-21.5974352692,-48.368221767,NAO DISPONIVEL,0,0,0,0,0,0,0,0,0,0,0,12.0,0,0,Sem vítimas,False
1774103,NOTIFICACAO,2020-06-14,2020,6,14,18:49,Domingo,NOITE,VIAS URBANAS,PUBLICO,AVENIDA ARARAQUARA,-21.616394004,-48.3586842859,OUTROS,0,0,0,0,0,0,0,0,0,0,0,18.0,0,0,Sem vítimas,True
2012522,NOTIFICACAO,2020-06-16,2020,6,16,13:33,Terça-feira,TARDE,VIAS URBANAS,NAO DISPONIVEL,RUA SINHARINHA FROTA,-21.6047559865,-48.3677316277,OUTROS,0,0,0,0,0,0,0,0,0,0,0,13.0,0,0,Sem vítimas,False
2357247,NOTIFICACAO,2020-06-16,2020,6,16,12:22,Terça-feira,TARDE,VIAS URBANAS,NAO DISPONIVEL,RUA SINHARINHA FROTA,-21.60741205,-48.36181531,OUTROS,0,0,0,0,0,0,0,0,0,0,0,12.0,0,0,Sem vítimas,False
1601889,NOTIFICACAO,2020-06-17,2020,6,17,23:27,Quarta-feira,NOITE,VIAS URBANAS,PUBLICO,AVENIDA LUDWIG ECKES,-21.597431219,-48.3815281102,NAO DISPONIVEL,0,0,0,0,0,0,0,0,0,0,0,23.0,0,0,Sem vítimas,False
2005525,SINISTRO NAO FATAL,2020-06-19,2020,6,19,11:41,Sexta-feira,MANHA,VIAS URBANAS,PUBLICO,AVENIDA QUINZE DE NOVEMBRO X RUA SÃO LOURENÇO,-21.6083405929,-48.367074785,COLISAO,0,1,1,0,0,0,0,0,1,0,1,11.0,1,2,Com feridos graves,False
1655855,SINISTRO NAO FATAL,2020-06-20,2020,6,20,17:51,Sábado,TARDE,VIAS URBANAS,PUBLICO,AVENIDA RAIMUNDA RIBEIRO LIMA,-21.6226502371,-48.3436348233,NAO DISPONIVEL,0,0,1,0,0,0,0,0,0,1,1,17.0,1,1,Com feridos leves,True
1684169,SINISTRO NAO FATAL,2020-06-20,2020,6,20,18:38,Sábado,NOITE,VIAS URBANAS,PUBLICO,AVENIDA VINTE E OITO DE AGOSTO,-21.600866137,-48.36197376,COLISAO,0,1,1,0,0,0,0,0,1,0,2,18.0,1,2,Com feridos graves,True
1691811,NOTIFICACAO,2020-06-20,2020,6,20,18:40,Sábado,NOITE,VIAS URBANAS,NAO DISPONIVEL,RUA SAO LOURENCO,-21.603963887,-48.34736346,NAO DISPONIVEL,0,0,0,0,0,0,0,0,0,0,0,18.0,0,0,Sem vítimas,True
1869068,SINISTRO NAO FATAL,2020-06-21,2020,6,21,01:24,Domingo,MADRUGADA,VIAS URBANAS,PUBLICO,AVENIDA SETE DE SETEMBRO,-21.6065950986,-48.3673039816,NAO DISPONIVEL,0,1,2,0,0,0,0,0,0,1,3,1.0,1,3,Com feridos leves,True
1354553,NOTIFICACAO,2020-06-22,2020,6,22,17:36,Segunda-feira,TARDE,VIAS URBANAS,NAO DISPONIVEL,AVENIDA BALDAN,-21.610325783,-48.376731053,OUTROS,0,0,0,0,0,0,0,0,0,0,0,17.0,0,0,Sem vítimas,False
2173579,SINISTRO NAO FATAL,2020-06-23,2020,6,23,16:52,Terça-feira,TARDE,VIAS URBANAS,PUBLICO,RUA SINHARINHA FROTA,-21.6140160672,-48.3478820477,COLISAO,0,1,0,0,0,0,0,0,0,1,0,16.0,1,1,Com feridos leves,False
1925409,SINISTRO NAO FATAL,2020-06-24,2020,6,24,09:17,Quarta-feira,MANHA,VIAS URBANAS,PUBLICO,AVENIDA LUDWIG ECKES,-21.5978022368,-48.3817399033,NAO DISPONIVEL,1,1,0,0,0,0,0,0,1,0,0,9.0,1,2,Com feridos graves,False
1916381,NOTIFICACAO,2020-06-25,2020,6,25,09:38,Quinta-feira,MANHA,VIAS URBANAS,PUBLICO,RUA SINHARINHA FROTA,-21.6140160672,-48.3478820477,ATROPELAMENTO,0,0,0,0,0,1,0,0,0,1,0,9.0,1,0,Com feridos leves,False
1917531,SINISTRO NAO FATAL,2020-06-25,2020,6,25,07:41,Quinta-feira,MANHA,VIAS URBANAS,PUBLICO,RUA SINHARINHA FROTA,-21.6140160672,-48.3478820477,COLISAO,0,1,0,0,0,0,0,0,0,1,0,7.0,1,1,Com feridos leves,False
1894835,NOTIFICACAO,2020-06-26,2020,6,26,06:47,Sexta-feira,MANHA,VIAS URBANAS,PUBLICO,VIA CAL FISHER,-21.598551259,-48.371382087,OUTROS,0,0,0,0,0,0,0,0,0,0,0,6.0,0,0,Sem vítimas,False
1953683,SINISTRO NAO FATAL,2020-06-27,2020,6,27,09:06,Sábado,MANHA,VIAS URBANAS,PRIVADO,RUA SINHARINHA FROTA,-21.6140160672,-48.3478820477,OUTROS,0,1,0,0,0,0,0,0,0,1,0,9.0,1,1,Com feridos leves,True
2364941,SINISTRO NAO FATAL,2020-06-27,2020,6,27,09:57,Sábado,MANHA,VIAS URBANAS,PRIVADO,RUA SINHARINHA FROTA,-21.61401607,-48.34788205,OUTROS,0,1,0,0,0,0,0,0,0,1,0,9.0,1,1,Com feridos leves,True
1715515,NOTIFICACAO,2020-06-28,2020,6,28,18:30,Domingo,NOITE,VIAS URBANAS,NAO DISPONIVEL,RUA RUI BARBOSA,-21.6013512637,-48.3682990904,NAO DISPONIVEL,0,0,0,0,0,0,0,0,0,0,0,18.0,0,0,Sem vítimas,True
1842237,SINISTRO NAO FATAL,2020-06-28,2020,6,28,23:22,Domingo,NOITE,VIAS URBANAS,PUBLICO,RUA RODOLFO TAVARES,-21.6013512637,-48.3682990904,OUTROS,0,1,0,0,0,0,0,0,1,0,1,23.0,1,1,Com feridos graves,True
1281440,NOTIFICACAO,2020-06-29,2020,6,29,17:49,Segunda-feira,TARDE,VIAS URBANAS,NAO DISPONIVEL,RUA SINHARINHA FROTA,-21.6140160672,-48.3478820477,OUTROS,0,0,0,0,0,0,0,0,0,0,0,17.0,0,0,Sem vítimas,False
1882216,SINISTRO NAO FATAL,2020-06-29,2020,6,29,11:02,Segunda-feira,MANHA,VIAS URBANAS,PUBLICO,AVENIDA BALDAN,-21.6129470283,-48.3710297853,COLISAO,0,1,0,0,1,0,0,0,0,1,1,11.0,1,2,Com feridos leves,False
1392580,SINISTRO NAO FATAL,2020-06-30,2020,6,30,20:10,Terça-feira,NOITE,VIAS URBANAS,PUBLICO,FRANCISCO MALZONI,-21.6013512637,-48.3682990904,COLISAO,0,0,1,0,1,0,0,0,0,1,1,20.0,1,2,Com feridos leves,False
1960944,NOTIFICACAO,2020-07-01,2020,7,1,09:50,Quarta-feira,MANHA,VIAS URBANAS,PUBLICO,RUA OTONE CORREA,-21.590743446,-48.363293157,OUTROS,0,0,0,0,0,0,0,0,0,0,0,9.0,0,0,Sem vítimas,False
1330301,SINISTRO NAO FATAL,2020-07-02,2020,7,2,18:52,Quinta-feira,NOITE,VIAS URBANAS,PUBLICO,RUA RUI BARBOSA,-21.6013512637,-48.3682990904,COLISAO,0,0,0,1,1,0,1,0,0,1,1,18.0,1,3,Com feridos leves,False
1399657,SINISTRO NAO FATAL,2020-07-02,2020,7,2,20:03,Quinta-feira,NOITE,VIAS URBANAS,PUBLICO,AVENIDA FRANCISCO MASTROPIETRO X VIA UGERO BALDAN,-21.615089578,-48.363675427,OUTROS,0,1,0,0,1,0,1,0,0,1,0,20.0,1,3,Com feridos leves,False
1551274,NOTIFICACAO,2020-07-02,2020,7,2,23:07,Quinta-feira,NOITE,VIAS URBANAS,PRIVADO,AVENIDA SETE DE SETEMBRO,-21.593402197,-48.360220268,ATROPELAMENTO,0,0,0,0,0,1,0,0,1,0,0,23.0,1,0,Com feridos graves,False
2266711,NOTIFICACAO,2020-07-02,2020,7,2,18:08,Quinta-feira,NOITE,VIAS URBANAS,NAO DISPONIVEL,RUA RUI BARBOSA,-21.60135126,-48.36829909,NAO DISPONIVEL,0,0,0,0,0,0,0,0,0,0,0,18.0,0,0,Sem vítimas,False
1693778,SINISTRO NAO FATAL,2020-07-03,2020,7,3,23:51,Sexta-feira,NOITE,VIAS URBANAS,PUBLICO,AVENIDA BALDAN,-21.6136263106,-48.369557843,COLISAO,0,0,1,0,0,0,1,0,0,1,0,23.0,1,2,Com feridos leves,False
2131198,NOTIFICACAO,2020-07-03,2020,7,3,13:50,Sexta-feira,TARDE,VIAS URBANAS,PRIVADO,RUA SINHARINHA FROTA,-21.6140160672,-48.3478820477,OUTROS,0,0,0,0,0,0,0,0,0,0,0,13.0,0,0,Sem vítimas,False
2151287,SINISTRO NAO FATAL,2020-07-03,2020,7,3,14:21,Sexta-feira,TARDE,VIAS URBANAS,PUBLICO,AVENIDA DOUTOR LAERT TABALLO MENDES,-21.5963778631,-48.3713460666,COLISAO,0,1,1,0,0,0,0,0,0,1,1,14.0,1,2,Com feridos leves,False
2142398,SINISTRO NAO FATAL,2020-07-04,2020,7,4,08:53,Sábado,MANHA,VIAS URBANAS,PUBLICO,RUA PEDRO GUERREIRO,-21.5850268023,-48.3556705893,OUTROS,0,1,1,0,0,0,0,0,0,1,1,8.0,1,2,Com feridos leves,True
1644982,SINISTRO NAO FATAL,2020-07-05,2020,7,5,15:58,Domingo,TARDE,VIAS URBANAS,PUBLICO,AVENIDA BALDAN X AV PD NELSON ANTONIO ROMÃO,-21.6129470283,-48.3710297853,COLISAO,1,0,1,0,0,0,0,0,0,1,1,15.0,1,2,Com feridos leves,True
1769616,SINISTRO NAO FATAL,2020-07-05,2020,7,5,17:53,Domingo,TARDE,VIAS URBANAS,PUBLICO,AVENIDA BALDAN,-21.6129470283,-48.3710297853,COLISAO,0,1,1,0,0,0,0,0,0,1,1,17.0,1,2,Com feridos leves,True
2201769,SINISTRO NAO FATAL,2020-07-07,2020,7,7,15:52,Terça-feira,TARDE,VIAS URBANAS,PUBLICO,AVENIDA TROLESI,-21.6106405449,-48.3504651892,COLISAO,0,0,1,0,0,0,0,0,0,1,0,15.0,1,1,Com feridos leves,False
1481778,SINISTRO NAO FATAL,2020-07-08,2020,7,8,20:27,Quarta-feira,NOITE,VIAS URBANAS,PUBLICO,RUA SEBASTIAO JUNQUEIRA,-21.6320417564,-48.3368442715,CHOQUE,0,0,2,0,0,0,0,0,0,1,1,20.0,1,2,Com feridos leves,False
2084363,SINISTRO NAO FATAL,2020-07-08,2020,7,8,11:44,Quarta-feira,MANHA,VIAS URBANAS,PUBLICO,AVENIDA BALDAN,-21.617214457,-48.362636022,COLISAO,0,1,1,0,0,0,0,0,0,1,1,11.0,1,2,Com feridos leves,False
2258047,NOTIFICACAO,2020-07-08,2020,7,8,16:51,Quarta-feira,TARDE,VIAS URBANAS,PRIVADO,RUA SINHARINHA FROTA,-21.6047559865,-48.3677316277,OUTROS,0,0,0,0,0,0,0,0,0,0,0,16.0,0,0,Sem vítimas,False
1321701,NOTIFICACAO,2020-07-09,2020,7,9,17:52,Quinta-feira,TARDE,VIAS URBANAS,PUBLICO,RUA BAMBOZZI,-21.6093701826,-48.3685659877,OUTROS,0,0,0,0,0,0,0,0,0,0,0,17.0,0,0,Sem vítimas,False
1922529,SINISTRO NAO FATAL,2020-07-09,2020,7,9,06:48,Quinta-feira,MANHA,VIAS URBANAS,PUBLICO,DO TRABALHADOR,-21.5941913969,-48.3735609816,OUTROS,0,1,0,0,0,0,0,0,0,1,1,6.0,1,1,Com feridos leves,False
2153773,SINISTRO NAO FATAL,2020-07-09,2020,7,9,15:10,Quinta-feira,TARDE,VIAS URBANAS,PUBLICO,RUA ELÍAS RAIMUNDO DE BRITO,-21.6190485617,-48.3457802545,COLISAO,0,2,0,0,0,0,0,0,0,2,0,15.0,2,2,Com feridos leves,False
1655639,SINISTRO NAO FATAL,2020-07-11,2020,7,11,17:18,Sábado,TARDE,VIAS URBANAS,PUBLICO,AVENIDA PADRE NELSON ANTONIO ROMAO,-21.6064526677,-48.3617975403,COLISAO,0,0,2,0,0,0,0,0,0,1,2,17.0,1,2,Com feridos leves,True
1814517,NOTIFICACAO,2020-07-11,2020,7,11,21:12,Sábado,NOITE,VIAS URBANAS,PRIVADO,RUA SINHARINHA FROTA,-21.6047559865,-48.3677316277,NAO DISPONIVEL,0,0,0,0,0,0,0,0,0,0,0,21.0,0,0,Sem vítimas,True
1737414,SINISTRO NAO FATAL,2020-07-12,2020,7,12,16:01,Domingo,TARDE,VIAS URBANAS,PUBLICO,AVENIDA BALDAN,-21.6129470283,-48.3710297853,OUTROS,0,0,1,0,0,0,0,0,0,1,0,16.0,1,1,Com feridos leves,True
1892175,SINISTRO NAO FATAL,2020-07-12,2020,7,12,21:19,Domingo,NOITE,VIAS URBANAS,PUBLICO,AVENIDA SETE DE SETEMBRO,-21.593402197,-48.360220268,COLISAO,0,1,0,0,0,0,0,0,0,1,1,21.0,1,1,Com feridos leves,True
1916678,SINISTRO NAO FATAL,2020-07-12,2020,7,12,01:21,Domingo,MADRUGADA,VIAS URBANAS,PUBLICO,RUA ALEXANDRE DOS SANTOS PIRES,-21.6273497904,-48.3490686291,CHOQUE,0,0,1,0,0,0,0,0,0,1,0,1.0,1,1,Com feridos leves,True
1689439,SINISTRO NAO FATAL,2020-07-18,2020,7,18,18:21,Sábado,NOITE,VIAS URBANAS,PUBLICO,RUA OTONE CORREA X AV TROLESI,-21.596972222,-48.343663859,COLISAO,0,1,1,0,0,0,0,0,1,1,2,18.0,2,2,Com feridos graves,True
1830408,SINISTRO NAO FATAL,2020-07-19,2020,7,19,19:51,Domingo,NOITE,VIAS URBANAS,PUBLICO,AVENIDA SETE DE SETEMBRO,-21.6031509454,-48.3654522134,COLISAO,0,1,0,0,0,0,0,0,0,1,0,19.0,1,1,Com feridos leves,True
1394813,SINISTRO NAO FATAL,2020-07-22,2020,7,22,17:30,Quarta-feira,TARDE,ESTRADAS E RODOVIAS,PUBLICO,SP 310,-21.664348876,-48.369187962,OUTROS,0,0,1,0,0,0,0,0,0,1,0,17.0,1,1,Com feridos leves,False
2205514,SINISTRO NAO FATAL,2020-07-24,2020,7,24,15:50,Sexta-feira,TARDE,VIAS URBANAS,PUBLICO,RUA SINHARINHA FROTA,-21.6029078652,-48.3717306218,COLISAO,0,1,2,0,0,0,0,0,0,1,2,15.0,1,3,Com feridos leves,False
1270225,SINISTRO NAO FATAL,2020-07-25,2020,7,25,10:27,Sábado,MANHA,VIAS URBANAS,PRIVADO,RUA SINHARINHA FROTA,-21.6140160672,-48.3478820477,COLISAO,0,1,1,0,0,0,0,0,0,1,1,10.0,1,2,Com feridos leves,True
1508809,SINISTRO NAO FATAL,2020-07-25,2020,7,25,14:22,Sábado,TARDE,VIAS URBANAS,PUBLICO,RUA SEBASTIAO JUNQUEIRA,-21.6320417564,-48.3368442715,CHOQUE,0,0,1,0,0,0,0,0,0,1,1,14.0,1,1,Com feridos leves,True
1866474,SINISTRO NAO FATAL,2020-07-25,2020,7,25,21:44,Sábado,NOITE,VIAS URBANAS,PUBLICO,RUA SINHARINHA FROTA,-21.6047559865,-48.3677316277,ATROPELAMENTO,0,0,1,0,0,1,0,0,0,1,0,21.0,1,1,Com feridos leves,True
2077994,SINISTRO NAO FATAL,2020-07-26,2020,7,26,02:45,Domingo,MADRUGADA,VIAS URBANAS,PUBLICO,AVENIDA PADRE NELSON ANTONIO ROMAO,-21.601617598,-48.360076576,CHOQUE,0,0,1,0,0,0,0,0,0,1,2,2.0,1,1,Com feridos leves,True
1917397,SINISTRO NAO FATAL,2020-07-28,2020,7,28,08:19,Terça-feira,MANHA,VIAS URBANAS,PUBLICO,RUA ALEXANDRE DOS SANTOS PIRES,-21.624496592,-48.351286507,OUTROS,0,1,2,0,0,0,0,0,0,1,2,8.0,1,3,Com feridos leves,False
2221396,SINISTRO NAO FATAL,2020-07-28,2020,7,28,14:30,Terça-feira,TARDE,ESTRADAS E RODOVIAS,PUBLICO,SPA 302/326,-21.6260395,-48.336129046,COLISAO,0,1,1,0,0,0,0,0,0,1,2,14.0,1,2,Com feridos leves,False
2173524,SINISTRO NAO FATAL,2020-07-29,2020,7,29,17:14,Quarta-feira,TARDE,VIAS URBANAS,PUBLICO,AVENIDA PADRE NELSON ANTONIO ROMAO,-21.607326441,-48.362030163,COLISAO,0,1,1,0,0,0,0,0,0,1,1,17.0,1,2,Com feridos leves,False
2195855,SINISTRO NAO FATAL,2020-07-29,2020,7,29,17:04,Quarta-feira,TARDE,VIAS URBANAS,PUBLICO,AVENIDA TAQUARITINGA X RUA ANTONIO BOVO,-21.6134282928,-48.3546044459,COLISAO,0,1,1,0,0,0,0,0,0,1,1,17.0,1,2,Com feridos leves,False
2247546,NOTIFICACAO,2020-07-29,2020,7,29,17:23,Quarta-feira,TARDE,VIAS URBANAS,PRIVADO,RUA SINHARINHA FROTA,-21.6140160672,-48.3478820477,OUTROS,0,0,0,0,0,0,0,0,0,0,0,17.0,0,0,Sem vítimas,False
1578746,SINISTRO NAO FATAL,2020-07-31,2020,7,31,21:40,Sexta-feira,NOITE,VIAS URBANAS,PUBLICO,RUA MARIANA VILELA ANACONI,-21.6027309867,-48.3964156369,CHOQUE,0,1,0,0,0,0,0,0,0,1,1,21.0,1,1,Com feridos leves,False
1352575,SINISTRO NAO FATAL,2020-08-01,2020,8,1,12:22,Sábado,TARDE,VIAS URBANAS,PUBLICO,AVENIDA BALDAN,-21.61293903,-48.3710471164,COLISAO,0,1,1,0,0,0,0,0,0,1,3,12.0,1,2,Com feridos leves,True
1560744,SINISTRO NAO FATAL,2020-08-02,2020,8,2,15:52,Domingo,TARDE,VIAS URBANAS,PUBLICO,RUA SINHARINHA FROTA,-21.6140160672,-48.3478820477,OUTROS,0,1,0,0,0,0,0,0,0,2,0,15.0,2,1,Com feridos leves,True
1673741,SINISTRO NAO FATAL,2020-08-02,2020,8,2,17:38,Domingo,TARDE,VIAS URBANAS,PUBLICO,AVENIDA SAO PAULO,-21.5997224244,-48.3511697219,COLISAO,0,1,1,0,0,0,0,0,0,1,1,17.0,1,2,Com feridos leves,True
2134342,SINISTRO NAO FATAL,2020-08-02,2020,8,2,04:52,Domingo,MADRUGADA,VIAS URBANAS,PUBLICO,AVENIDA TROLESI,-21.6106566074,-48.3504737057,OUTROS,0,0,1,0,0,0,0,0,0,1,0,4.0,1,1,Com feridos leves,True
1952302,NOTIFICACAO,2020-08-03,2020,8,3,06:44,Segunda-feira,MANHA,VIAS URBANAS,PUBLICO,AVENIDA DOUTOR LAERT TABALLO MENDES,-21.600637142,-48.372034264,OUTROS,0,0,0,0,0,0,0,0,0,0,0,6.0,0,0,Sem vítimas,False
2029859,NOTIFICACAO,2020-08-03,2020,8,3,09:39,Segunda-feira,MANHA,VIAS URBANAS,PUBLICO,AVENIDA BALDAN,-21.610325783,-48.376731053,OUTROS,0,0,0,0,0,0,0,0,0,0,0,9.0,0,0,Sem vítimas,False
2059550,SINISTRO NAO FATAL,2020-08-03,2020,8,3,11:54,Segunda-feira,MANHA,VIAS URBANAS,PUBLICO,RUA ELÍAS RAIMUNDO DE BRITO,-21.617847246,-48.3470693227,COLISAO,0,2,0,0,0,0,0,0,0,1,1,11.0,1,2,Com feridos leves,False
1338580,NOTIFICACAO,2020-08-04,2020,8,4,18:58,Terça-feira,NOITE,VIAS URBANAS,PUBLICO,AVENIDA REINALDO ROMANELLI,-21.5862621531,-48.3568431934,OUTROS,0,0,0,0,0,0,0,0,0,0,0,18.0,0,0,Sem vítimas,False
1926937,NOTIFICACAO,2020-08-04,2020,8,4,09:06,Terça-feira,MANHA,VIAS URBANAS,PRIVADO,RUA SINHARINHA FROTA,-21.6140160672,-48.3478820477,OUTROS,0,0,0,0,0,0,0,0,0,0,0,9.0,0,0,Sem vítimas,False
1327165,SINISTRO NAO FATAL,2020-08-05,2020,8,5,18:45,Quarta-feira,NOITE,VIAS URBANAS,PUBLICO,AVENIDA SETE DE SETEMBRO,-21.593402197,-48.360220268,COLISAO,0,1,1,0,0,0,0,0,0,1,1,18.0,1,2,Com feridos leves,False
1309691,NOTIFICACAO,2020-08-07,2020,8,7,17:30,Sexta-feira,TARDE,VIAS URBANAS,NAO DISPONIVEL,AVENIDA PADRE NELSON ANTONIO ROMAO,-21.6021375183,-48.3603738362,ATROPELAMENTO,0,0,0,0,0,0,0,0,0,0,0,17.0,0,0,Sem vítimas,False
1903737,SINISTRO NAO FATAL,2020-08-07,2020,8,7,08:55,Sexta-feira,MANHA,VIAS URBANAS,PUBLICO,RUA SAO LOURENCO,-21.6009634529,-48.3622485417,COLISAO,0,1,1,0,1,0,0,0,0,1,2,8.0,1,3,Com feridos leves,False
1981401,SINISTRO NAO FATAL,2020-08-11,2020,8,11,10:28,Terça-feira,MANHA,VIAS URBANAS,PUBLICO,AV DOUTOR LAERT TABALLO MENDES X R CESARIO MOTA,-21.5963778631,-48.3713460666,COLISAO,0,1,1,0,0,0,0,0,0,1,1,10.0,1,2,Com feridos leves,False
1472550,NOTIFICACAO,2020-08-12,2020,8,12,19:54,Quarta-feira,NOITE,VIAS URBANAS,PUBLICO,AVENIDA SETE DE SETEMBRO,-21.6045352209,-48.3661964225,ATROPELAMENTO,0,0,0,0,0,0,0,0,0,0,0,19.0,0,0,Sem vítimas,False
1303814,SINISTRO NAO FATAL,2020-08-13,2020,8,13,17:01,Quinta-feira,TARDE,VIAS URBANAS,PUBLICO,AVENIDA MARLENE DAVID DOS SANTOS,-21.6267989028,-48.3364688487,CHOQUE,0,2,0,0,0,0,0,0,1,1,0,17.0,2,2,Com feridos graves,False
1540929,SINISTRO NAO FATAL,2020-08-14,2020,8,14,19:57,Sexta-feira,NOITE,VIAS URBANAS,PUBLICO,AVENIDA QUINZE DE NOVEMBRO,-21.6083405929,-48.367074785,COLISAO,0,1,0,0,0,0,1,0,1,0,1,19.0,1,2,Com feridos graves,False
1500929,SINISTRO NAO FATAL,2020-08-16,2020,8,16,13:31,Domingo,TARDE,VIAS URBANAS,PUBLICO,RUA CONSTANTINO BASTIA,-21.6030280537,-48.3758975067,COLISAO,0,1,1,0,0,0,0,0,0,1,1,13.0,1,2,Com feridos leves,True
1707868,SINISTRO NAO FATAL,2020-08-18,2020,8,18,05:59,Terça-feira,MADRUGADA,VIAS URBANAS,PUBLICO,AV TROLESI X JOSE ARTIMONTE,-21.592015333,-48.341041206,OUTROS,0,1,0,0,0,0,0,0,0,1,0,5.0,1,1,Com feridos leves,False
1807699,SINISTRO NAO FATAL,2020-08-18,2020,8,18,08:13,Terça-feira,MANHA,VIAS URBANAS,PUBLICO,RUA SAO LOURENCO X RRUA CASTRO ALVES,-21.6012417401,-48.3613227249,CHOQUE,0,0,1,0,0,0,0,0,0,1,2,8.0,1,1,Com feridos leves,False
2151400,SINISTRO NAO FATAL,2020-08-18,2020,8,18,16:53,Terça-feira,TARDE,VIAS URBANAS,PUBLICO,JOSE VIEIRA PRIOSTI JUNIOR,-21.605655828,-48.34832684,OUTROS,0,1,0,0,0,0,0,0,0,1,0,16.0,1,1,Com feridos leves,False
1965322,NOTIFICACAO,2020-08-19,2020,8,19,10:13,Quarta-feira,MANHA,VIAS URBANAS,PUBLICO,RUA OTONE CORREA,-21.592891981,-48.357742781,OUTROS,0,0,0,0,0,0,0,0,0,0,0,10.0,0,0,Sem vítimas,False
1433884,SINISTRO NAO FATAL,2020-08-20,2020,8,20,21:05,Quinta-feira,NOITE,VIAS URBANAS,PUBLICO,RUA LINO TREVISAN,-21.620417289,-48.35103942,CHOQUE,0,0,1,0,0,0,0,0,0,1,0,21.0,1,1,Com feridos leves,False
1366267,SINISTRO NAO FATAL,2020-08-21,2020,8,21,21:02,Sexta-feira,NOITE,VIAS URBANAS,PUBLICO,VIA CLITO BASTIA           KM,-21.6232889544,-48.3331867468,CHOQUE,0,0,1,0,0,0,0,0,0,1,0,21.0,1,1,Com feridos leves,False
1647308,SINISTRO NAO FATAL,2020-08-22,2020,8,22,22:04,Sábado,NOITE,VIAS URBANAS,PUBLICO,AVENIDA ALBERTO BENASSI,-21.6147475911,-48.3592928931,COLISAO,0,1,1,0,0,0,0,0,0,1,1,22.0,1,2,Com feridos leves,True
2027715,SINISTRO NAO FATAL,2020-08-22,2020,8,22,07:05,Sábado,MANHA,VIAS URBANAS,PUBLICO,AVENIDA JOÃO MARCHESAN X RUA ANTONIO MOIA,-21.6052573071,-48.3744287204,CHOQUE,0,0,1,0,0,0,0,0,0,1,0,7.0,1,1,Com feridos leves,True
1276845,SINISTRO NAO FATAL,2020-08-24,2020,8,24,17:09,Segunda-feira,TARDE,VIAS URBANAS,PUBLICO,AVENIDA DOUTOR LAERT TABALLO MENDES,-21.6036579741,-48.3729409289,OUTROS,0,1,1,0,0,0,0,0,0,1,1,17.0,1,2,Com feridos leves,False
2167827,SINISTRO NAO FATAL,2020-08-25,2020,8,25,15:59,Terça-feira,TARDE,VIAS URBANAS,PUBLICO,RUA MAJOR JOAQUIM GABRIEL DE CARVALHO,-21.5978667095,-48.3601100177,COLISAO,0,1,1,0,0,0,0,0,0,1,1,15.0,1,2,Com feridos leves,False
1941232,SINISTRO NAO FATAL,2020-08-26,2020,8,26,09:41,Quarta-feira,MANHA,VIAS URBANAS,PUBLICO,RUA SAO LOURENCO AVENIDA SIQUEIRA CAMPOS,-21.5988080476,-48.3669030616,COLISAO,0,1,1,0,0,0,0,0,1,1,1,9.0,2,2,Com feridos graves,False
1434994,SINISTRO NAO FATAL,2020-08-27,2020,8,27,20:13,Quinta-feira,NOITE,VIAS URBANAS,PUBLICO,RUA ADALBERTO ANTUNES,-21.6042976302,-48.3753587612,COLISAO,0,0,2,0,0,0,0,0,0,1,3,20.0,1,2,Com feridos leves,False
1972643,SINISTRO NAO FATAL,2020-08-28,2020,8,28,12:33,Sexta-feira,TARDE,VIAS URBANAS,PUBLICO,AVENIDA SAO PAULO,-21.5993953052,-48.3510838974,COLISAO,0,1,1,0,0,0,0,0,0,1,1,12.0,1,2,Com feridos leves,False
2043631,SINISTRO NAO FATAL,2020-08-28,2020,8,28,12:24,Sexta-feira,TARDE,VIAS URBANAS,PUBLICO,RUA SINHARINHA FROTA,-21.6053358868,-48.3664720348,ATROPELAMENTO,0,0,1,0,0,1,0,0,0,1,1,12.0,1,1,Com feridos leves,False
2456256,SINISTRO FATAL,2020-08-28,2020,8,28,02:20,Sexta-feira,MADRUGADA,ESTRADAS E RODOVIAS,PUBLICO,SP 310,-21.6206503814,-48.4135372651,CHOQUE,0,0,0,0,1,0,0,1,0,0,0,2.0,1,1,Com óbito,False
1286610,SINISTRO NAO FATAL,2020-08-29,2020,8,29,10:16,Sábado,MANHA,VIAS URBANAS,PUBLICO,AVENIDA AQUELINO BENASSI,-21.5933568236,-48.3746768967,COLISAO,0,2,0,0,0,0,0,0,0,2,0,10.0,2,2,Com feridos leves,True
1567704,SINISTRO NAO FATAL,2020-08-29,2020,8,29,15:13,Sábado,TARDE,VIAS URBANAS,PUBLICO,AVENIDA PADRE NELSON ANTONIO ROMAO,-21.601883399,-48.360256103,COLISAO,0,1,1,0,0,0,0,0,0,1,1,15.0,1,2,Com feridos leves,True
1637395,SINISTRO NAO FATAL,2020-08-29,2020,8,29,17:09,Sábado,TARDE,VIAS URBANAS,PUBLICO,RUA SAO LOURENCO X AV CAMPOS SALES,-21.6012417401,-48.3613227249,COLISAO,0,0,2,0,0,0,0,0,0,2,1,17.0,2,2,Com feridos leves,True
1768853,NOTIFICACAO,2020-08-29,2020,8,29,21:03,Sábado,NOITE,VIAS URBANAS,NAO DISPONIVEL,AVENIDA SETE DE SETEMBRO,-21.593402197,-48.360220268,NAO DISPONIVEL,0,0,0,0,0,0,0,0,0,0,0,21.0,0,0,Sem vítimas,True
1583570,SINISTRO NAO FATAL,2020-08-30,2020,8,30,15:15,Domingo,TARDE,VIAS URBANAS,PUBLICO,VICINAL CARLOS  FERNANDO MALZONI,-21.609726645,-48.362534173,COLISAO,0,1,0,0,0,0,0,0,0,2,0,15.0,2,1,Com feridos leves,True
1390986,SINISTRO NAO FATAL,2020-09-01,2020,9,1,20:00,Terça-feira,NOITE,VIAS URBANAS,PUBLICO,AVENIDA LUDWIG ECKES,-21.597572074,-48.382072665,OUTROS,0,1,0,0,0,0,0,0,0,1,0,20.0,1,1,Com feridos leves,False
1565615,SINISTRO NAO FATAL,2020-09-02,2020,9,2,21:56,Quarta-feira,NOITE,VIAS URBANAS,PUBLICO,AVENIDA DOUTOR LAERT TABALLO MENDES,-21.611188299,-48.373822283,COLISAO,1,1,0,0,0,0,0,0,1,1,0,21.0,2,2,Com feridos graves,False
2188258,NOTIFICACAO,2020-09-02,2020,9,2,15:53,Quarta-feira,TARDE,VIAS URBANAS,PUBLICO,RUA AMERICO VEZZANI,-21.586281688,-48.374574558,OUTROS,0,0,0,0,0,0,0,0,0,0,0,15.0,0,0,Sem vítimas,False
1510281,NOTIFICACAO,2020-09-04,2020,9,4,19:12,Sexta-feira,NOITE,VIAS URBANAS,NAO DISPONIVEL,AVENIDA SETE DE SETEMBRO,-21.593402197,-48.360220268,OUTROS,0,0,0,0,0,0,0,0,0,0,0,19.0,0,0,Sem vítimas,False
1648630,SINISTRO NAO FATAL,2020-09-04,2020,9,4,21:48,Sexta-feira,NOITE,VIAS URBANAS,PUBLICO,AVENIDA AURELIO DIAS X RUA SEBASTIÃO JUNQUEIRA,-21.593402197,-48.360220268,CHOQUE,0,0,1,0,0,0,0,0,1,1,0,21.0,2,1,Com feridos graves,False
1721840,SINISTRO NAO FATAL,2020-09-05,2020,9,5,18:47,Sábado,NOITE,VIAS URBANAS,PUBLICO,RUA RUI BARBOSA,-21.604739057,-48.360956889,ATROPELAMENTO,0,1,0,0,0,1,0,0,0,1,1,18.0,1,1,Com feridos leves,True
1723634,SINISTRO NAO FATAL,2020-09-07,2020,9,7,01:02,Segunda-feira,MADRUGADA,VIAS URBANAS,PUBLICO,AVENIDA BALDAN X JOÃO MARQUESAN,-21.620473121,-48.354725924,COLISAO,0,0,1,0,0,0,0,0,0,1,1,1.0,1,1,Com feridos leves,False
1756494,SINISTRO NAO FATAL,2020-09-07,2020,9,7,20:58,Segunda-feira,NOITE,VIAS URBANAS,PUBLICO,AV JOSÉ GONÇALVES,-21.6045352209,-48.3661964225,COLISAO,0,1,0,0,0,0,0,0,0,1,0,20.0,1,1,Com feridos leves,False
1803908,SINISTRO NAO FATAL,2020-09-07,2020,9,7,23:10,Segunda-feira,NOITE,VIAS URBANAS,PUBLICO,AVENIDA BALDAN X AV MARQUESAN,-21.610325783,-48.376731053,CHOQUE,0,0,1,0,0,0,0,0,0,1,0,23.0,1,1,Com feridos leves,False
1472488,SINISTRO NAO FATAL,2020-09-08,2020,9,8,20:08,Terça-feira,NOITE,VIAS URBANAS,PUBLICO,AVENIDA BALDAN,-21.620473121,-48.354725924,COLISAO,0,0,2,0,0,0,0,0,0,1,2,20.0,1,2,Com feridos leves,False
2018204,SINISTRO NAO FATAL,2020-09-09,2020,9,9,11:31,Quarta-feira,MANHA,VIAS URBANAS,PUBLICO,RUA OTONE CORREA,-21.596577731,-48.3453689462,COLISAO,0,1,1,0,0,0,0,0,0,1,1,11.0,1,2,Com feridos leves,False
2117092,SINISTRO NAO FATAL,2020-09-13,2020,9,13,04:15,Domingo,MADRUGADA,VIAS URBANAS,PUBLICO,AVENIDA BALDAN X AVENIDA ARMINIO ARRUDA DE CAMARGO,-21.620473121,-48.354725924,CHOQUE,0,0,1,0,1,0,0,0,0,1,0,4.0,1,2,Com feridos leves,True
1978733,SINISTRO NAO FATAL,2020-09-14,2020,9,14,08:53,Segunda-feira,MANHA,VIAS URBANAS,PUBLICO,AVENIDA DOUTOR LAERTE JOSÉ TARALLO MENDES X ALAMED,-21.595601956,-48.370894037,COLISAO,0,1,0,0,0,0,1,0,0,1,1,8.0,1,2,Com feridos leves,False
2145483,SINISTRO NAO FATAL,2020-09-14,2020,9,14,12:06,Segunda-feira,TARDE,VIAS URBANAS,PUBLICO,AVENIDA RUGERO BALDANX R DOS CARTEIROS,-21.6013512637,-48.3682990904,COLISAO,0,1,0,0,1,0,0,0,0,0,2,12.0,0,2,Sem vítimas,False
2057147,NOTIFICACAO,2020-09-15,2020,9,15,16:09,Terça-feira,TARDE,VIAS URBANAS,NAO DISPONIVEL,RUA JOSE ARTIMONTE,-21.6041119113,-48.3559225816,OUTROS,0,0,0,0,0,0,0,0,0,0,0,16.0,0,0,Sem vítimas,False
1369857,SINISTRO NAO FATAL,2020-09-18,2020,9,18,18:06,Sexta-feira,NOITE,VIAS URBANAS,PUBLICO,AVENIDA TOLEDO MALTA,-21.5965988,-48.3662987,OUTROS,0,0,1,0,0,0,0,0,0,1,0,18.0,1,1,Com feridos leves,False
1400434,SINISTRO NAO FATAL,2020-09-18,2020,9,18,18:39,Sexta-feira,NOITE,VIAS URBANAS,PUBLICO,RUA JOSE GONCALVES,-21.598450979,-48.434173765,COLISAO,0,1,1,0,0,0,0,0,0,1,1,18.0,1,2,Com feridos leves,False
1400545,SINISTRO NAO FATAL,2020-09-21,2020,9,21,20:18,Segunda-feira,NOITE,VIAS URBANAS,PUBLICO,RUA ALEXANDRE DOS SANTOS PIRES,-21.6233483172,-48.3521780107,COLISAO,1,1,0,0,0,0,0,0,0,1,1,20.0,1,2,Com feridos leves,False
1863442,SINISTRO NAO FATAL,2020-09-25,2020,9,25,07:13,Sexta-feira,MANHA,VIAS URBANAS,PUBLICO,RUA VER AMAURI SQUISATTI X AV AUGUSTO FERREIRA,-21.6268664255,-48.3399595868,COLISAO,1,0,1,0,0,0,0,0,1,0,1,7.0,1,2,Com feridos graves,False
1952086,SINISTRO NAO FATAL,2020-09-25,2020,9,25,06:50,Sexta-feira,MANHA,VIAS URBANAS,PUBLICO,AV LINO TREVISAN,-21.6261328695,-48.3407433729,COLISAO,1,1,0,0,0,0,0,0,0,2,0,6.0,2,2,Com feridos leves,False
1972999,SINISTRO NAO FATAL,2020-09-25,2020,9,25,06:50,Sexta-feira,MANHA,ESTRADAS E RODOVIAS,PUBLICO,SP 326,-21.643942858,-48.337017035,COLISAO,0,0,1,0,1,0,0,0,1,0,1,6.0,1,2,Com feridos graves,False
1501852,SINISTRO NAO FATAL,2020-09-26,2020,9,26,13:35,Sábado,TARDE,VIAS URBANAS,PUBLICO,AVENIDA SINHARINHA FROTA,-21.598427248,-48.362947675,NAO DISPONIVEL,0,1,0,0,0,0,0,0,0,1,0,13.0,1,1,Com feridos leves,True
1654142,SINISTRO NAO FATAL,2020-09-26,2020,9,26,16:52,Sábado,TARDE,VIAS URBANAS,PUBLICO,RUA TABATINGA,-21.598427248,-48.362947675,CHOQUE,0,1,0,0,0,0,1,0,1,0,1,16.0,1,2,Com feridos graves,True
1776164,SINISTRO NAO FATAL,2020-09-26,2020,9,26,21:06,Sábado,NOITE,VIAS URBANAS,PUBLICO,VIA ENGENHEIRO MILCIADES BOTTURA,-21.61397722,-48.349261746,OUTROS,0,0,1,0,0,0,0,0,2,0,0,21.0,2,1,Com feridos graves,True
1815133,SINISTRO NAO FATAL,2020-09-26,2020,9,26,22:53,Sábado,NOITE,VIAS URBANAS,PUBLICO,AVENIDA PADRE NELSON ANTONIO ROMAO,-21.607993218,-48.3621832358,COLISAO,0,1,1,0,0,0,0,0,0,3,1,22.0,3,2,Com feridos leves,True
1835455,SINISTRO NAO FATAL,2020-09-26,2020,9,26,22:13,Sábado,NOITE,VIAS URBANAS,PUBLICO,RUA  AFONSO GALEGUER,-21.6042159376,-48.3831961795,COLISAO,0,0,1,0,0,0,0,0,0,1,0,22.0,1,1,Com feridos leves,True
2311232,NOTIFICACAO,2020-09-26,2020,9,26,22:53,Sábado,NOITE,VIAS URBANAS,NAO DISPONIVEL,AVENIDA PADRE NELSON ANTONIO ROMAO,-21.60732644,-48.36203016,OUTROS,0,0,0,0,0,0,0,0,0,0,0,22.0,0,0,Sem vítimas,True
1407820,SINISTRO NAO FATAL,2020-09-29,2020,9,29,19:32,Terça-feira,NOITE,VIAS URBANAS,PUBLICO,RUA JOSE MARTINHO MARTINS,-21.5979695337,-48.384640407,CHOQUE,0,0,1,0,0,0,0,0,0,1,0,19.0,1,1,Com feridos leves,False
1522587,SINISTRO NAO FATAL,2020-09-29,2020,9,29,21:39,Terça-feira,NOITE,VIAS URBANAS,PRIVADO,RUA SÃO LOURENÇO,-21.6027337339,-48.3721073929,NAO DISPONIVEL,1,0,1,0,0,0,0,0,0,0,1,21.0,0,2,Sem vítimas,False
2270553,SINISTRO NAO FATAL,2020-09-29,2020,9,29,17:30,Terça-feira,TARDE,ESTRADAS E RODOVIAS,PUBLICO,SP 310,-21.5525985,-48.48671662,COLISAO,0,0,1,0,1,0,0,0,0,1,1,17.0,1,2,Com feridos leves,False
1904309,SINISTRO NAO FATAL,2020-09-30,2020,9,30,07:06,Quarta-feira,MANHA,VIAS URBANAS,PUBLICO,RUA SAO LOURENCO X AV CARLOS MARIANI,-21.601509318,-48.360405153,COLISAO,0,1,1,0,0,0,0,0,0,1,1,7.0,1,2,Com feridos leves,False
1909220,SINISTRO NAO FATAL,2020-09-30,2020,9,30,07:30,Quarta-feira,MANHA,ESTRADAS E RODOVIAS,PUBLICO,SP 326,-21.608136832,-48.335226419,OUTROS,0,0,1,0,0,0,0,0,0,1,0,7.0,1,1,Com feridos leves,False
1945706,SINISTRO NAO FATAL,2020-09-30,2020,9,30,08:46,Quarta-feira,MANHA,VIAS URBANAS,PUBLICO,RUA SAO LOURENCO AV XV DE NOVEMBRO,-21.600440642,-48.362883358,OUTROS,0,0,2,0,0,0,0,0,0,1,1,8.0,1,2,Com feridos leves,False
2104666,SINISTRO NAO FATAL,2020-09-30,2020,9,30,13:42,Quarta-feira,TARDE,VIAS URBANAS,PUBLICO,RUA SINHARINHA FROTA X AV SIQUEIRA CAMPOS,-21.598427248,-48.362947675,OUTROS,0,1,0,0,0,0,0,0,0,1,0,13.0,1,1,Com feridos leves,False
1897136,SINISTRO NAO FATAL,2020-10-01,2020,10,1,07:53,Quinta-feira,MANHA,VIAS URBANAS,PUBLICO,RUA SINHARINHA FROTA,-21.60322253,-48.37104977,OUTROS,0,1,0,0,0,0,0,0,0,1,2,7.0,1,1,Com feridos leves,False
1452265,SINISTRO NAO FATAL,2020-10-02,2020,10,2,17:40,Sexta-feira,TARDE,VIAS URBANAS,PUBLICO,AVENIDA PADRE NELSON ANTONIO ROMAO,-21.60291226,-48.36050158,NAO DISPONIVEL,0,1,1,0,0,0,0,0,0,1,1,17.0,1,2,Com feridos leves,False
1454566,SINISTRO NAO FATAL,2020-10-02,2020,10,2,17:35,Sexta-feira,TARDE,VIAS URBANAS,PUBLICO,RUA SAO LOURENCO,-21.59979377,-48.36477346,COLISAO,0,1,1,0,0,0,0,0,0,1,1,17.0,1,2,Com feridos leves,False
1946020,SINISTRO NAO FATAL,2020-10-02,2020,10,2,07:04,Sexta-feira,MANHA,VIAS URBANAS,PUBLICO,VIA NARCIZO BALDAN,-21.60788263,-48.35351906,COLISAO,0,2,0,0,0,0,0,0,0,2,0,7.0,2,2,Com feridos leves,False
1298352,SINISTRO NAO FATAL,2020-10-03,2020,10,3,10:42,Sábado,MANHA,VIAS URBANAS,PUBLICO,AVENIDA FRANCISCO MASTROPIETRO,-21.5942375,-48.34545061,COLISAO,0,1,1,0,0,0,0,0,1,0,3,10.0,1,2,Com feridos graves,True
1361755,SINISTRO NAO FATAL,2020-10-04,2020,10,4,12:21,Domingo,TARDE,VIAS URBANAS,PUBLICO,RUA SÃO LOURENÇO X AV PADRE NELSON ANTONIO ROMÃO,-21.59629329,-48.37063848,COLISAO,0,1,1,0,0,0,0,0,0,2,1,12.0,2,2,Com feridos leves,True
1808300,SINISTRO NAO FATAL,2020-10-04,2020,10,4,22:33,Domingo,NOITE,VIAS URBANAS,PUBLICO,AVENIDA JOAO MARCHESAN,-21.60135126,-48.36829909,COLISAO,0,1,1,0,0,0,0,0,0,1,1,22.0,1,2,Com feridos leves,True
2180576,SINISTRO NAO FATAL,2020-10-05,2020,10,5,00:49,Segunda-feira,MADRUGADA,VIAS URBANAS,PRIVADO,AVENIDA SETE DE SETEMBRO,-21.59842725,-48.36294767,NAO DISPONIVEL,0,1,0,0,0,0,0,0,0,1,1,0.0,1,1,Com feridos leves,False
2456387,SINISTRO FATAL,2020-10-05,2020,10,5,19:22,Segunda-feira,NOITE,ESTRADAS E RODOVIAS,PUBLICO,SP 326,-21.637074679,-48.3366807849,OUTROS,0,1,0,0,1,0,0,1,0,0,0,19.0,1,2,Com óbito,False
2256344,SINISTRO NAO FATAL,2020-10-06,2020,10,6,16:14,Terça-feira,TARDE,VIAS URBANAS,PUBLICO,AVENIDA TABATINGA,-21.6125917,-48.35640044,COLISAO,0,2,0,0,0,0,0,0,1,1,0,16.0,2,2,Com feridos graves,False
1329020,SINISTRO NAO FATAL,2020-10-07,2020,10,7,15:00,Quarta-feira,TARDE,ESTRADAS E RODOVIAS,PUBLICO,SP 310,-21.58300203,-48.44977046,COLISAO,0,0,1,0,1,0,2,0,0,1,1,15.0,1,4,Com feridos leves,False
2352656,SINISTRO NAO FATAL,2020-10-07,2020,10,7,09:03,Quarta-feira,MANHA,VIAS URBANAS,PUBLICO,ESTRADA SÃO LOURENÇO DO TURVO  VILA DO QUADRO,-21.53845665,-48.52840529,COLISAO,0,1,0,0,1,0,0,0,1,0,2,9.0,1,2,Com feridos graves,False
2033995,SINISTRO NAO FATAL,2020-10-09,2020,10,9,11:26,Sexta-feira,MANHA,VIAS URBANAS,PUBLICO,RUA SAO LOURENCO,-21.60124174,-48.36132272,COLISAO,0,1,0,0,1,0,0,0,0,1,1,11.0,1,2,Com feridos leves,False
1593292,SINISTRO NAO FATAL,2020-10-10,2020,10,10,17:13,Sábado,TARDE,VIAS URBANAS,PUBLICO,AVENIDA SAO PAULO,-21.59623281,-48.3502493,COLISAO,0,1,1,0,0,0,0,0,0,1,1,17.0,1,2,Com feridos leves,True
1639777,SINISTRO NAO FATAL,2020-10-10,2020,10,10,18:03,Sábado,NOITE,VIAS URBANAS,PUBLICO,AVENIDA TOLEDO MALTA,-21.59651341,-48.3652382,COLISAO,0,0,2,0,0,0,0,0,0,3,1,18.0,3,2,Com feridos leves,True
1396956,SINISTRO NAO FATAL,2020-10-11,2020,10,11,12:47,Domingo,TARDE,VIAS URBANAS,PUBLICO,PRONTO SOCORRO MUNICIPAL,-21.60453522,-48.36619642,OUTROS,0,1,0,0,0,0,0,0,0,1,0,12.0,1,1,Com feridos leves,True
1770088,NOTIFICACAO,2020-10-11,2020,10,11,21:08,Domingo,NOITE,VIAS URBANAS,PUBLICO,RUA SINHARINHA FROTA,-21.61074258,-48.35541582,NAO DISPONIVEL,0,0,0,0,0,0,0,0,0,0,0,21.0,0,0,Sem vítimas,True
1978978,SINISTRO NAO FATAL,2020-10-11,2020,10,11,03:23,Domingo,MADRUGADA,VIAS URBANAS,PUBLICO,AVENIDA ALDO NICOLUCCI,-21.5927548,-48.37431022,CHOQUE,0,0,2,0,0,0,0,0,0,1,1,3.0,1,2,Com feridos leves,True
1503552,SINISTRO NAO FATAL,2020-10-12,2020,10,12,16:35,Segunda-feira,TARDE,VIAS URBANAS,PUBLICO,AVENIDA AURÉLIO DIAS,-21.62946183,-48.33564302,CHOQUE,0,0,1,0,0,0,0,0,0,2,1,16.0,2,1,Com feridos leves,False
1535731,SINISTRO NAO FATAL,2020-10-13,2020,10,13,20:20,Terça-feira,NOITE,ESTRADAS E RODOVIAS,PUBLICO,SP 326,-21.59023375,-48.33433738,COLISAO,0,0,0,0,2,0,2,0,0,1,2,20.0,1,4,Com feridos leves,False
1961282,NOTIFICACAO,2020-10-16,2020,10,16,09:34,Sexta-feira,MANHA,VIAS URBANAS,PRIVADO,RUA SINHARINHA FROTA,-21.61401607,-48.34788205,OUTROS,0,0,0,0,0,0,0,0,0,0,0,9.0,0,0,Sem vítimas,False
1658450,SINISTRO NAO FATAL,2020-10-17,2020,10,17,19:47,Sábado,NOITE,VIAS URBANAS,PUBLICO,AVENIDA BALDAN,-21.61032578,-48.37673105,COLISAO,0,1,1,0,0,0,0,0,1,1,1,19.0,2,2,Com feridos graves,True
1701363,NOTIFICACAO,2020-10-17,2020,10,17,21:16,Sábado,NOITE,VIAS URBANAS,PUBLICO,RUA CIPRIANO FERREIRA,-21.61678253,-48.36356328,OUTROS,0,0,0,0,0,0,0,0,0,0,0,21.0,0,0,Sem vítimas,True
2456541,SINISTRO FATAL,2020-10-17,2020,10,17,21:20,Sábado,NOITE,VIAS URBANAS,PUBLICO,AVENIDA QUINZE DE NOVEMBRO,-21.607998,-48.367915,OUTROS,0,0,1,0,0,0,0,1,0,0,0,21.0,1,1,Com óbito,True
1626619,SINISTRO NAO FATAL,2020-10-18,2020,10,18,16:00,Domingo,TARDE,ESTRADAS E RODOVIAS,PUBLICO,SP 310,-21.55806229,-48.47873202,CHOQUE,0,0,1,0,0,0,0,0,0,1,0,16.0,1,1,Com feridos leves,True
1921766,SINISTRO NAO FATAL,2020-10-19,2020,10,19,07:14,Segunda-feira,MANHA,VIAS URBANAS,PUBLICO,RUA JOSE MARTINHO MARTINS,-21.5984378,-48.391188,COLISAO,0,0,1,0,0,0,0,0,1,1,1,7.0,2,1,Com feridos graves,False
2144620,NOTIFICACAO,2020-10-21,2020,10,21,13:28,Quarta-feira,TARDE,VIAS URBANAS,PRIVADO,RUA SINHARINHA FROTA,-21.60290787,-48.37173062,OUTROS,0,0,0,0,0,0,0,0,0,0,0,13.0,0,0,Sem vítimas,False
1932525,SINISTRO NAO FATAL,2020-10-23,2020,10,23,07:30,Sexta-feira,MANHA,VIAS URBANAS,PUBLICO,PRONTO SOCORRO MUNICIPAL,-21.60453522,-48.36619642,COLISAO,0,1,0,0,0,0,0,0,0,1,0,7.0,1,1,Com feridos leves,False
1670516,SINISTRO NAO FATAL,2020-10-25,2020,10,25,16:08,Domingo,TARDE,VIAS URBANAS,PUBLICO,DO PESCADOR,-21.61034081,-48.37671938,OUTROS,0,0,0,0,1,0,1,0,0,1,0,16.0,1,2,Com feridos leves,True
1818178,SINISTRO NAO FATAL,2020-10-25,2020,10,25,22:55,Domingo,NOITE,VIAS URBANAS,PUBLICO,AVENIDA DOUTOR LAERT TABALLO MENDES,-21.59560196,-48.37089404,COLISAO,0,1,0,0,0,0,0,0,1,0,0,22.0,1,1,Com feridos graves,True
2081975,SINISTRO NAO FATAL,2020-10-26,2020,10,26,12:11,Segunda-feira,TARDE,VIAS URBANAS,PUBLICO,AVENIDA DOUTOR LAERT TABALLO MENDES,-21.59560196,-48.37089404,COLISAO,0,1,1,0,0,0,0,0,0,1,1,12.0,1,2,Com feridos leves,False
1837342,SINISTRO NAO FATAL,2020-10-27,2020,10,27,07:17,Terça-feira,MANHA,VIAS URBANAS,PUBLICO,AV FRANCISCO MASTROPIETRO X AV CAMPOS SALLES,-21.59740417,-48.36460381,COLISAO,0,1,1,0,0,0,0,0,0,2,1,7.0,2,2,Com feridos leves,False
2108035,SINISTRO NAO FATAL,2020-10-27,2020,10,27,14:44,Terça-feira,TARDE,VIAS URBANAS,PUBLICO,AVENIDA LUDWIG ECKES,-21.59621748,-48.38083526,COLISAO,0,1,1,0,0,0,0,0,0,1,1,14.0,1,2,Com feridos leves,False
1388001,SINISTRO NAO FATAL,2020-10-28,2020,10,28,18:18,Quarta-feira,NOITE,VIAS URBANAS,PUBLICO,RUA LUCIANO GANDINI,-21.60568138,-48.36791738,COLISAO,0,1,1,0,0,0,0,0,0,2,1,18.0,2,2,Com feridos leves,False
1600287,SINISTRO NAO FATAL,2020-10-28,2020,10,28,21:40,Quarta-feira,NOITE,VIAS URBANAS,PUBLICO,AVENIDA PADRE NELSON ANTONIO ROMAO,-21.60732644,-48.36203016,COLISAO,0,0,1,0,0,0,0,0,0,1,1,21.0,1,1,Com feridos leves,False
1892213,SINISTRO NAO FATAL,2020-10-28,2020,10,28,08:08,Quarta-feira,MANHA,VIAS URBANAS,PUBLICO,RUA SAO LOURENCO,-21.60150932,-48.36040515,OUTROS,0,1,0,0,0,0,0,0,0,1,0,8.0,1,1,Com feridos leves,False
1299570,SINISTRO NAO FATAL,2020-10-29,2020,10,29,01:04,Quinta-feira,MADRUGADA,VIAS URBANAS,PUBLICO,AV XV DE NOVEMBRO X AV FRANCISCO MASTROPIETRO,-21.60834059,-48.36707478,COLISAO,0,0,1,0,0,0,0,0,0,1,0,1.0,1,1,Com feridos leves,False
2096512,SINISTRO NAO FATAL,2020-10-30,2020,10,30,14:30,Sexta-feira,TARDE,ESTRADAS E RODOVIAS,PUBLICO,SP 326,-21.6260395,-48.33612905,COLISAO,0,1,0,1,0,0,0,0,1,0,1,14.0,1,2,Com feridos graves,False
1342840,SINISTRO NAO FATAL,2020-10-31,2020,10,31,14:13,Sábado,TARDE,VIAS URBANAS,PUBLICO,RUA VEREADOR AMAURI SQUISATTI,-21.62752391,-48.3429696,COLISAO,0,1,1,0,0,0,0,0,0,3,2,14.0,3,2,Com feridos leves,True
2030955,SINISTRO NAO FATAL,2020-10-31,2020,10,31,08:12,Sábado,MANHA,VIAS URBANAS,PUBLICO,PRONTO SOCORRO MUNICIPAL,-21.60553982,-48.36602851,COLISAO,0,1,0,0,0,0,0,0,0,2,0,8.0,2,1,Com feridos leves,True
2252279,SINISTRO NAO FATAL,2020-11-01,2020,11,1,09:30,Domingo,MANHA,VIAS URBANAS,PUBLICO,AVENIDA ODONE MARCHESAN,-21.58298777,-48.37348303,ATROPELAMENTO,0,0,1,0,0,2,0,0,0,2,1,9.0,2,1,Com feridos leves,True
2456247,SINISTRO FATAL,2020-11-01,2020,11,1,18:25,Domingo,NOITE,VIAS URBANAS,PUBLICO,AVENIDA DOUTOR LAERTE TABALLO MENDES,,,CHOQUE,0,1,0,0,0,0,0,1,0,0,0,18.0,1,1,Com óbito,True
1371668,NOTIFICACAO,2020-11-02,2020,11,2,16:45,Segunda-feira,TARDE,VIAS URBANAS,PRIVADO,RUA SINHARINHA FROTA,-21.61401607,-48.34788205,OUTROS,0,0,0,0,0,0,0,0,0,0,0,16.0,0,0,Sem vítimas,False
1340201,SINISTRO NAO FATAL,2020-11-04,2020,11,4,00:35,Quarta-feira,MADRUGADA,ESTRADAS E RODOVIAS,PUBLICO,SP 310,-21.65175001,-48.38365554,OUTROS,0,0,1,0,0,0,0,0,0,1,0,0.0,1,1,Com feridos leves,False
1880599,SINISTRO NAO FATAL,2020-11-04,2020,11,4,09:24,Quarta-feira,MANHA,VIAS URBANAS,PUBLICO,AVENIDA LUIS MANCINI,-21.6321271,-48.346233,COLISAO,0,1,0,0,1,0,0,0,0,1,1,9.0,1,2,Com feridos leves,False
1596044,SINISTRO NAO FATAL,2020-11-05,2020,11,5,23:18,Quinta-feira,NOITE,VIAS URBANAS,PUBLICO,AVENIDA ALBERTO BENASSI,-21.61502031,-48.36132828,OUTROS,0,0,1,0,0,0,0,0,0,0,1,23.0,0,1,Sem vítimas,False
2242611,SINISTRO NAO FATAL,2020-11-05,2020,11,5,14:45,Quinta-feira,TARDE,ESTRADAS E RODOVIAS,PUBLICO,SP 326,-21.61708812,-48.33567834,COLISAO,0,1,1,0,0,0,0,0,0,2,0,14.0,2,2,Com feridos leves,False
1356288,SINISTRO NAO FATAL,2020-11-06,2020,11,6,17:42,Sexta-feira,TARDE,VIAS URBANAS,PUBLICO,AVENIDA ANIBAL RIBEIRO,-21.624505,-48.3411385,COLISAO,0,1,1,0,0,0,0,0,0,1,1,17.0,1,2,Com feridos leves,False
2138698,SINISTRO NAO FATAL,2020-11-06,2020,11,6,14:22,Sexta-feira,TARDE,VIAS URBANAS,PUBLICO,DO TRABALHADOR,-21.59389559,-48.37334151,OUTROS,0,0,1,0,0,0,0,0,0,1,0,14.0,1,1,Com feridos leves,False
1748489,SINISTRO NAO FATAL,2020-11-08,2020,11,8,19:45,Domingo,NOITE,VIAS URBANAS,PUBLICO,VIA ENGENHEIRO MILCIADES BOTTURA,-21.61476044,-48.34878345,NAO DISPONIVEL,0,1,0,0,0,0,0,0,0,1,0,19.0,1,1,Com feridos leves,True
1829308,SINISTRO NAO FATAL,2020-11-08,2020,11,8,21:50,Domingo,NOITE,ESTRADAS E RODOVIAS,PUBLICO,SP 310,-21.5525985,-48.48671662,COLISAO,0,0,1,0,0,0,0,0,1,0,1,21.0,1,1,Com feridos graves,True
2044249,SINISTRO NAO FATAL,2020-11-08,2020,11,8,01:45,Domingo,MADRUGADA,ESTRADAS E RODOVIAS,PUBLICO,SP 326,-21.5991853,-48.33477694,CHOQUE,0,0,1,0,0,0,0,0,1,0,1,1.0,1,1,Com feridos graves,True
2029048,SINISTRO NAO FATAL,2020-11-09,2020,11,9,09:07,Segunda-feira,MANHA,VIAS URBANAS,PUBLICO,AVENIDA SETE DE SETEMBRO,-21.60453522,-48.36619642,COLISAO,0,1,1,0,0,0,0,0,0,1,1,9.0,1,2,Com feridos leves,False
2205588,NOTIFICACAO,2020-11-10,2020,11,10,16:10,Terça-feira,TARDE,VIAS URBANAS,PUBLICO,VIA CAL FISHER,-21.59787435,-48.37202322,OUTROS,0,0,0,0,0,0,0,0,0,0,0,16.0,0,0,Sem vítimas,False
2256239,NOTIFICACAO,2020-11-10,2020,11,10,17:35,Terça-feira,TARDE,VIAS URBANAS,PRIVADO,RUA SINHARINHA FROTA,-21.61401607,-48.34788205,OUTROS,0,0,0,0,0,0,0,0,0,0,0,17.0,0,0,Sem vítimas,False
1264870,SINISTRO NAO FATAL,2020-11-11,2020,11,11,16:37,Quarta-feira,TARDE,VIAS URBANAS,PUBLICO,AVENIDA BALDAN,-21.6155606,-48.3663094,COLISAO,0,1,1,0,1,0,0,0,0,1,2,16.0,1,3,Com feridos leves,False
2280803,NOTIFICACAO,2020-11-12,2020,11,12,19:28,Quinta-feira,NOITE,ESTRADAS E RODOVIAS,NAO DISPONIVEL,SP 326,-21.5991853,-48.33477694,OUTROS,0,0,0,0,0,0,0,0,0,0,0,19.0,0,0,Sem vítimas,False
1809254,SINISTRO NAO FATAL,2020-11-15,2020,11,15,20:12,Domingo,NOITE,VIAS URBANAS,PUBLICO,AVENIDA PADRE NELSON ANTONIO ROMAO,-21.60374147,-48.36090387,CHOQUE,0,0,2,0,0,0,0,0,0,1,3,20.0,1,2,Com feridos leves,True
1820566,SINISTRO NAO FATAL,2020-11-15,2020,11,15,17:30,Domingo,TARDE,ESTRADAS E RODOVIAS,PUBLICO,SP 310,-21.61736607,-48.41670344,OUTROS,0,0,1,0,0,0,0,0,0,3,1,17.0,3,1,Com feridos leves,True
2032183,SINISTRO NAO FATAL,2020-11-17,2020,11,17,11:43,Terça-feira,MANHA,VIAS URBANAS,PUBLICO,AVENIDA BALDAN,-21.61954718,-48.35754494,COLISAO,0,1,1,0,0,0,0,0,0,1,1,11.0,1,2,Com feridos leves,False
1891216,SINISTRO NAO FATAL,2020-11-18,2020,11,18,08:03,Quarta-feira,MANHA,VIAS URBANAS,PUBLICO,RUA SINHARINHA FROTA,-21.60290787,-48.37173062,COLISAO,0,1,1,0,0,0,0,0,1,0,2,8.0,1,2,Com feridos graves,False
2121687,SINISTRO NAO FATAL,2020-11-18,2020,11,18,13:52,Quarta-feira,TARDE,VIAS URBANAS,PUBLICO,AVENIDA PADRE NELSON ANTONIO ROMAO,-21.60645267,-48.36179754,COLISAO,0,1,1,0,0,0,0,0,1,0,1,13.0,1,2,Com feridos graves,False
2138027,NOTIFICACAO,2020-11-19,2020,11,19,16:00,Quinta-feira,TARDE,VIAS URBANAS,NAO DISPONIVEL,AVENIDA SETE DE SETEMBRO,-21.59842725,-48.36294767,NAO DISPONIVEL,0,0,0,0,0,0,0,0,0,0,0,16.0,0,0,Sem vítimas,False
2029210,SINISTRO NAO FATAL,2020-11-20,2020,11,20,10:24,Sexta-feira,MANHA,VIAS URBANAS,PUBLICO,AVENIDA TOLEDO MALTA,-21.6000714,-48.3670976,COLISAO,0,1,1,0,0,0,0,0,0,1,1,10.0,1,2,Com feridos leves,False
2231070,SINISTRO NAO FATAL,2020-11-20,2020,11,20,14:24,Sexta-feira,TARDE,VIAS URBANAS,PUBLICO,AVENIDA PADRE NELSON ANTONIO ROMAO,-21.60862488,-48.36266996,COLISAO,0,1,1,0,0,0,0,0,0,3,1,14.0,3,2,Com feridos leves,False
1628055,SINISTRO NAO FATAL,2020-11-21,2020,11,21,00:55,Sábado,MADRUGADA,VIAS URBANAS,PUBLICO,RUA CATANDUVA,-21.60979467,-48.35363801,COLISAO,0,1,1,0,0,0,0,0,2,0,1,0.0,2,2,Com feridos graves,True
1705284,SINISTRO NAO FATAL,2020-11-21,2020,11,21,20:05,Sábado,NOITE,VIAS URBANAS,PUBLICO,RUA SINHARINHA FROTA,-21.60290787,-48.37173062,CHOQUE,0,1,1,0,0,0,0,0,0,2,1,20.0,2,2,Com feridos leves,True
1397544,SINISTRO NAO FATAL,2020-11-22,2020,11,22,11:50,Domingo,MANHA,ESTRADAS E RODOVIAS,PUBLICO,SP 310,-21.66434888,-48.36918796,OUTROS,0,0,1,0,0,0,0,0,0,1,0,11.0,1,1,Com feridos leves,True
1713791,NOTIFICACAO,2020-11-22,2020,11,22,19:22,Domingo,NOITE,VIAS URBANAS,PUBLICO,AVENIDA SETE DE SETEMBRO,-21.60453522,-48.36619642,ATROPELAMENTO,0,0,0,0,0,2,0,0,1,0,1,19.0,1,0,Com feridos graves,True
1723608,NOTIFICACAO,2020-11-22,2020,11,22,18:37,Domingo,NOITE,VIAS URBANAS,PUBLICO,AVENIDA PADRE NELSON ANTONIO ROMAO,-21.60732644,-48.36203016,OUTROS,0,0,0,0,0,0,0,0,0,0,0,18.0,0,0,Sem vítimas,True
2191891,NOTIFICACAO,2020-11-22,2020,11,22,08:12,Domingo,MANHA,VIAS URBANAS,NAO DISPONIVEL,AVENIDA MILTON MARCHESAN,-21.59863259,-48.38149636,OUTROS,0,0,0,0,0,0,0,0,0,0,0,8.0,0,0,Sem vítimas,True
1440889,SINISTRO NAO FATAL,2020-11-23,2020,11,23,19:19,Segunda-feira,NOITE,VIAS URBANAS,PUBLICO,AVENIDA GILDO NICOLUCI,-21.59613448,-48.38434736,CHOQUE,0,2,0,0,0,0,0,0,1,0,2,19.0,1,2,Com feridos graves,False
2163073,SINISTRO NAO FATAL,2020-11-23,2020,11,23,12:29,Segunda-feira,TARDE,VIAS URBANAS,PUBLICO,AVENIDA DOUTOR LAERT TABALLO MENDES,-21.60423906,-48.37307737,CHOQUE,0,1,0,0,0,0,0,0,0,1,0,12.0,1,1,Com feridos leves,False
1351132,NOTIFICACAO,2020-11-25,2020,11,25,18:22,Quarta-feira,NOITE,VIAS URBANAS,NAO DISPONIVEL,AVENIDA BALDAN,-21.61293903,-48.37104712,NAO DISPONIVEL,0,0,0,0,0,0,0,0,0,0,0,18.0,0,0,Sem vítimas,False
1340102,SINISTRO NAO FATAL,2020-11-26,2020,11,26,17:47,Quinta-feira,TARDE,VIAS URBANAS,PUBLICO,RUA SINHARINHA FROTA,-21.61401607,-48.34788205,COLISAO,0,0,1,0,0,0,0,0,0,1,1,17.0,1,1,Com feridos leves,False
1356136,SINISTRO NAO FATAL,2020-11-30,2020,11,30,17:09,Segunda-feira,TARDE,VIAS URBANAS,PRIVADO,RUA SINHARINHA FROTA,-21.61401607,-48.34788205,COLISAO,0,1,1,0,0,0,0,0,0,1,1,17.0,1,2,Com feridos leves,False
1637404,NOTIFICACAO,2020-11-30,2020,11,30,23:08,Segunda-feira,NOITE,VIAS URBANAS,PUBLICO,VIA VICENTE BARBOSA DA SILVA,-21.63936648,-48.35100994,OUTROS,0,0,0,0,0,0,0,0,0,0,0,23.0,0,0,Sem vítimas,False
1864330,SINISTRO NAO FATAL,2020-12-01,2020,12,1,07:39,Terça-feira,MANHA,VIAS URBANAS,PUBLICO,AVENIDA QUINZE DE NOVEMBRO,-21.60907807,-48.36746754,COLISAO,0,0,3,0,0,0,0,0,0,1,2,7.0,1,3,Com feridos leves,False
2145024,SINISTRO NAO FATAL,2020-12-01,2020,12,1,15:03,Terça-feira,TARDE,VIAS URBANAS,PUBLICO,RUA NHONHO MAGALHAES,-21.60406475,-48.35607439,COLISAO,0,1,1,0,0,0,0,0,0,1,1,15.0,1,2,Com feridos leves,False
2163748,NOTIFICACAO,2020-12-01,2020,12,1,15:11,Terça-feira,TARDE,VIAS URBANAS,NAO DISPONIVEL,RUA JOSE ARTIMONTE,-21.60455391,-48.35444909,OUTROS,0,0,0,0,0,0,0,0,0,0,0,15.0,0,0,Sem vítimas,False
2044924,NOTIFICACAO,2020-12-03,2020,12,3,10:02,Quinta-feira,MANHA,VIAS URBANAS,PUBLICO,RUA SAO LOURENCO,-21.60150932,-48.36040515,OUTROS,0,0,0,0,0,0,0,0,0,0,0,10.0,0,0,Sem vítimas,False
1407782,SINISTRO NAO FATAL,2020-12-05,2020,12,5,14:13,Sábado,TARDE,VIAS URBANAS,PUBLICO,AVENIDA ANTONIO GORGATTI,-21.61808932,-48.362432,OUTROS,0,1,0,0,0,0,0,0,0,1,0,14.0,1,1,Com feridos leves,True
1608910,SINISTRO NAO FATAL,2020-12-05,2020,12,5,17:42,Sábado,TARDE,VIAS URBANAS,PUBLICO,AVENIDA FRANCISCO MASTROPIETRO,-21.58783769,-48.35872113,COLISAO,0,1,1,0,0,0,0,0,0,2,0,17.0,2,2,Com feridos leves,True
2002277,NOTIFICACAO,2020-12-05,2020,12,5,04:00,Sábado,MADRUGADA,VIAS URBANAS,NAO DISPONIVEL,RUA CASTRO ALVES,-21.59934149,-48.36039139,OUTROS,0,0,0,0,0,0,0,0,0,0,0,4.0,0,0,Sem vítimas,True
2283540,NOTIFICACAO,2020-12-05,2020,12,5,14:11,Sábado,TARDE,VIAS URBANAS,NAO DISPONIVEL,AVENIDA ANTONIO GORGATTI,-21.61808932,-48.362432,OUTROS,0,0,0,0,0,0,0,0,0,0,0,14.0,0,0,Sem vítimas,True
1384649,SINISTRO NAO FATAL,2020-12-06,2020,12,6,12:37,Domingo,TARDE,VIAS URBANAS,PUBLICO,RUA RUI BARBOSA,-21.6303593,-48.33568143,CHOQUE,0,0,1,0,0,0,0,0,0,1,0,12.0,1,1,Com feridos leves,True
2047885,SINISTRO NAO FATAL,2020-12-07,2020,12,7,10:54,Segunda-feira,MANHA,VIAS URBANAS,PUBLICO,AVENIDA CAMPOS SALLES,-21.59740417,-48.36460381,COLISAO,0,1,0,0,1,0,0,0,1,1,1,10.0,2,2,Com feridos graves,False
2163390,SINISTRO NAO FATAL,2020-12-08,2020,12,8,14:53,Terça-feira,TARDE,VIAS URBANAS,NAO DISPONIVEL,ANA MARIA POMPILHI GONZALES,-21.60130013,-48.39240848,COLISAO,0,1,1,0,0,0,0,0,0,1,1,14.0,1,2,Com feridos leves,False
2200614,NOTIFICACAO,2020-12-09,2020,12,9,15:05,Quarta-feira,TARDE,ESTRADAS E RODOVIAS,NAO DISPONIVEL,SP 310,-21.6065951,-48.36730398,OUTROS,0,0,0,0,0,0,0,0,0,0,0,15.0,0,0,Sem vítimas,False
2236512,NOTIFICACAO,2020-12-09,2020,12,9,15:04,Quarta-feira,TARDE,ESTRADAS E RODOVIAS,NAO DISPONIVEL,SP 310,-21.658221,-48.37660014,OUTROS,0,0,0,0,0,0,0,0,0,0,0,15.0,0,0,Sem vítimas,False
1370175,SINISTRO NAO FATAL,2020-12-10,2020,12,10,18:26,Quinta-feira,NOITE,VIAS URBANAS,PUBLICO,RUA SAO LOURENCO,-21.5946639,-48.37540515,CHOQUE,0,2,0,0,0,0,0,0,0,1,1,18.0,1,2,Com feridos leves,False
1489217,SINISTRO NAO FATAL,2020-12-10,2020,12,10,19:45,Quinta-feira,NOITE,ESTRADAS E RODOVIAS,PUBLICO,SP 326,-21.607653,-48.33485,COLISAO,1,0,1,0,0,0,0,0,1,0,2,19.0,1,2,Com feridos graves,False
2120813,SINISTRO NAO FATAL,2020-12-11,2020,12,11,12:04,Sexta-feira,TARDE,VIAS URBANAS,NAO DISPONIVEL,AVENIDA MARLENE DAVID DOS SANTOS,-21.63198197,-48.34535895,COLISAO,0,1,1,0,0,0,0,0,0,1,1,12.0,1,2,Com feridos leves,False
2193582,NOTIFICACAO,2020-12-11,2020,12,11,13:52,Sexta-feira,TARDE,VIAS URBANAS,NAO DISPONIVEL,RUA PRUDENTE DE MORAES,-21.60239407,-48.36159405,NAO DISPONIVEL,0,0,0,0,0,0,0,0,0,0,0,13.0,0,0,Sem vítimas,False
1447686,NOTIFICACAO,2020-12-12,2020,12,12,15:10,Sábado,TARDE,VIAS URBANAS,PUBLICO,RUA SAO LOURENCO,-21.60124174,-48.36132272,OUTROS,0,0,0,0,0,0,0,0,0,0,0,15.0,0,0,Sem vítimas,True
2024573,NOTIFICACAO,2020-12-12,2020,12,12,05:53,Sábado,MADRUGADA,VIAS URBANAS,NAO DISPONIVEL,AVENIDA BALDAN,-21.62047312,-48.35472592,OUTROS,0,0,0,0,0,0,0,0,0,0,0,5.0,0,0,Sem vítimas,True
2188802,NOTIFICACAO,2020-12-12,2020,12,12,11:16,Sábado,MANHA,VIAS URBANAS,PUBLICO,AVENIDA PADRE NELSON ANTONIO ROMAO,-21.60710818,-48.36172419,OUTROS,0,0,0,0,0,0,0,0,0,0,0,11.0,0,0,Sem vítimas,True
2372937,NOTIFICACAO,2020-12-12,2020,12,12,11:16,Sábado,MANHA,VIAS URBANAS,NAO DISPONIVEL,AVENIDA PADRE NELSON ANTONIO ROMAO,-21.60980825,-48.36391815,OUTROS,0,0,0,0,0,0,0,0,0,0,0,11.0,0,0,Sem vítimas,True
1788881,NOTIFICACAO,2020-12-13,2020,12,13,20:24,Domingo,NOITE,VIAS URBANAS,PUBLICO,VIA CLITO BASTIA,-21.62328895,-48.33318675,OUTROS,0,0,0,0,0,0,0,0,0,0,0,20.0,0,0,Sem vítimas,True
1421234,SINISTRO NAO FATAL,2020-12-14,2020,12,14,18:00,Segunda-feira,NOITE,VIAS URBANAS,PUBLICO,RUA JOSE BONIFACIO,-21.60610004,-48.36036314,COLISAO,0,1,1,0,0,0,0,0,0,2,1,18.0,2,2,Com feridos leves,False
1551188,SINISTRO NAO FATAL,2020-12-14,2020,12,14,20:09,Segunda-feira,NOITE,VIAS URBANAS,PUBLICO,ESTRADA DOBRADA  MATÃO,-21.58398063,-48.36896646,COLISAO,0,0,2,0,0,0,0,0,1,4,0,20.0,5,2,Com feridos graves,False
1297624,SINISTRO NAO FATAL,2020-12-15,2020,12,15,17:06,Terça-feira,TARDE,VIAS URBANAS,PUBLICO,RUA PRUDENTE DE MORAES,-21.60239407,-48.36159405,COLISAO,0,1,1,0,0,0,0,0,0,1,1,17.0,1,2,Com feridos leves,False
1943626,SINISTRO NAO FATAL,2020-12-15,2020,12,15,08:27,Terça-feira,MANHA,VIAS URBANAS,PUBLICO,AVENIDA PADRE NELSON ANTONIO ROMAO,-21.60862488,-48.36266996,COLISAO,0,0,2,0,0,0,0,0,0,1,1,8.0,1,2,Com feridos leves,False
2000169,NOTIFICACAO,2020-12-15,2020,12,15,11:28,Terça-feira,MANHA,VIAS URBANAS,PUBLICO,AVENIDA SAO PAULO,-21.59972242,-48.35116972,OUTROS,0,0,0,0,0,0,0,0,0,0,0,11.0,0,0,Sem vítimas,False
1839967,SINISTRO NAO FATAL,2020-12-16,2020,12,16,07:29,Quarta-feira,MANHA,VIAS URBANAS,PUBLICO,AV MARCHESAN,-21.61294703,-48.37102979,CHOQUE,0,0,2,0,0,0,0,0,0,1,1,7.0,1,2,Com feridos leves,False
2247693,SINISTRO NAO FATAL,2020-12-16,2020,12,16,15:45,Quarta-feira,TARDE,VIAS URBANAS,PUBLICO,AVENIDA QUINZE DE NOVEMBRO,-21.60834059,-48.36707478,COLISAO,0,1,1,0,0,0,0,0,0,1,1,15.0,1,2,Com feridos leves,False
1388908,SINISTRO NAO FATAL,2020-12-17,2020,12,17,18:26,Quinta-feira,NOITE,VIAS URBANAS,PUBLICO,DOS TRABALHADORES,-21.60116719,-48.39024201,OUTROS,0,0,1,0,0,0,0,0,0,1,1,18.0,1,1,Com feridos leves,False
2124528,NOTIFICACAO,2020-12-17,2020,12,17,13:45,Quinta-feira,TARDE,VIAS URBANAS,NAO DISPONIVEL,AVENIDA SIQUEIRA CAMPOS,-21.60217583,-48.36603216,OUTROS,0,0,0,0,0,0,0,0,0,0,0,13.0,0,0,Sem vítimas,False
2127732,SINISTRO NAO FATAL,2020-12-17,2020,12,17,13:46,Quinta-feira,TARDE,VIAS URBANAS,PUBLICO,RUA SAO LOURENCO,-21.60124174,-48.36132272,COLISAO,0,0,2,0,0,0,0,0,0,1,1,13.0,1,2,Com feridos leves,False
2456429,SINISTRO FATAL,2020-12-17,2020,12,17,22:26,Quinta-feira,NOITE,VIAS URBANAS,PUBLICO,AVENIDA FRANCISCO MASTROPIETRO,-21.5889699596,-48.3563787,CHOQUE,0,0,1,0,0,0,0,1,0,0,0,22.0,1,1,Com óbito,False
1590909,SINISTRO NAO FATAL,2020-12-18,2020,12,18,20:57,Sexta-feira,NOITE,VIAS URBANAS,PUBLICO,AVENIDA BALDAN,-21.61362631,-48.36955784,CHOQUE,0,1,0,0,0,0,0,0,0,1,0,20.0,1,1,Com feridos leves,False
1627894,NOTIFICACAO,2020-12-18,2020,12,18,20:54,Sexta-feira,NOITE,VIAS URBANAS,NAO DISPONIVEL,AVENIDA BALDAN,-21.61293903,-48.37104712,OUTROS,0,0,0,0,0,0,0,0,0,0,0,20.0,0,0,Sem vítimas,False
2124546,SINISTRO NAO FATAL,2020-12-18,2020,12,18,00:41,Sexta-feira,MADRUGADA,VIAS URBANAS,PUBLICO,AVENIDA BALDAN,-21.61032578,-48.37673105,COLISAO,0,1,0,0,0,0,0,0,0,2,0,0.0,2,1,Com feridos leves,False
2227380,NOTIFICACAO,2020-12-19,2020,12,19,08:26,Sábado,MANHA,VIAS URBANAS,PUBLICO,RUA JOSE GONCALVES,-21.60525731,-48.37442872,OUTROS,0,0,0,0,0,0,0,0,0,0,0,8.0,0,0,Sem vítimas,True
1802548,NOTIFICACAO,2020-12-20,2020,12,20,20:42,Domingo,NOITE,VIAS URBANAS,PUBLICO,AVENIDA ALBERTO BENASSI,-21.61455843,-48.35885229,NAO DISPONIVEL,0,0,0,0,0,0,0,0,0,0,0,20.0,0,0,Sem vítimas,True
1821107,SINISTRO NAO FATAL,2020-12-20,2020,12,20,21:14,Domingo,NOITE,VIAS URBANAS,PUBLICO,AVENIDA CAMPOS SALLES,-21.60704528,-48.36967069,COLISAO,0,1,1,0,0,0,0,0,0,1,1,21.0,1,2,Com feridos leves,True
1520001,SINISTRO NAO FATAL,2020-12-21,2020,12,21,18:19,Segunda-feira,NOITE,VIAS URBANAS,PUBLICO,AVENIDA LUDWIG ECKES,-21.59629982,-48.38088226,OUTROS,0,1,1,0,0,0,0,0,0,1,3,18.0,1,2,Com feridos leves,False
1843277,SINISTRO NAO FATAL,2020-12-22,2020,12,22,07:16,Terça-feira,MANHA,VIAS URBANAS,PUBLICO,AVENIDA TROLESI,-21.60726204,-48.34909147,COLISAO,0,0,1,0,1,0,0,0,0,2,0,7.0,2,2,Com feridos leves,False
1346645,SINISTRO NAO FATAL,2020-12-23,2020,12,23,16:59,Quarta-feira,TARDE,VIAS URBANAS,PUBLICO,RUA ELÍAS RAIMUNDO DE BRITO,-21.62161219,-48.3428765,COLISAO,0,1,1,0,0,0,0,0,1,0,1,16.0,1,2,Com feridos graves,False
1318386,SINISTRO NAO FATAL,2020-12-24,2020,12,24,12:29,Quinta-feira,TARDE,VIAS URBANAS,PUBLICO,AVENIDA LUDWIG ECKES,-21.59570464,-48.38054253,COLISAO,0,1,1,0,0,0,0,0,0,1,1,12.0,1,2,Com feridos leves,False
1434912,NOTIFICACAO,2020-12-24,2020,12,24,13:41,Quinta-feira,TARDE,VIAS URBANAS,NAO DISPONIVEL,RUA SINHARINHA FROTA,-21.60475599,-48.36773163,OUTROS,0,0,0,0,0,0,0,0,0,0,0,13.0,0,0,Sem vítimas,False
2273244,NOTIFICACAO,2020-12-24,2020,12,24,12:38,Quinta-feira,TARDE,VIAS URBANAS,NAO DISPONIVEL,AVENIDA LUDWIG ECKES,-21.59570464,-48.38054253,OUTROS,0,0,0,0,0,0,0,0,0,0,0,12.0,0,0,Sem vítimas,False
2083201,SINISTRO NAO FATAL,2020-12-25,2020,12,25,03:50,Sexta-feira,MADRUGADA,ESTRADAS E RODOVIAS,PUBLICO,SP 326,-21.61708812,-48.33567834,CHOQUE,0,0,1,0,0,0,0,0,1,0,0,3.0,1,1,Com feridos graves,False
2087910,SINISTRO NAO FATAL,2020-12-26,2020,12,26,12:19,Sábado,TARDE,VIAS URBANAS,PUBLICO,AVENIDA BORTOLO BIAVA,-21.6089165,-48.36266262,OUTROS,0,1,0,0,0,0,0,0,0,1,1,12.0,1,1,Com feridos leves,True
1351816,NOTIFICACAO,2020-12-28,2020,12,28,17:10,Segunda-feira,TARDE,VIAS URBANAS,NAO DISPONIVEL,AVENIDA SETE DE SETEMBRO,-21.59924176,-48.36336999,OUTROS,0,0,0,0,0,0,0,0,0,0,0,17.0,0,0,Sem vítimas,False
2094923,SINISTRO NAO FATAL,2020-12-29,2020,12,29,11:48,Terça-feira,MANHA,VIAS URBANAS,PUBLICO,AVENIDA FARIA LIMA,-21.60111233,-48.38934804,CHOQUE,0,0,1,0,0,0,0,0,0,1,2,11.0,1,1,Com feridos leves,False
2167064,SINISTRO NAO FATAL,2020-12-29,2020,12,29,14:37,Terça-feira,TARDE,VIAS URBANAS,PUBLICO,RUA SINHARINHA FROTA,-21.61181203,-48.35149784,COLISAO,1,0,1,0,0,0,0,0,0,1,2,14.0,1,2,Com feridos leves,False
2122055,NOTIFICACAO,2020-12-31,2020,12,31,07:06,Quinta-feira,MANHA,VIAS URBANAS,PRIVADO,VIA ORLANDO JOSE SCUTTI,-21.63014766,-48.35413193,OUTROS,0,0,0,0,0,0,0,0,0,0,0,7.0,0,0,Sem vítimas,False
1740024,NOTIFICACAO,2021-01-01,2021,1,1,16:38,Sexta-feira,TARDE,VIAS URBANAS,NAO DISPONIVEL,AVENIDA VEREADOR ANÉSIO SCUTTI,-21.62562044,-48.34053263,OUTROS,0,0,0,0,0,0,0,0,0,0,0,16.0,0,0,Sem vítimas,False
1766164,SINISTRO NAO FATAL,2021-01-01,2021,1,1,23:01,Sexta-feira,NOITE,VIAS URBANAS,PUBLICO,AVENIDA DOUTOR LAERT TABALLO MENDES,-21.59560196,-48.37089404,COLISAO,0,1,1,0,0,0,0,0,0,1,1,23.0,1,2,Com feridos leves,False
1475094,SINISTRO NAO FATAL,2021-01-03,2021,1,3,16:27,Domingo,TARDE,VIAS URBANAS,PUBLICO,AVENIDA FRANCISCO MASTROPIETRO,-21.58783769,-48.35872113,COLISAO,0,1,1,0,0,0,0,0,0,2,2,16.0,2,2,Com feridos leves,True
1742209,SINISTRO NAO FATAL,2021-01-03,2021,1,3,01:12,Domingo,MADRUGADA,VIAS URBANAS,PUBLICO,VIA CLITO BASTIA,-21.62320363,-48.33414271,NAO DISPONIVEL,0,1,0,0,0,0,0,0,0,2,0,1.0,2,1,Com feridos leves,True
2188194,SINISTRO NAO FATAL,2021-01-03,2021,1,3,00:26,Domingo,MADRUGADA,VIAS URBANAS,PUBLICO,RUA JOSE GONCALVES,-21.6026471,-48.39716064,CHOQUE,0,0,1,1,0,0,0,0,0,1,2,0.0,1,2,Com feridos leves,True
1364133,NOTIFICACAO,2021-01-04,2021,1,4,18:02,Segunda-feira,NOITE,VIAS URBANAS,NAO DISPONIVEL,AVENIDA FRANCISCO MASTROPIETRO,-21.58815198,-48.35891736,OUTROS,0,0,0,0,0,0,0,0,0,0,0,18.0,0,0,Sem vítimas,False
1378421,SINISTRO NAO FATAL,2021-01-04,2021,1,4,18:03,Segunda-feira,NOITE,VIAS URBANAS,PUBLICO,TRABALHADORES,-21.60135126,-48.36829909,COLISAO,0,1,0,0,0,0,0,0,0,1,0,18.0,1,1,Com feridos leves,False
1924140,SINISTRO NAO FATAL,2021-01-04,2021,1,4,07:01,Segunda-feira,MANHA,VIAS URBANAS,PUBLICO,AVENIDA SANTO ANTONIO,-21.604917,-48.37183886,COLISAO,1,0,1,0,0,0,0,0,0,1,1,7.0,1,2,Com feridos leves,False
2093998,SINISTRO NAO FATAL,2021-01-04,2021,1,4,13:16,Segunda-feira,TARDE,ESTRADAS E RODOVIAS,PUBLICO,SP 310,-21.54710894,-48.49468058,OUTROS,0,0,0,0,1,0,1,0,0,0,1,13.0,0,2,Sem vítimas,False
2115428,SINISTRO NAO FATAL,2021-01-07,2021,1,7,14:21,Quinta-feira,TARDE,VIAS URBANAS,PUBLICO,RUA SINHARINHA FROTA,-21.60475599,-48.36773163,ATROPELAMENTO,0,0,0,1,0,1,0,0,0,1,0,14.0,1,1,Com feridos leves,False
1323219,SINISTRO NAO FATAL,2021-01-08,2021,1,8,17:18,Sexta-feira,TARDE,VIAS URBANAS,PUBLICO,VIA CLITO BASTIA,-21.62328895,-48.33318675,COLISAO,0,0,2,0,0,0,0,0,0,1,1,17.0,1,2,Com feridos leves,False
1597180,SINISTRO NAO FATAL,2021-01-08,2021,1,8,21:09,Sexta-feira,NOITE,VIAS URBANAS,PUBLICO,RUA SINHARINHA FROTA,-21.60250973,-48.37259207,COLISAO,0,1,1,0,0,0,0,0,0,2,1,21.0,2,2,Com feridos leves,False
2002079,SINISTRO NAO FATAL,2021-01-08,2021,1,8,11:37,Sexta-feira,MANHA,VIAS URBANAS,PUBLICO,ALAMEDA DA SAUDADE,-21.59905101,-48.37535022,COLISAO,0,1,1,0,0,0,0,0,0,1,1,11.0,1,2,Com feridos leves,False
1288257,SINISTRO NAO FATAL,2021-01-09,2021,1,9,00:33,Sábado,MADRUGADA,VIAS URBANAS,PUBLICO,RUA JOAO MARCHESAN,-21.61032578,-48.37673105,CHOQUE,0,1,1,0,0,0,0,0,0,1,1,0.0,1,2,Com feridos leves,True
1690435,NOTIFICACAO,2021-01-09,2021,1,9,19:48,Sábado,NOITE,VIAS URBANAS,PUBLICO,AVENIDA LUDWIG ECKES,-21.59621748,-48.38083526,OUTROS,0,0,0,0,0,0,0,0,0,0,0,19.0,0,0,Sem vítimas,True
2021578,SINISTRO NAO FATAL,2021-01-10,2021,1,10,03:19,Domingo,MADRUGADA,VIAS URBANAS,PUBLICO,AVENIDA PADRE NELSON ANTONIO ROMAO,-21.60732644,-48.36203016,COLISAO,0,1,0,0,0,0,0,0,0,1,0,3.0,1,1,Com feridos leves,True
1961126,NOTIFICACAO,2021-01-11,2021,1,11,08:32,Segunda-feira,MANHA,VIAS URBANAS,PRIVADO,RUA RUI BARBOSA,-21.60135126,-48.36829909,OUTROS,0,0,0,0,0,0,0,0,0,0,0,8.0,0,0,Sem vítimas,False
1994809,SINISTRO NAO FATAL,2021-01-11,2021,1,11,07:51,Segunda-feira,MANHA,VIAS URBANAS,PUBLICO,VIA NARCIZO BALDAN,-21.60757646,-48.35479721,NAO DISPONIVEL,0,1,0,0,0,0,0,0,0,1,0,7.0,1,1,Com feridos leves,False
2137463,SINISTRO NAO FATAL,2021-01-12,2021,1,12,13:47,Terça-feira,TARDE,VIAS URBANAS,PUBLICO,AVENIDA LUDWIG ECKES,-21.59621748,-48.38083526,NAO DISPONIVEL,0,1,0,0,1,0,0,0,0,1,1,13.0,1,2,Com feridos leves,False
1391005,SINISTRO NAO FATAL,2021-01-13,2021,1,13,18:30,Quarta-feira,NOITE,VIAS URBANAS,PUBLICO,RUA RUI BARBOSA,-21.60086077,-48.36935632,CHOQUE,0,1,0,0,0,0,0,0,0,1,1,18.0,1,1,Com feridos leves,False
1525866,SINISTRO NAO FATAL,2021-01-13,2021,1,13,22:08,Quarta-feira,NOITE,VIAS URBANAS,PUBLICO,VIA CLITO BASTIA,-21.62290619,-48.33411401,OUTROS,0,0,1,0,0,0,0,0,0,3,1,22.0,3,1,Com feridos leves,False
1856104,SINISTRO NAO FATAL,2021-01-14,2021,1,14,05:52,Quinta-feira,MADRUGADA,VIAS URBANAS,PUBLICO,AVENIDA ANTONIO DA SILVA COELHO,-21.57925329,-48.35653106,CHOQUE,0,0,1,0,0,0,0,0,0,1,0,5.0,1,1,Com feridos leves,False
2193342,SINISTRO NAO FATAL,2021-01-14,2021,1,14,14:34,Quinta-feira,TARDE,VIAS URBANAS,PUBLICO,RUA RUI BARBOSA,-21.60135126,-48.36829909,OUTROS,0,1,0,0,0,0,0,0,1,1,0,14.0,2,1,Com feridos graves,False
1578203,SINISTRO NAO FATAL,2021-01-16,2021,1,16,17:54,Sábado,TARDE,VIAS URBANAS,PUBLICO,AVENIDA LUDWIG ECKES,-21.59621748,-48.38083526,COLISAO,0,1,0,0,0,0,0,0,0,1,0,17.0,1,1,Com feridos leves,True
1673640,SINISTRO NAO FATAL,2021-01-16,2021,1,16,21:35,Sábado,NOITE,VIAS URBANAS,PUBLICO,RUA JOSE GONCALVES,-21.60366103,-48.38815405,ATROPELAMENTO,0,0,1,0,0,2,0,0,0,1,2,21.0,1,1,Com feridos leves,True
1911068,NOTIFICACAO,2021-01-19,2021,1,19,09:14,Terça-feira,MANHA,VIAS URBANAS,PUBLICO,AVENIDA SETE DE SETEMBRO,-21.60576604,-48.36685821,OUTROS,0,0,0,0,0,0,0,0,0,1,0,9.0,1,0,Com feridos leves,False
1640474,SINISTRO NAO FATAL,2021-01-20,2021,1,20,23:36,Quarta-feira,NOITE,VIAS URBANAS,PUBLICO,AVENIDA FRANCISCO MASTROPIETRO,-21.59241539,-48.34924109,COLISAO,0,2,0,0,0,0,0,0,0,3,0,23.0,3,2,Com feridos leves,False
2174006,SINISTRO NAO FATAL,2021-01-20,2021,1,20,14:45,Quarta-feira,TARDE,VIAS URBANAS,PUBLICO,AVENIDA ANGELO BELLINE,-21.59376634,-48.37765284,OUTROS,0,1,1,0,0,0,0,0,0,1,1,14.0,1,2,Com feridos leves,False
1362110,NOTIFICACAO,2021-01-21,2021,1,21,17:44,Quinta-feira,TARDE,VIAS URBANAS,PRIVADO,RUA SINHARINHA FROTA,-21.61401607,-48.34788205,OUTROS,0,0,0,0,0,0,0,0,0,0,0,17.0,0,0,Sem vítimas,False
1527129,SINISTRO NAO FATAL,2021-01-23,2021,1,23,15:20,Sábado,TARDE,VIAS URBANAS,PUBLICO,AVENIDA SETE DE SETEMBRO,-21.59924176,-48.36336999,OUTROS,0,0,0,0,0,0,0,0,0,0,0,15.0,0,0,Sem vítimas,True
2182879,SINISTRO NAO FATAL,2021-01-23,2021,1,23,06:10,Sábado,MANHA,ESTRADAS E RODOVIAS,PUBLICO,SP 310,-21.55767585,-48.48038117,CHOQUE,0,0,1,0,0,0,0,0,0,1,0,6.0,1,1,Com feridos leves,True
1485886,NOTIFICACAO,2021-01-25,2021,1,25,17:33,Segunda-feira,TARDE,VIAS URBANAS,NAO DISPONIVEL,AVENIDA TROLESI,-21.61142488,-48.35129096,OUTROS,0,0,0,0,0,0,0,0,0,0,0,17.0,0,0,Sem vítimas,False
2103456,SINISTRO NAO FATAL,2021-01-26,2021,1,26,12:40,Terça-feira,TARDE,VIAS URBANAS,PUBLICO,AVENIDA QUINZE DE NOVEMBRO,-21.60721497,-48.36648477,COLISAO,0,1,1,0,0,0,0,0,0,1,1,12.0,1,2,Com feridos leves,False
1311905,SINISTRO NAO FATAL,2021-01-27,2021,1,27,17:21,Quarta-feira,TARDE,VIAS URBANAS,NAO DISPONIVEL,AVENIDA JOSE CERQUEIRA,-21.59359383,-48.37329037,OUTROS,0,1,0,0,0,0,0,0,0,1,0,17.0,1,1,Com feridos leves,False
1412314,SINISTRO NAO FATAL,2021-01-28,2021,1,28,18:32,Quinta-feira,NOITE,VIAS URBANAS,PUBLICO,RUA JOSE GONCALVES,-21.60404311,-48.38482505,OUTROS,0,1,0,0,0,0,0,0,0,1,0,18.0,1,1,Com feridos leves,False
1430636,NOTIFICACAO,2021-01-28,2021,1,28,18:47,Quinta-feira,NOITE,VIAS URBANAS,NAO DISPONIVEL,RUA FELIPE THOMAZ GRANATO,-21.60117329,-48.39034134,OUTROS,0,0,0,0,0,0,0,0,0,0,0,18.0,0,0,Sem vítimas,False
1280361,SINISTRO NAO FATAL,2021-01-29,2021,1,29,16:40,Sexta-feira,TARDE,VIAS URBANAS,PUBLICO,RUA SAO LOURENCO,-21.59727404,-48.36896377,OUTROS,0,2,0,0,0,0,0,0,0,1,1,16.0,1,2,Com feridos leves,False
1378942,SINISTRO NAO FATAL,2021-01-31,2021,1,31,11:55,Domingo,MANHA,VIAS URBANAS,PRIVADO,AVENIDA SETE DE SETEMBRO,-21.60453522,-48.36619642,COLISAO,0,0,1,0,0,0,0,0,0,1,0,11.0,1,1,Com feridos leves,True
1818923,SINISTRO NAO FATAL,2021-01-31,2021,1,31,01:57,Domingo,MADRUGADA,VIAS URBANAS,PUBLICO,RUA CASTRO ALVES,-21.59934149,-48.36039139,CHOQUE,0,0,1,0,0,0,0,0,0,1,1,1.0,1,1,Com feridos leves,True
2077072,NOTIFICACAO,2021-02-02,2021,2,2,12:56,Terça-feira,TARDE,VIAS URBANAS,PRIVADO,AVENIDA MANOEL MINGORANCI,-21.58684175,-48.37517164,OUTROS,0,0,0,0,0,0,0,0,0,0,0,12.0,0,0,Sem vítimas,False
1909626,SINISTRO NAO FATAL,2021-02-03,2021,2,3,08:07,Quarta-feira,MANHA,VIAS URBANAS,PUBLICO,RUA SINHARINHA FROTA,-21.60290787,-48.37173062,COLISAO,0,1,1,0,0,0,0,0,0,1,1,8.0,1,2,Com feridos leves,False
2012998,SINISTRO NAO FATAL,2021-02-03,2021,2,3,10:36,Quarta-feira,MANHA,VIAS URBANAS,PUBLICO,RUA SAO LOURENCO,-21.60124174,-48.36132272,COLISAO,0,0,1,0,0,0,0,0,0,1,1,10.0,1,1,Com feridos leves,False
2326749,NOTIFICACAO,2021-02-03,2021,2,3,10:36,Quarta-feira,MANHA,VIAS URBANAS,NAO DISPONIVEL,RUA SAO LOURENCO,-21.60147588,-48.36047721,OUTROS,0,0,0,0,0,0,0,0,0,0,0,10.0,0,0,Sem vítimas,False
1497388,SINISTRO NAO FATAL,2021-02-04,2021,2,4,19:46,Quinta-feira,NOITE,VIAS URBANAS,PUBLICO,AVENIDA SAO PAULO,-21.59884939,-48.35094055,COLISAO,0,1,1,0,0,0,0,0,0,1,1,19.0,1,2,Com feridos leves,False
1844025,NOTIFICACAO,2021-02-04,2021,2,4,09:05,Quinta-feira,MANHA,VIAS URBANAS,PRIVADO,AVENIDA SETE DE SETEMBRO,-21.60453522,-48.36619642,OUTROS,0,0,0,0,0,0,0,0,0,0,0,9.0,0,0,Sem vítimas,False
2138347,NOTIFICACAO,2021-02-04,2021,2,4,12:02,Quinta-feira,TARDE,VIAS URBANAS,PRIVADO,AVENIDA SETE DE SETEMBRO,-21.60453522,-48.36619642,OUTROS,0,0,0,0,0,0,0,0,0,0,0,12.0,0,0,Sem vítimas,False
1354751,SINISTRO NAO FATAL,2021-02-06,2021,2,6,12:21,Sábado,TARDE,VIAS URBANAS,PUBLICO,AVENIDA PADRE NELSON ANTONIO ROMAO,-21.60710818,-48.36172419,COLISAO,0,1,1,0,0,0,0,0,0,1,2,12.0,1,2,Com feridos leves,True
2106738,SINISTRO NAO FATAL,2021-02-07,2021,2,7,04:26,Domingo,MADRUGADA,VIAS URBANAS,PUBLICO,RUA SEBASTIAO LIMA,-21.60135126,-48.36829909,COLISAO,0,0,1,0,0,0,0,0,0,1,0,4.0,1,1,Com feridos leves,True
1948740,SINISTRO NAO FATAL,2021-02-09,2021,2,9,09:56,Terça-feira,MANHA,VIAS URBANAS,PUBLICO,AVENIDA BALDAN,-21.61032578,-48.37673105,COLISAO,0,0,2,0,0,0,0,0,0,1,1,9.0,1,2,Com feridos leves,False
2349921,NOTIFICACAO,2021-02-09,2021,2,9,09:55,Terça-feira,MANHA,VIAS URBANAS,NAO DISPONIVEL,AVENIDA BALDAN,-21.61032578,-48.37673105,OUTROS,0,0,0,0,0,0,0,0,0,0,0,9.0,0,0,Sem vítimas,False
2155152,SINISTRO NAO FATAL,2021-02-10,2021,2,10,13:04,Quarta-feira,TARDE,VIAS URBANAS,PUBLICO,RUA SINHARINHA FROTA,-21.6136158,-48.34875925,COLISAO,0,1,1,0,0,0,0,0,0,1,1,13.0,1,2,Com feridos leves,False
2218495,NOTIFICACAO,2021-02-10,2021,2,10,14:52,Quarta-feira,TARDE,VIAS URBANAS,PUBLICO,RUA SINHARINHA FROTA,-21.6136158,-48.34875925,OUTROS,0,0,0,0,0,0,0,0,0,0,0,14.0,0,0,Sem vítimas,False
1699109,SINISTRO NAO FATAL,2021-02-12,2021,2,12,22:55,Sexta-feira,NOITE,VIAS URBANAS,PUBLICO,RUA SINHARINHA FROTA,-21.6082931,-48.3605381,COLISAO,0,0,2,0,0,0,0,0,0,2,2,22.0,2,2,Com feridos leves,False
2146282,NOTIFICACAO,2021-02-13,2021,2,13,08:38,Sábado,MANHA,VIAS URBANAS,PUBLICO,AVENIDA SETE DE SETEMBRO,-21.60576604,-48.36685821,NAO DISPONIVEL,0,0,0,0,0,0,0,0,0,1,0,8.0,1,0,Com feridos leves,True
1545492,NOTIFICACAO,2021-02-15,2021,2,15,20:05,Segunda-feira,NOITE,VIAS URBANAS,PUBLICO,RUA SINHARINHA FROTA,-21.61401607,-48.34788205,ATROPELAMENTO,0,0,0,0,0,1,0,0,0,1,0,20.0,1,0,Com feridos leves,False
2016554,NOTIFICACAO,2021-02-15,2021,2,15,07:58,Segunda-feira,MANHA,VIAS URBANAS,NAO DISPONIVEL,RUA SINHARINHA FROTA,-21.61390651,-48.34812208,OUTROS,0,0,0,0,0,0,0,0,0,0,0,7.0,0,0,Sem vítimas,False
2349693,SINISTRO NAO FATAL,2021-02-18,2021,2,18,00:36,Quinta-feira,MADRUGADA,VIAS URBANAS,PUBLICO,AVENIDA BALDAN,-21.61032578,-48.37673105,COLISAO,0,0,1,0,0,0,0,0,0,1,0,0.0,1,1,Com feridos leves,False
1419724,SINISTRO NAO FATAL,2021-02-19,2021,2,19,17:36,Sexta-feira,TARDE,VIAS URBANAS,PUBLICO,RUA ARMANDO FECHIO,-21.61763015,-48.35550348,COLISAO,0,1,1,0,0,0,0,0,0,1,1,17.0,1,2,Com feridos leves,False
2109357,SINISTRO NAO FATAL,2021-02-19,2021,2,19,11:15,Sexta-feira,MANHA,ESTRADAS E RODOVIAS,PUBLICO,SP 310,-21.61736607,-48.41670344,COLISAO,0,0,1,0,1,0,1,0,0,1,1,11.0,1,3,Com feridos leves,False
2208260,SINISTRO NAO FATAL,2021-02-19,2021,2,19,12:50,Sexta-feira,TARDE,ESTRADAS E RODOVIAS,PUBLICO,SP 310,-21.57612714,-48.45638165,CHOQUE,0,0,1,0,0,0,0,0,0,2,0,12.0,2,1,Com feridos leves,False
2521462,SINISTRO NAO FATAL,2021-02-19,2021,2,19,13:00,Sexta-feira,TARDE,ESTRADAS E RODOVIAS,PUBLICO,SP 310,-21.57612714,-48.45638165,CHOQUE,0,0,1,0,0,0,0,0,0,1,0,13.0,1,1,Com feridos leves,False
1790199,SINISTRO NAO FATAL,2021-02-21,2021,2,21,18:50,Domingo,NOITE,ESTRADAS E RODOVIAS,PUBLICO,SP 310,-21.6680725,-48.3649657,CHOQUE,0,0,0,0,1,0,0,0,0,1,1,18.0,1,1,Com feridos leves,True
2136463,SINISTRO NAO FATAL,2021-02-22,2021,2,22,11:18,Segunda-feira,MANHA,VIAS URBANAS,PUBLICO,AVENIDA BALDAN,-21.61032578,-48.37673105,OUTROS,0,1,0,0,0,0,0,0,0,1,0,11.0,1,1,Com feridos leves,False
1436036,SINISTRO NAO FATAL,2021-02-26,2021,2,26,18:00,Sexta-feira,NOITE,ESTRADAS E RODOVIAS,PUBLICO,SP 310,-21.67656929,-48.35433097,OUTROS,0,0,1,0,0,0,0,0,0,1,0,18.0,1,1,Com feridos leves,False
1808343,SINISTRO NAO FATAL,2021-02-28,2021,2,28,23:28,Domingo,NOITE,VIAS URBANAS,PUBLICO,RUA SAO LOURENCO,-21.60150932,-48.36040515,CHOQUE,0,0,1,0,0,0,0,0,0,1,0,23.0,1,1,Com feridos leves,True
1948104,SINISTRO NAO FATAL,2021-03-01,2021,3,1,06:30,Segunda-feira,MANHA,ESTRADAS E RODOVIAS,PUBLICO,SP 310,-21.62423516,-48.41008399,OUTROS,0,1,0,0,0,0,0,0,0,1,0,6.0,1,1,Com feridos leves,False
1366118,NOTIFICACAO,2021-03-02,2021,3,2,18:44,Terça-feira,NOITE,VIAS URBANAS,NAO DISPONIVEL,RUA SAO LOURENCO,-21.60147588,-48.36047721,ATROPELAMENTO,0,0,0,0,0,0,0,0,0,0,0,18.0,0,0,Sem vítimas,False
1366482,SINISTRO NAO FATAL,2021-03-02,2021,3,2,18:43,Terça-feira,NOITE,VIAS URBANAS,NAO DISPONIVEL,RUA SAO LORENÇO,-21.59849374,-48.36298215,COLISAO,0,1,1,0,0,0,0,0,1,0,2,18.0,1,2,Com feridos graves,False
2456384,SINISTRO FATAL,2021-03-02,2021,3,2,15:45,Terça-feira,TARDE,VIAS URBANAS,PUBLICO,AVENIDA LUDWIG ECKES X R. SAO LOURENÇO,,,COLISAO,0,1,1,0,0,0,0,1,0,0,0,15.0,1,2,Com óbito,False
1651130,SINISTRO NAO FATAL,2021-03-05,2021,3,5,02:47,Sexta-feira,MADRUGADA,ESTRADAS E RODOVIAS,PUBLICO,SP 310,-21.56926042,-48.46300235,COLISAO,0,0,1,0,1,0,0,0,0,1,1,2.0,1,2,Com feridos leves,False
2048515,SINISTRO NAO FATAL,2021-03-05,2021,3,5,11:36,Sexta-feira,MANHA,VIAS URBANAS,PUBLICO,AVENIDA PADRE NELSON ANTONIO ROMAO,-21.60732644,-48.36203016,OUTROS,0,0,1,1,0,0,0,0,0,1,2,11.0,1,2,Com feridos leves,False
2276570,SINISTRO NAO FATAL,2021-03-05,2021,3,5,18:31,Sexta-feira,NOITE,VIAS URBANAS,PUBLICO,AVENIDA QUINZE DE NOVEMBRO,-21.60044064,-48.36288336,COLISAO,0,0,2,0,0,0,0,0,0,1,1,18.0,1,2,Com feridos leves,False
2358713,NOTIFICACAO,2021-03-05,2021,3,5,11:34,Sexta-feira,MANHA,VIAS URBANAS,NAO DISPONIVEL,AVENIDA PADRE NELSON ANTONIO ROMAO,-21.60348,-48.36085815,OUTROS,0,0,0,0,0,0,0,0,0,0,0,11.0,0,0,Sem vítimas,False
2515389,SINISTRO NAO FATAL,2021-03-05,2021,3,5,02:45,Sexta-feira,MADRUGADA,ESTRADAS E RODOVIAS,PUBLICO,SP 310,-21.56354751,-48.47076417,COLISAO,0,0,1,0,1,0,0,0,0,1,1,2.0,1,2,Com feridos leves,False
1376277,SINISTRO NAO FATAL,2021-03-07,2021,3,7,10:20,Domingo,MANHA,ESTRADAS E RODOVIAS,PUBLICO,SP 310,-21.61736607,-48.41670344,OUTROS,0,1,0,0,0,0,0,0,1,0,0,10.0,1,1,Com feridos graves,True
1497455,SINISTRO NAO FATAL,2021-03-09,2021,3,9,19:30,Terça-feira,NOITE,VIAS URBANAS,PRIVADO,AVENIDA MANOEL MINGORANCI,-21.60420224,-48.36601739,CHOQUE,1,0,1,0,0,0,0,0,0,1,0,19.0,1,2,Com feridos leves,False
2140781,SINISTRO NAO FATAL,2021-03-09,2021,3,9,13:25,Terça-feira,TARDE,ESTRADAS E RODOVIAS,PUBLICO,SP 310,-21.52516565,-48.52654489,OUTROS,0,1,0,0,0,0,0,0,0,1,0,13.0,1,1,Com feridos leves,False
2032125,SINISTRO NAO FATAL,2021-03-12,2021,3,12,13:26,Sexta-feira,TARDE,VIAS URBANAS,PRIVADO,AVENIDA SETE DE SETEMBRO,-21.60576604,-48.36685821,OUTROS,0,1,0,0,0,0,0,0,0,1,0,13.0,1,1,Com feridos leves,False
1376299,SINISTRO NAO FATAL,2021-03-13,2021,3,13,13:02,Sábado,TARDE,VIAS URBANAS,PUBLICO,VIA ORLANDO JOSE SCUTTI,-21.63014766,-48.35413193,OUTROS,0,2,0,0,0,0,0,0,0,1,1,13.0,1,2,Com feridos leves,True
1839348,SINISTRO NAO FATAL,2021-03-14,2021,3,14,20:28,Domingo,NOITE,VIAS URBANAS,NAO DISPONIVEL,AVENIDA CAMPOS SALLES,-21.60712843,-48.36971536,OUTROS,0,1,0,0,0,0,0,0,0,1,0,20.0,1,1,Com feridos leves,True
1325944,SINISTRO NAO FATAL,2021-03-16,2021,3,16,17:30,Terça-feira,TARDE,VIAS URBANAS,PUBLICO,AVENIDA SETE DE SETEMBRO,-21.60453522,-48.36619642,COLISAO,0,1,0,0,0,0,0,0,0,1,0,17.0,1,1,Com feridos leves,False
1602573,NOTIFICACAO,2021-03-16,2021,3,16,21:01,Terça-feira,NOITE,VIAS URBANAS,NAO DISPONIVEL,FARIA LIMA,-21.60110746,-48.38926858,OUTROS,0,0,0,0,0,0,0,0,0,0,0,21.0,0,0,Sem vítimas,False
1326276,SINISTRO NAO FATAL,2021-03-17,2021,3,17,16:38,Quarta-feira,TARDE,VIAS URBANAS,NAO DISPONIVEL,AVENIDA BALDAN,-21.61614743,-48.36410077,COLISAO,0,1,1,0,0,0,0,0,0,1,1,16.0,1,2,Com feridos leves,False
1401676,SINISTRO NAO FATAL,2021-03-20,2021,3,20,13:32,Sábado,TARDE,VIAS URBANAS,PRIVADO,AVENIDA SETE DE SETEMBRO,-21.60453522,-48.36619642,OUTROS,0,1,0,0,0,0,0,0,0,1,0,13.0,1,1,Com feridos leves,True
1753623,SINISTRO NAO FATAL,2021-03-20,2021,3,20,19:25,Sábado,NOITE,VIAS URBANAS,PUBLICO,AVENIDA PADRE NELSON ANTONIO ROMAO,-21.60732644,-48.36203016,COLISAO,0,1,1,0,0,0,0,0,0,1,1,19.0,1,2,Com feridos leves,True
1767751,NOTIFICACAO,2021-03-20,2021,3,20,20:53,Sábado,NOITE,VIAS URBANAS,NAO DISPONIVEL,AV ALTEBANO MORTARI,-21.59849374,-48.36298215,NAO DISPONIVEL,0,0,0,0,0,0,0,0,0,0,0,20.0,0,0,Sem vítimas,True
1810380,SINISTRO NAO FATAL,2021-03-21,2021,3,21,21:16,Domingo,NOITE,VIAS URBANAS,PUBLICO,RUA SAO LOURENCO,-21.600947,-48.36228429,COLISAO,0,0,1,0,0,0,0,0,0,2,1,21.0,2,1,Com feridos leves,True
2117015,SINISTRO NAO FATAL,2021-03-22,2021,3,22,11:10,Segunda-feira,MANHA,VIAS URBANAS,PUBLICO,DO PESCADOR,-21.59972242,-48.35116972,OUTROS,0,1,0,0,0,0,0,0,0,1,0,11.0,1,1,Com feridos leves,False
2189978,NOTIFICACAO,2021-03-22,2021,3,22,14:01,Segunda-feira,TARDE,VIAS URBANAS,NAO DISPONIVEL,AVENIDA DOS TRABALHORES,-21.59924176,-48.36336999,OUTROS,0,0,0,0,0,0,0,0,0,0,0,14.0,0,0,Sem vítimas,False
2231329,SINISTRO NAO FATAL,2021-03-22,2021,3,22,13:50,Segunda-feira,TARDE,VIAS URBANAS,NAO DISPONIVEL,DOS TRABALHADORES,-21.60116719,-48.39024201,COLISAO,0,2,0,0,0,0,0,0,1,2,0,13.0,3,2,Com feridos graves,False
1684034,SINISTRO NAO FATAL,2021-03-24,2021,3,24,22:20,Quarta-feira,NOITE,VIAS URBANAS,NAO DISPONIVEL,ANGELO RAGASSI,-21.59849374,-48.36298215,CHOQUE,0,1,0,0,0,0,0,0,0,1,0,22.0,1,1,Com feridos leves,False
2316254,NOTIFICACAO,2021-03-24,2021,3,24,22:30,Quarta-feira,NOITE,VIAS URBANAS,NAO DISPONIVEL,ANGELO RAGASSI,-21.60110746,-48.38926858,OUTROS,0,0,0,0,0,0,0,0,0,0,0,22.0,0,0,Sem vítimas,False
2031143,NOTIFICACAO,2021-03-25,2021,3,25,00:52,Quinta-feira,MADRUGADA,VIAS URBANAS,PUBLICO,RUA RUI BARBOSA,-21.60135126,-48.36829909,CHOQUE,0,0,0,0,0,0,0,0,1,0,0,0.0,1,0,Com feridos graves,False
1311083,SINISTRO NAO FATAL,2021-03-27,2021,3,27,12:23,Sábado,TARDE,VIAS URBANAS,PUBLICO,AVENIDA QUINZE DE NOVEMBRO,-21.60914458,-48.3675043,COLISAO,0,1,1,0,0,0,0,0,0,1,2,12.0,1,2,Com feridos leves,True
1762750,SINISTRO NAO FATAL,2021-03-27,2021,3,27,19:20,Sábado,NOITE,VIAS URBANAS,PUBLICO,RUA ANTONIO LOPES,-21.63672868,-48.33619651,COLISAO,0,0,1,0,0,0,0,0,0,1,1,19.0,1,1,Com feridos leves,True
1835156,SINISTRO NAO FATAL,2021-03-27,2021,3,27,20:52,Sábado,NOITE,VIAS URBANAS,NAO DISPONIVEL,AVENIDA PADRE NELSON ANTONIO ROMAO,-21.60645267,-48.36179754,COLISAO,0,1,0,0,0,0,0,0,0,1,0,20.0,1,1,Com feridos leves,True
2039806,SINISTRO NAO FATAL,2021-03-30,2021,3,30,11:43,Terça-feira,MANHA,VIAS URBANAS,PUBLICO,VIA ENGENHEIRO MILCIADES BOTTURA,-21.61397508,-48.34904148,COLISAO,0,1,0,0,1,0,0,0,0,1,1,11.0,1,2,Com feridos leves,False
1368320,SINISTRO NAO FATAL,2021-03-31,2021,3,31,17:31,Quarta-feira,TARDE,VIAS URBANAS,PUBLICO,RUA DOMINGOS SIQUITELI,-21.59427763,-48.34223814,ATROPELAMENTO,0,0,1,0,0,2,0,0,0,1,2,17.0,1,1,Com feridos leves,False
2025703,SINISTRO NAO FATAL,2021-03-31,2021,3,31,11:04,Quarta-feira,MANHA,VIAS URBANAS,PUBLICO,AVENIDA SALDANHA DA GAMA,-21.59844693,-48.36733711,COLISAO,0,1,1,0,0,0,0,0,0,1,2,11.0,1,2,Com feridos leves,False
2064130,NOTIFICACAO,2021-03-31,2021,3,31,12:36,Quarta-feira,TARDE,VIAS URBANAS,NAO DISPONIVEL,AVENIDA PADRE NELSON,-21.60111233,-48.38934804,OUTROS,0,0,0,0,0,0,0,0,0,0,0,12.0,0,0,Sem vítimas,False
2126809,SINISTRO NAO FATAL,2021-03-31,2021,3,31,12:43,Quarta-feira,TARDE,VIAS URBANAS,PUBLICO,AVENIDA PADRE NELSON ANTONIO ROMAO,-21.60732644,-48.36203016,COLISAO,0,1,1,0,0,0,0,0,0,1,1,12.0,1,2,Com feridos leves,False
1482522,SINISTRO NAO FATAL,2021-04-01,2021,4,1,19:42,Quinta-feira,NOITE,VIAS URBANAS,NAO DISPONIVEL,RUA ARMANDO GAMBERINI,-21.58411657,-48.37191002,COLISAO,0,1,1,0,0,0,0,0,0,1,1,19.0,1,2,Com feridos leves,False
2122255,SINISTRO NAO FATAL,2021-04-01,2021,4,1,13:39,Quinta-feira,TARDE,VIAS URBANAS,PUBLICO,RUA SANTA CATARINA,-21.59722611,-48.34530462,CHOQUE,0,1,1,0,1,0,0,0,0,1,3,13.0,1,3,Com feridos leves,False
2297116,NOTIFICACAO,2021-04-01,2021,4,1,20:04,Quinta-feira,NOITE,VIAS URBANAS,NAO DISPONIVEL,RUA ARMANDO GAMBERINI,-21.58411657,-48.37191002,OUTROS,0,0,0,0,0,0,0,0,0,0,0,20.0,0,0,Sem vítimas,False
1347895,SINISTRO NAO FATAL,2021-04-02,2021,4,2,15:10,Sexta-feira,TARDE,VIAS URBANAS,PUBLICO,RUA SAO LOURENCO,-21.60150932,-48.36040515,COLISAO,0,0,2,0,0,0,0,0,1,1,1,15.0,2,2,Com feridos graves,False
1565711,SINISTRO NAO FATAL,2021-04-03,2021,4,3,17:55,Sábado,TARDE,VIAS URBANAS,PUBLICO,AVENIDA SAO PAULO,-21.59939531,-48.3510839,COLISAO,0,1,1,0,0,0,0,0,0,1,1,17.0,1,2,Com feridos leves,True
1615133,SINISTRO NAO FATAL,2021-04-04,2021,4,4,17:04,Domingo,TARDE,VIAS URBANAS,PUBLICO,AVENIDA TROLESI,-21.61668202,-48.3536686,COLISAO,0,1,1,0,0,0,0,0,0,2,1,17.0,2,2,Com feridos leves,True
1887254,SINISTRO NAO FATAL,2021-04-04,2021,4,4,01:53,Domingo,MADRUGADA,VIAS URBANAS,PUBLICO,AVENIDA SETE DE SETEMBRO,-21.60576604,-48.36685821,CHOQUE,0,0,1,0,0,0,0,0,0,1,0,1.0,1,1,Com feridos leves,True
1287473,SINISTRO NAO FATAL,2021-04-08,2021,4,8,16:23,Quinta-feira,TARDE,VIAS URBANAS,PUBLICO,AVENIDA IDALINA,-21.60118182,-48.3904804,COLISAO,0,1,0,1,0,0,0,0,0,1,1,16.0,1,2,Com feridos leves,False
1392504,SINISTRO NAO FATAL,2021-04-09,2021,4,9,17:46,Sexta-feira,TARDE,VIAS URBANAS,PUBLICO,RUA SAO LOURENCO,-21.60150932,-48.36040515,ATROPELAMENTO,1,0,1,0,0,1,0,0,1,0,1,17.0,1,2,Com feridos graves,False
1505164,SINISTRO NAO FATAL,2021-04-09,2021,4,9,19:15,Sexta-feira,NOITE,VIAS URBANAS,PUBLICO,RUA AMERICO VEZZANI,-21.58587322,-48.3702282,CHOQUE,0,0,2,0,0,0,0,0,0,3,1,19.0,3,2,Com feridos leves,False
2176481,SINISTRO NAO FATAL,2021-04-10,2021,4,10,07:19,Sábado,MANHA,VIAS URBANAS,PUBLICO,RUA CONSTANTINO BASTIA,-21.60302805,-48.37589751,COLISAO,0,0,1,0,0,0,0,0,0,1,0,7.0,1,1,Com feridos leves,True
2181756,SINISTRO NAO FATAL,2021-04-10,2021,4,10,09:12,Sábado,MANHA,VIAS URBANAS,PUBLICO,AVENIDA SETE DE SETEMBRO,-21.60576604,-48.36685821,ATROPELAMENTO,0,0,0,0,0,1,1,0,0,1,1,9.0,1,1,Com feridos leves,True
2365892,NOTIFICACAO,2021-04-10,2021,4,10,07:18,Sábado,MANHA,VIAS URBANAS,NAO DISPONIVEL,RUA CONSTANTINO BASTIA,-21.60559073,-48.37039189,OUTROS,0,0,0,0,0,0,0,0,0,0,0,7.0,0,0,Sem vítimas,True
1841317,SINISTRO NAO FATAL,2021-04-13,2021,4,13,07:00,Terça-feira,MANHA,VIAS URBANAS,PUBLICO,AVENIDA ANTONIO GORGATTI,-21.62020657,-48.36125456,COLISAO,0,1,1,0,0,0,0,0,0,2,1,7.0,2,2,Com feridos leves,False
1361071,SINISTRO NAO FATAL,2021-04-14,2021,4,14,18:37,Quarta-feira,NOITE,VIAS URBANAS,PUBLICO,AVENIDA BALDAN,-21.61293903,-48.37104712,COLISAO,0,1,1,0,0,0,0,0,0,1,1,18.0,1,2,Com feridos leves,False
1421127,SINISTRO NAO FATAL,2021-04-15,2021,4,15,19:29,Quinta-feira,NOITE,VIAS URBANAS,PUBLICO,RUA SAO LOURENCO,-21.60150932,-48.36040515,COLISAO,1,0,1,0,0,0,0,0,0,1,1,19.0,1,2,Com feridos leves,False
2082278,SINISTRO NAO FATAL,2021-04-15,2021,4,15,13:08,Quinta-feira,TARDE,VIAS URBANAS,PUBLICO,AVENIDA BALDAN,-21.61189661,-48.37331068,COLISAO,0,1,1,0,0,0,0,0,1,0,1,13.0,1,2,Com feridos graves,False
1723816,SINISTRO NAO FATAL,2021-04-17,2021,4,17,19:08,Sábado,NOITE,VIAS URBANAS,PUBLICO,RUA JOSE MARTINHO MARTINS,-21.59820631,-48.38795074,COLISAO,0,0,2,0,0,0,0,0,0,1,2,19.0,1,2,Com feridos leves,True
2191717,SINISTRO NAO FATAL,2021-04-17,2021,4,17,09:32,Sábado,MANHA,VIAS URBANAS,PUBLICO,AV BALDAN X AV LAERT T MENDES,-21.61614743,-48.36410077,COLISAO,0,0,1,0,0,0,0,0,1,0,2,9.0,1,1,Com feridos graves,True
1521907,SINISTRO NAO FATAL,2021-04-19,2021,4,19,20:00,Segunda-feira,NOITE,ESTRADAS E RODOVIAS,PUBLICO,SP 326,-21.68865228,-48.33856218,COLISAO,0,1,1,0,0,0,0,0,0,1,1,20.0,1,2,Com feridos leves,False
1311580,SINISTRO NAO FATAL,2021-04-20,2021,4,20,18:30,Terça-feira,NOITE,VIAS URBANAS,PUBLICO,AVENIDA VINTE E OITO DE AGOSTO,-21.60086614,-48.36197376,COLISAO,0,2,0,0,0,0,0,0,0,1,1,18.0,1,2,Com feridos leves,False
1338315,SINISTRO NAO FATAL,2021-04-21,2021,4,21,16:02,Quarta-feira,TARDE,VIAS URBANAS,PUBLICO,AV TROLESI X AV ANTONIO GORGATTI,-21.60329942,-48.34701184,COLISAO,0,1,1,0,0,0,0,0,0,1,1,16.0,1,2,Com feridos leves,False
1574829,SINISTRO NAO FATAL,2021-04-22,2021,4,22,22:05,Quinta-feira,NOITE,VIAS URBANAS,PUBLICO,AVENIDA BALDAN,-21.61262645,-48.37172443,COLISAO,0,0,1,0,0,0,1,0,0,1,1,22.0,1,2,Com feridos leves,False
2028557,SINISTRO NAO FATAL,2021-04-22,2021,4,22,09:32,Quinta-feira,MANHA,VIAS URBANAS,PUBLICO,VIA CAL FISHER,-21.59855126,-48.37138209,COLISAO,0,1,1,0,0,0,0,0,0,1,1,9.0,1,2,Com feridos leves,False
2456611,SINISTRO FATAL,2021-04-27,2021,4,27,15:29,Terça-feira,TARDE,VIAS URBANAS,PUBLICO,RUA PEDRO TROLLI,-21.58798,-48.343123,CHOQUE,0,0,0,0,1,0,0,1,0,0,0,15.0,1,1,Com óbito,False
1324978,SINISTRO NAO FATAL,2021-04-28,2021,4,28,18:14,Quarta-feira,NOITE,VIAS URBANAS,PUBLICO,RUA JOSE GONCALVES,-21.60514169,-48.37539641,COLISAO,1,1,0,0,0,0,0,0,1,1,0,18.0,2,2,Com feridos graves,False
1831184,SINISTRO NAO FATAL,2021-04-29,2021,4,29,06:47,Quinta-feira,MANHA,VIAS URBANAS,PUBLICO,DO TRABALHADOR,-21.58819372,-48.35883149,OUTROS,0,1,0,0,0,0,0,0,0,1,0,6.0,1,1,Com feridos leves,False
1845714,SINISTRO NAO FATAL,2021-05-02,2021,5,2,00:54,Domingo,MADRUGADA,VIAS URBANAS,PUBLICO,AVENIDA TROLESI,-21.61025396,-48.35067163,OUTROS,0,1,0,0,0,0,0,0,0,1,0,0.0,1,1,Com feridos leves,True
2456481,SINISTRO FATAL,2021-05-02,2021,5,2,21:30,Domingo,NOITE,VIAS URBANAS,PUBLICO,AV.LAERTE JOSE TARALO MENDES,,,CHOQUE,0,1,0,0,0,0,0,2,0,0,0,21.0,2,1,Com óbito,True
2279547,NOTIFICACAO,2021-05-03,2021,5,3,19:09,Segunda-feira,NOITE,VIAS URBANAS,PUBLICO,RUA ARISTODEMO POMPEU LANZA,-21.59932224,-48.38780531,ATROPELAMENTO,0,0,0,0,0,1,0,0,0,1,0,19.0,1,0,Com feridos leves,False
2249484,SINISTRO NAO FATAL,2021-05-04,2021,5,4,16:37,Terça-feira,TARDE,VIAS URBANAS,PUBLICO,RUA CESARIO MOTTA,-21.6069211,-48.36080332,COLISAO,0,1,1,0,0,0,0,0,1,0,1,16.0,1,2,Com feridos graves,False
2351476,SINISTRO NAO FATAL,2021-05-04,2021,5,4,10:49,Terça-feira,MANHA,VIAS URBANAS,PRIVADO,AVENIDA BORTOLO BIAVA,-21.60898199,-48.36187429,CHOQUE,0,1,0,0,0,0,0,0,0,1,1,10.0,1,1,Com feridos leves,False
2364676,SINISTRO NAO FATAL,2021-05-04,2021,5,4,14:30,Terça-feira,TARDE,VIAS URBANAS,PUBLICO,AVENIDA BALDAN,-21.61032578,-48.37673105,COLISAO,0,1,1,0,0,0,0,0,0,1,1,14.0,1,2,Com feridos leves,False
2456516,SINISTRO FATAL,2021-05-04,2021,5,4,04:00,Terça-feira,MADRUGADA,ESTRADAS E RODOVIAS,PUBLICO,SP 310,-21.5455639327,-48.4969317466,OUTROS,0,1,0,0,1,0,0,1,0,0,0,4.0,1,2,Com óbito,False
1778085,SINISTRO NAO FATAL,2021-05-08,2021,5,8,20:33,Sábado,NOITE,VIAS URBANAS,PUBLICO,RUA ALEXANDRE DOS SANTOS PIRES,-21.62013495,-48.35465341,COLISAO,1,1,0,0,0,0,0,0,0,2,0,20.0,2,2,Com feridos leves,True
1763931,SINISTRO NAO FATAL,2021-05-09,2021,5,9,19:57,Domingo,NOITE,VIAS URBANAS,PUBLICO,RUA SAO LOURENCO,-21.60150932,-48.36040515,COLISAO,0,0,2,0,0,0,0,0,0,1,2,19.0,1,2,Com feridos leves,True
1924289,SINISTRO NAO FATAL,2021-05-10,2021,5,10,10:09,Segunda-feira,MANHA,VIAS URBANAS,PUBLICO,VIA CLITO BASTIA,-21.62320363,-48.33414271,COLISAO,0,1,1,0,0,0,0,0,1,0,1,10.0,1,2,Com feridos graves,False
1935538,SINISTRO NAO FATAL,2021-05-13,2021,5,13,09:53,Quinta-feira,MANHA,VIAS URBANAS,PUBLICO,RUA CASTRO ALVES,-21.5991067,-48.36104373,COLISAO,0,2,0,0,0,0,0,0,0,1,1,9.0,1,2,Com feridos leves,False
1859050,NOTIFICACAO,2021-05-14,2021,5,14,07:13,Sexta-feira,MANHA,VIAS URBANAS,NAO DISPONIVEL,AVENIDA SAO PAULO,-21.59972242,-48.35116972,OUTROS,0,0,0,0,0,0,0,0,0,0,0,7.0,0,0,Sem vítimas,False
1297801,SINISTRO NAO FATAL,2021-05-15,2021,5,15,11:28,Sábado,MANHA,VIAS URBANAS,PUBLICO,AV SAO LORENÇO,-21.60110746,-48.38926858,COLISAO,0,1,1,0,0,0,0,0,0,1,1,11.0,1,2,Com feridos leves,True
1270712,SINISTRO NAO FATAL,2021-05-17,2021,5,17,15:37,Segunda-feira,TARDE,VIAS URBANAS,PUBLICO,RUA OTONE CORREA,-21.596724,-48.34473672,COLISAO,0,1,1,0,0,0,0,0,0,1,1,15.0,1,2,Com feridos leves,False
1326893,SINISTRO NAO FATAL,2021-05-17,2021,5,17,17:08,Segunda-feira,TARDE,VIAS URBANAS,PUBLICO,RUA RUI BARBOSA,-21.60135126,-48.36829909,OUTROS,0,0,1,0,0,0,0,0,0,1,0,17.0,1,1,Com feridos leves,False
1869410,SINISTRO NAO FATAL,2021-05-17,2021,5,17,05:57,Segunda-feira,MADRUGADA,VIAS URBANAS,PUBLICO,SAÍDA BALÃO CALL FISCHER,-21.59855126,-48.37138209,CHOQUE,0,0,1,0,0,0,0,0,0,2,1,5.0,2,1,Com feridos leves,False
2062548,NOTIFICACAO,2021-05-17,2021,5,17,11:30,Segunda-feira,MANHA,VIAS URBANAS,NAO DISPONIVEL,AVENIDA LUDWIG ECKES,-21.59570464,-48.38054253,OUTROS,0,0,0,0,0,0,0,0,0,0,0,11.0,0,0,Sem vítimas,False
2104347,SINISTRO NAO FATAL,2021-05-17,2021,5,17,11:27,Segunda-feira,MANHA,VIAS URBANAS,PUBLICO,RUA DURVAL DE SOUZA,-21.60040038,-48.38732597,COLISAO,0,2,0,0,0,0,0,0,0,1,1,11.0,1,2,Com feridos leves,False
2115139,SINISTRO NAO FATAL,2021-05-17,2021,5,17,11:29,Segunda-feira,MANHA,VIAS URBANAS,PUBLICO,AVENIDA VINTE E OITO DE AGOSTO,-21.6044612,-48.36389719,COLISAO,0,1,2,0,0,0,0,0,0,1,2,11.0,1,3,Com feridos leves,False
2244322,SINISTRO NAO FATAL,2021-05-17,2021,5,17,15:16,Segunda-feira,TARDE,VIAS URBANAS,PUBLICO,AVENIDA PADRE NELSON ANTONIO ROMAO,-21.60348,-48.36085815,COLISAO,0,1,3,0,0,0,0,0,0,1,3,15.0,1,4,Com feridos leves,False
2317524,NOTIFICACAO,2021-05-17,2021,5,17,06:00,Segunda-feira,MANHA,VIAS URBANAS,NAO DISPONIVEL,AVENIDA BALDAN,-21.61032578,-48.37673105,ATROPELAMENTO,0,0,0,0,0,0,0,0,0,0,0,6.0,0,0,Sem vítimas,False
2364065,NOTIFICACAO,2021-05-17,2021,5,17,11:36,Segunda-feira,MANHA,VIAS URBANAS,NAO DISPONIVEL,AVENIDA VINTE E OITO DE AGOSTO,-21.60836822,-48.36511367,OUTROS,0,0,0,0,0,0,0,0,0,0,0,11.0,0,0,Sem vítimas,False
1407660,SINISTRO NAO FATAL,2021-05-18,2021,5,18,19:59,Terça-feira,NOITE,VIAS URBANAS,PUBLICO,RUA SINHARINHA FROTA,-21.60777066,-48.36200516,OUTROS,0,1,0,0,0,0,0,0,0,1,1,19.0,1,1,Com feridos leves,False
1661415,SINISTRO NAO FATAL,2021-05-20,2021,5,20,22:41,Quinta-feira,NOITE,VIAS URBANAS,PUBLICO,RUA SINHARINHA FROTA,-21.60953426,-48.35752798,OUTROS,0,0,2,0,0,0,0,0,0,1,1,22.0,1,2,Com feridos leves,False
1856866,SINISTRO NAO FATAL,2021-05-20,2021,5,20,07:33,Quinta-feira,MANHA,VIAS URBANAS,PUBLICO,VIA CLITO BASTIA,-21.62319663,-48.33406198,OUTROS,0,0,1,0,0,0,0,0,0,1,0,7.0,1,1,Com feridos leves,False
2009102,SINISTRO NAO FATAL,2021-05-20,2021,5,20,11:39,Quinta-feira,MANHA,VIAS URBANAS,NAO DISPONIVEL,RUA SINHARINHA FROTA,-21.61255831,-48.35148202,COLISAO,0,1,1,0,0,0,0,0,0,1,1,11.0,1,2,Com feridos leves,False
2156714,SINISTRO NAO FATAL,2021-05-21,2021,5,21,12:10,Sexta-feira,TARDE,ESTRADAS E RODOVIAS,PUBLICO,SP 310,-21.64487122,-48.39026337,OUTROS,0,0,0,0,1,0,0,0,0,2,0,12.0,2,1,Com feridos leves,False
1352873,SINISTRO NAO FATAL,2021-05-22,2021,5,22,10:54,Sábado,MANHA,VIAS URBANAS,PUBLICO,AVENIDA FRANCISCO MASTROPIETRO,-21.59576362,-48.34302437,COLISAO,0,1,0,0,0,0,0,0,0,1,0,10.0,1,1,Com feridos leves,True
1976640,SINISTRO NAO FATAL,2021-05-23,2021,5,23,00:09,Domingo,MADRUGADA,VIAS URBANAS,PUBLICO,RUA SAO LOURENCO,-21.59594607,-48.3712314,CHOQUE,0,0,1,0,0,0,0,0,0,0,1,0.0,0,1,Sem vítimas,True
2148966,SINISTRO NAO FATAL,2021-05-25,2021,5,25,14:40,Terça-feira,TARDE,VIAS URBANAS,PUBLICO,AVENIDA SETE DE SETEMBRO,-21.60453522,-48.36619642,COLISAO,0,1,1,0,0,0,0,0,0,1,1,14.0,1,2,Com feridos leves,False
1793803,SINISTRO NAO FATAL,2021-05-27,2021,5,27,07:57,Quinta-feira,MANHA,VIAS URBANAS,PUBLICO,AV JOSE DA COSTA FILHO X RUA JOSE GONÇALVES,-21.60525731,-48.37442872,COLISAO,0,1,1,0,0,0,0,0,0,1,1,7.0,1,2,Com feridos leves,False
1596679,SINISTRO NAO FATAL,2021-05-28,2021,5,28,20:28,Sexta-feira,NOITE,VIAS URBANAS,PUBLICO,AVENIDA FRANCISCO MASTROPIETRO,-21.58703941,-48.36132839,COLISAO,0,1,1,0,0,0,0,0,0,1,2,20.0,1,2,Com feridos leves,False
1648783,SINISTRO NAO FATAL,2021-05-28,2021,5,28,21:02,Sexta-feira,NOITE,VIAS URBANAS,PUBLICO,AVENIDA IBITINGA,-21.61672805,-48.35284106,OUTROS,0,1,0,0,0,0,0,0,0,1,0,21.0,1,1,Com feridos leves,False
2224537,SINISTRO NAO FATAL,2021-05-28,2021,5,28,13:52,Sexta-feira,TARDE,VIAS URBANAS,PUBLICO,AVENIDA TROLESI,-21.60908391,-48.35006107,COLISAO,0,0,2,0,0,0,0,0,0,1,2,13.0,1,2,Com feridos leves,False
1510398,SINISTRO NAO FATAL,2021-05-29,2021,5,29,12:42,Sábado,TARDE,VIAS URBANAS,PUBLICO,AVENIDA SETE DE SETEMBRO,-21.60453522,-48.36619642,OUTROS,0,1,0,0,0,0,0,0,0,2,0,12.0,2,1,Com feridos leves,True
1610383,NOTIFICACAO,2021-05-30,2021,5,30,13:16,Domingo,TARDE,VIAS URBANAS,NAO DISPONIVEL,RUA SAO LOURENCO,-21.60124174,-48.36132272,OUTROS,0,0,0,0,0,0,0,0,0,0,0,13.0,0,0,Sem vítimas,True
1704936,SINISTRO NAO FATAL,2021-05-30,2021,5,30,14:55,Domingo,TARDE,VIAS URBANAS,PUBLICO,RUA JOSE GONCALVES,-21.60464881,-48.37947989,ATROPELAMENTO,0,0,1,0,0,1,0,0,0,1,1,14.0,1,1,Com feridos leves,True
2089651,SINISTRO NAO FATAL,2021-05-30,2021,5,30,02:10,Domingo,MADRUGADA,VIAS URBANAS,NAO DISPONIVEL,AVENIDA FRANCISCO MASTROPIETRO,-21.58856936,-48.35805865,CHOQUE,0,0,1,0,0,0,0,0,0,0,1,2.0,0,1,Sem vítimas,True
1921428,SINISTRO NAO FATAL,2021-06-01,2021,6,1,09:46,Terça-feira,MANHA,VIAS URBANAS,PRIVADO,RUA SAO LOURENCO,-21.59644041,-48.37038727,CHOQUE,0,0,2,0,0,0,0,0,0,1,2,9.0,1,2,Com feridos leves,False
1335707,NOTIFICACAO,2021-06-04,2021,6,4,15:36,Sexta-feira,TARDE,VIAS URBANAS,NAO DISPONIVEL,AVENDIA FELIPE TOMAZ GRANATO,-21.59842725,-48.36294767,OUTROS,0,0,0,0,0,0,0,0,0,0,0,15.0,0,0,Sem vítimas,False
1337449,SINISTRO NAO FATAL,2021-06-04,2021,6,4,15:19,Sexta-feira,TARDE,VIAS URBANAS,PUBLICO,FELIPE TOMAZ GRANATO,-21.60111233,-48.38934804,COLISAO,0,1,1,0,0,0,0,0,1,0,1,15.0,1,2,Com feridos graves,False
2117025,SINISTRO NAO FATAL,2021-06-04,2021,6,4,10:54,Sexta-feira,MANHA,VIAS URBANAS,PUBLICO,AVENIDA CAMPOS SALLES,-21.60279737,-48.36745894,COLISAO,0,1,1,0,0,0,0,0,0,1,1,10.0,1,2,Com feridos leves,False
2275085,NOTIFICACAO,2021-06-04,2021,6,4,15:30,Sexta-feira,TARDE,VIAS URBANAS,NAO DISPONIVEL,FELIPE TOMAZ GRANATO,-21.59849374,-48.36298215,OUTROS,0,0,0,0,0,0,0,0,0,0,0,15.0,0,0,Sem vítimas,False
2456287,SINISTRO FATAL,2021-06-04,2021,6,4,01:40,Sexta-feira,MADRUGADA,NAO DISPONIVEL,NAO DISPONIVEL,,,,OUTROS,0,1,0,0,0,0,1,1,0,0,0,1.0,1,2,Com óbito,False
1344913,SINISTRO NAO FATAL,2021-06-05,2021,6,5,11:08,Sábado,MANHA,VIAS URBANAS,PUBLICO,AVENIDA SETE DE SETEMBRO,-21.60576604,-48.36685821,COLISAO,0,1,0,0,0,0,0,0,0,2,0,11.0,2,1,Com feridos leves,True
1639849,SINISTRO NAO FATAL,2021-06-05,2021,6,5,16:11,Sábado,TARDE,VIAS URBANAS,PUBLICO,DO TRABALHO,-21.60110746,-48.38926858,OUTROS,0,1,0,0,0,0,0,0,0,0,1,16.0,0,1,Sem vítimas,True
1834720,SINISTRO NAO FATAL,2021-06-06,2021,6,6,19:21,Domingo,NOITE,VIAS URBANAS,PUBLICO,RUA JOAQUIM GONÇALVES VIEIRA,-21.60135126,-48.36829909,COLISAO,0,1,0,0,0,0,0,0,0,2,0,19.0,2,1,Com feridos leves,True
1498421,SINISTRO NAO FATAL,2021-06-07,2021,6,7,19:39,Segunda-feira,NOITE,VIAS URBANAS,PUBLICO,RUA MARGARETE COELHO DE CARVALHO,-21.62937423,-48.34360246,CHOQUE,0,0,1,0,1,0,0,0,0,1,1,19.0,1,2,Com feridos leves,False
2153795,SINISTRO NAO FATAL,2021-06-08,2021,6,8,14:36,Terça-feira,TARDE,VIAS URBANAS,PUBLICO,AVENIDA TROLESI,-21.61255831,-48.35148202,COLISAO,0,1,0,0,0,0,0,0,0,1,0,14.0,1,1,Com feridos leves,False
1930321,SINISTRO NAO FATAL,2021-06-10,2021,6,10,07:29,Quinta-feira,MANHA,VIAS URBANAS,PUBLICO,RUA BAMBOZZI,-21.60880982,-48.36978662,COLISAO,0,1,2,0,0,0,0,0,1,0,2,7.0,1,3,Com feridos graves,False
2012887,SINISTRO NAO FATAL,2021-06-10,2021,6,10,11:59,Quinta-feira,MANHA,VIAS URBANAS,PUBLICO,RUA RUI BARBOSA,-21.60135126,-48.36829909,COLISAO,0,0,7,0,1,0,3,0,0,1,7,11.0,1,11,Com feridos leves,False
2136539,SINISTRO NAO FATAL,2021-06-12,2021,6,12,07:58,Sábado,MANHA,VIAS URBANAS,PUBLICO,DO TRABALHADORES,-21.58819372,-48.35883149,NAO DISPONIVEL,0,1,0,0,0,0,0,0,0,1,1,7.0,1,1,Com feridos leves,True
1561878,NOTIFICACAO,2021-06-13,2021,6,13,14:00,Domingo,TARDE,VIAS URBANAS,PUBLICO,AVENIDA SETE DE SETEMBRO,-21.60576604,-48.36685821,ATROPELAMENTO,0,0,0,0,0,2,0,0,0,2,0,14.0,2,0,Com feridos leves,True
1821839,SINISTRO NAO FATAL,2021-06-13,2021,6,13,22:41,Domingo,NOITE,VIAS URBANAS,NAO DISPONIVEL,AVENIDA SAO PAULO,-21.59972242,-48.35116972,COLISAO,0,1,1,0,0,0,0,0,0,1,1,22.0,1,2,Com feridos leves,True
1395045,SINISTRO NAO FATAL,2021-06-14,2021,6,14,18:45,Segunda-feira,NOITE,VIAS URBANAS,PUBLICO,AVENIDA FRANCISCO MASTROPIETRO,-21.58815198,-48.35891736,COLISAO,1,0,1,0,0,0,0,0,0,1,1,18.0,1,2,Com feridos leves,False
2095794,SINISTRO NAO FATAL,2021-06-14,2021,6,14,11:52,Segunda-feira,MANHA,VIAS URBANAS,PUBLICO,AVENIDA PADRE NELSON ANTONIO ROMAO,-21.60560065,-48.36118684,COLISAO,0,1,1,0,0,0,0,0,0,1,1,11.0,1,2,Com feridos leves,False
1264184,SINISTRO NAO FATAL,2021-06-15,2021,6,15,17:14,Terça-feira,TARDE,VIAS URBANAS,PUBLICO,AVENIDA SETE DE SETEMBRO,-21.60453522,-48.36619642,COLISAO,0,1,0,0,0,0,0,0,0,1,0,17.0,1,1,Com feridos leves,False
2157123,SINISTRO NAO FATAL,2021-06-15,2021,6,15,14:45,Terça-feira,TARDE,VIAS URBANAS,PUBLICO,RUI BARBOSA X 28 DE AGOSTO,-21.60374299,-48.36314358,COLISAO,0,0,2,0,0,0,0,0,0,1,2,14.0,1,2,Com feridos leves,False
2207086,SINISTRO NAO FATAL,2021-06-15,2021,6,15,16:18,Terça-feira,TARDE,ESTRADAS E RODOVIAS,NAO DISPONIVEL,SP 326,-21.60116719,-48.39024201,OUTROS,0,1,0,0,0,0,0,0,0,1,0,16.0,1,1,Com feridos leves,False
1321474,SINISTRO NAO FATAL,2021-06-19,2021,6,19,11:55,Sábado,MANHA,VIAS URBANAS,PUBLICO,AVENIDA JOAO ROSSI,-21.58804987,-48.35630344,OUTROS,0,0,1,0,0,0,0,0,0,1,1,11.0,1,1,Com feridos leves,True
1731923,NOTIFICACAO,2021-06-19,2021,6,19,18:45,Sábado,NOITE,VIAS URBANAS,NAO DISPONIVEL,AVENIDA SETE DE SETEMBRO,-21.60453522,-48.36619642,NAO DISPONIVEL,0,0,0,0,0,0,0,0,0,0,0,18.0,0,0,Sem vítimas,True
2032829,SINISTRO NAO FATAL,2021-06-19,2021,6,19,05:51,Sábado,MADRUGADA,VIAS URBANAS,PUBLICO,AVENIDA BALDAN,-21.61032578,-48.37673105,CHOQUE,0,0,1,0,0,0,0,0,0,0,1,5.0,0,1,Sem vítimas,True
1524437,SINISTRO NAO FATAL,2021-06-20,2021,6,20,11:50,Domingo,MANHA,VIAS URBANAS,PUBLICO,AVENIDA FRANCISCO MASTROPIETRO,-21.59120372,-48.35175955,COLISAO,1,0,1,0,0,0,0,0,0,1,1,11.0,1,2,Com feridos leves,True
1765259,SINISTRO NAO FATAL,2021-06-20,2021,6,20,19:44,Domingo,NOITE,VIAS URBANAS,PRIVADO,AVENIDA SETE DE SETEMBRO,-21.60453522,-48.36619642,COLISAO,0,1,0,0,0,0,0,0,0,1,2,19.0,1,1,Com feridos leves,True
1781531,SINISTRO NAO FATAL,2021-06-20,2021,6,20,17:48,Domingo,TARDE,VIAS URBANAS,PUBLICO,AVENIDA PADRE NELSON ANTONIO ROMAO,-21.60796719,-48.36247175,COLISAO,0,1,0,0,0,0,0,0,0,1,1,17.0,1,1,Com feridos leves,True
2456412,SINISTRO FATAL,2021-06-20,2021,6,20,20:55,Domingo,NOITE,VIAS URBANAS,PUBLICO,RUA SAO LOURENCO,-21.6026801317,-48.3538134442,OUTROS,1,1,0,0,0,0,0,1,0,0,0,20.0,1,2,Com óbito,True
2151519,NOTIFICACAO,2021-06-21,2021,6,21,13:04,Segunda-feira,TARDE,VIAS URBANAS,NAO DISPONIVEL,AVENIDA VINTE E OITO DE AGOSTO,-21.60086614,-48.36197376,OUTROS,0,0,0,0,0,0,0,0,0,0,0,13.0,0,0,Sem vítimas,False
2208474,SINISTRO NAO FATAL,2021-06-21,2021,6,21,13:05,Segunda-feira,TARDE,VIAS URBANAS,PUBLICO,AVENIDA IBITINGA,-21.61672805,-48.35284106,COLISAO,1,0,1,0,0,0,0,0,0,1,1,13.0,1,2,Com feridos leves,False
2228418,SINISTRO NAO FATAL,2021-06-21,2021,6,21,13:03,Segunda-feira,TARDE,VIAS URBANAS,NAO DISPONIVEL,RUA SAO LOURENCO,-21.59429729,-48.37689023,COLISAO,0,1,1,0,0,0,0,0,0,1,1,13.0,1,2,Com feridos leves,False
1479776,SINISTRO NAO FATAL,2021-06-22,2021,6,22,20:20,Terça-feira,NOITE,ESTRADAS E RODOVIAS,PUBLICO,SP 310,-21.63799522,-48.39687066,CHOQUE,0,0,1,0,0,0,0,0,0,1,0,20.0,1,1,Com feridos leves,False
1967562,SINISTRO NAO FATAL,2021-06-22,2021,6,22,10:38,Terça-feira,MANHA,VIAS URBANAS,NAO DISPONIVEL,DO TRABALHO,-21.60116719,-48.39024201,COLISAO,0,1,1,0,0,0,0,0,0,2,1,10.0,2,2,Com feridos leves,False
2084496,SINISTRO NAO FATAL,2021-06-22,2021,6,22,14:55,Terça-feira,TARDE,VIAS URBANAS,PUBLICO,RUA RUI BARBOSA,-21.60135126,-48.36829909,COLISAO,0,1,0,0,1,0,0,0,0,1,1,14.0,1,2,Com feridos leves,False
1544441,NOTIFICACAO,2021-06-23,2021,6,23,21:49,Quarta-feira,NOITE,VIAS URBANAS,NAO DISPONIVEL,AVENIDA SETE DE SETEMBRO,-21.60453522,-48.36619642,NAO DISPONIVEL,0,0,0,0,0,0,0,0,0,0,0,21.0,0,0,Sem vítimas,False
1765439,SINISTRO NAO FATAL,2021-06-23,2021,6,23,05:35,Quarta-feira,MADRUGADA,ESTRADAS E RODOVIAS,PUBLICO,SP 310,-21.55767585,-48.48038117,CHOQUE,0,0,1,0,0,0,0,0,0,0,0,5.0,0,1,Sem vítimas,False
2041414,NOTIFICACAO,2021-06-23,2021,6,23,12:52,Quarta-feira,TARDE,ESTRADAS E RODOVIAS,PUBLICO,SP 310,-21.6406462934,-48.3941975564,COLISAO,0,0,0,0,0,0,0,0,0,0,0,12.0,0,0,Sem vítimas,False
2129184,SINISTRO NAO FATAL,2021-06-23,2021,6,23,13:09,Quarta-feira,TARDE,VIAS URBANAS,PUBLICO,AVENIDA PADRE NELSON ANTONIO ROMAO,-21.60512574,-48.36106009,COLISAO,0,2,0,0,0,0,0,0,1,0,1,13.0,1,2,Com feridos graves,False
1915333,SINISTRO NAO FATAL,2021-06-24,2021,6,24,07:16,Quinta-feira,MANHA,VIAS URBANAS,PUBLICO,AVENIDA TROLESI,-21.61255831,-48.35148202,COLISAO,0,1,1,0,0,0,0,0,0,1,1,7.0,1,2,Com feridos leves,False
1461262,SINISTRO NAO FATAL,2021-06-25,2021,6,25,18:07,Sexta-feira,NOITE,VIAS URBANAS,NAO DISPONIVEL,AVENIDA ARARAQUARA,-21.6109148,-48.35793669,ATROPELAMENTO,0,0,1,0,0,2,0,0,0,1,2,18.0,1,1,Com feridos leves,False
1484163,SINISTRO NAO FATAL,2021-06-26,2021,6,26,13:24,Sábado,TARDE,VIAS URBANAS,PUBLICO,AVENIDA MARLENE DAVID DOS SANTOS,-21.63133077,-48.3442041,COLISAO,0,2,0,0,0,0,0,0,0,2,0,13.0,2,2,Com feridos leves,True
1817234,SINISTRO NAO FATAL,2021-06-26,2021,6,26,20:05,Sábado,NOITE,VIAS URBANAS,PUBLICO,AVENIDA PADRE NELSON ANTONIO ROMAO,-21.60169577,-48.36012938,NAO DISPONIVEL,0,1,0,0,0,0,0,0,0,1,1,20.0,1,1,Com feridos leves,True
1861534,SINISTRO NAO FATAL,2021-06-26,2021,6,26,22:57,Sábado,NOITE,VIAS URBANAS,PUBLICO,AVENIDA SETE DE SETEMBRO,-21.60576604,-48.36685821,COLISAO,0,0,1,0,0,0,0,0,0,1,1,22.0,1,1,Com feridos leves,True
2290280,NOTIFICACAO,2021-06-26,2021,6,26,13:32,Sábado,TARDE,VIAS URBANAS,NAO DISPONIVEL,AVENIDA MARLENE DAVID DOS SANTOS,-21.6267989,-48.33646885,OUTROS,0,0,0,0,0,0,0,0,0,0,0,13.0,0,0,Sem vítimas,True
1740843,NOTIFICACAO,2021-06-27,2021,6,27,14:58,Domingo,TARDE,VIAS URBANAS,NAO DISPONIVEL,AVENIDA SETE DE SETEMBRO,-21.60453522,-48.36619642,OUTROS,0,0,0,0,0,0,0,0,0,0,0,14.0,0,0,Sem vítimas,True
1497491,SINISTRO NAO FATAL,2021-06-28,2021,6,28,19:17,Segunda-feira,NOITE,VIAS URBANAS,PUBLICO,AVENIDA SAO PAULO,-21.59675571,-48.35038755,COLISAO,0,1,0,0,0,0,0,0,0,2,0,19.0,2,1,Com feridos leves,False
1942732,SINISTRO NAO FATAL,2021-06-28,2021,6,28,07:04,Segunda-feira,MANHA,VIAS URBANAS,PUBLICO,AVENIDA BALDAN,-21.62047312,-48.35472592,COLISAO,0,1,1,0,0,0,0,0,1,1,1,7.0,2,2,Com feridos graves,False
2347733,NOTIFICACAO,2021-06-28,2021,6,28,06:55,Segunda-feira,MANHA,VIAS URBANAS,NAO DISPONIVEL,AVENIDA ALBERTO BENASSI,-21.61408368,-48.35839581,OUTROS,0,0,0,0,0,0,0,0,0,0,0,6.0,0,0,Sem vítimas,False
1871867,SINISTRO NAO FATAL,2021-06-30,2021,6,30,07:16,Quarta-feira,MANHA,VIAS URBANAS,PUBLICO,JOSE DA GRAMA,-21.60111233,-48.38934804,OUTROS,0,1,0,0,0,0,0,0,0,1,0,7.0,1,1,Com feridos leves,False
1325390,SINISTRO NAO FATAL,2021-07-02,2021,7,2,17:12,Sexta-feira,TARDE,VIAS URBANAS,PUBLICO,RUA PEDRO JARDIM,-21.59816617,-48.38149541,OUTROS,0,1,0,0,0,0,0,0,0,1,0,17.0,1,1,Com feridos leves,False
2256966,SINISTRO NAO FATAL,2021-07-02,2021,7,2,15:27,Sexta-feira,TARDE,VIAS URBANAS,PUBLICO,TRABALHADORES,-21.60111233,-48.38934804,OUTROS,0,1,0,0,0,0,0,0,0,1,0,15.0,1,1,Com feridos leves,False
1309933,SINISTRO NAO FATAL,2021-07-03,2021,7,3,12:26,Sábado,TARDE,VIAS URBANAS,PUBLICO,AVENIDA PADRE NELSON ANTONIO ROMAO,-21.60348,-48.36085815,COLISAO,0,0,2,0,0,0,0,0,0,1,1,12.0,1,2,Com feridos leves,True
1548375,SINISTRO NAO FATAL,2021-07-04,2021,7,4,12:35,Domingo,TARDE,VIAS URBANAS,PUBLICO,AVENIDA ANTONIO LIAN,-21.60143353,-48.37442985,COLISAO,0,1,1,0,0,0,0,0,1,0,1,12.0,1,2,Com feridos graves,True
1932852,SINISTRO NAO FATAL,2021-07-05,2021,7,5,06:56,Segunda-feira,MANHA,VIAS URBANAS,PUBLICO,RUA SAO LOURENÇO,-21.60111233,-48.38934804,CHOQUE,0,1,0,0,0,0,0,0,0,1,0,6.0,1,1,Com feridos leves,False
2059396,SINISTRO NAO FATAL,2021-07-05,2021,7,5,12:04,Segunda-feira,TARDE,VIAS URBANAS,PUBLICO,RUA CARLOS  BELINI,-21.60135126,-48.36829909,OUTROS,0,1,0,0,0,0,0,0,0,1,2,12.0,1,1,Com feridos leves,False
2011359,SINISTRO NAO FATAL,2021-07-06,2021,7,6,10:46,Terça-feira,MANHA,VIAS URBANAS,PRIVADO,PRONTO SOCORRO MUNICIPAL,-21.60453522,-48.36619642,NAO DISPONIVEL,0,1,0,0,0,0,0,0,0,1,0,10.0,1,1,Com feridos leves,False
1607504,SINISTRO NAO FATAL,2021-07-07,2021,7,7,23:22,Quarta-feira,NOITE,VIAS URBANAS,NAO DISPONIVEL,VICINAL QUE LIGA O TURVO BAIRRO DO QUADRO,-21.60111233,-48.38934804,OUTROS,0,0,1,0,0,0,0,0,0,1,1,23.0,1,1,Com feridos leves,False
2306520,NOTIFICACAO,2021-07-07,2021,7,7,23:20,Quarta-feira,NOITE,ESTRADAS E RODOVIAS,NAO DISPONIVEL,SP 043,-21.60111233,-48.38934804,OUTROS,0,0,0,0,0,0,0,0,0,0,0,23.0,0,0,Sem vítimas,False
1569143,SINISTRO NAO FATAL,2021-07-08,2021,7,8,22:09,Quinta-feira,NOITE,VIAS URBANAS,PUBLICO,AVENIDA SETE DE SETEMBRO,-21.60576604,-48.36685821,OUTROS,0,1,0,0,0,0,0,0,0,1,0,22.0,1,1,Com feridos leves,False
1624244,SINISTRO NAO FATAL,2021-07-08,2021,7,8,22:29,Quinta-feira,NOITE,VIAS URBANAS,PUBLICO,AVENIDA TROLESI,-21.6109169,-48.35101951,COLISAO,0,1,0,0,0,0,0,0,0,1,0,22.0,1,1,Com feridos leves,False
2083082,SINISTRO NAO FATAL,2021-07-08,2021,7,8,11:57,Quinta-feira,MANHA,VIAS URBANAS,PUBLICO,RUA SAO LOURENCO,-21.60046882,-48.36332025,COLISAO,0,1,1,0,0,0,0,0,0,1,1,11.0,1,2,Com feridos leves,False
1710095,NOTIFICACAO,2021-07-09,2021,7,9,19:54,Sexta-feira,NOITE,VIAS URBANAS,NAO DISPONIVEL,AVENIDA QUINZE DE NOVEMBRO,-21.60044064,-48.36288336,NAO DISPONIVEL,0,0,0,0,0,0,0,0,0,0,0,19.0,0,0,Sem vítimas,False
1661459,SINISTRO NAO FATAL,2021-07-10,2021,7,10,17:46,Sábado,TARDE,VIAS URBANAS,PUBLICO,PRONTO SOCORRO MUNICIPAL,-21.60453522,-48.36619642,ATROPELAMENTO,0,1,0,0,0,2,0,0,1,0,2,17.0,1,1,Com feridos graves,True
1735572,SINISTRO NAO FATAL,2021-07-10,2021,7,10,18:32,Sábado,NOITE,VIAS URBANAS,PUBLICO,PRONTO SOCORRO,-21.60453522,-48.36619642,ATROPELAMENTO,0,1,0,0,0,2,0,0,1,0,2,18.0,1,1,Com feridos graves,True
1774721,SINISTRO NAO FATAL,2021-07-10,2021,7,10,21:04,Sábado,NOITE,VIAS URBANAS,PUBLICO,VIA ENGENHEIRO MILCIADES BOTTURA,-21.61397722,-48.34926175,NAO DISPONIVEL,0,0,1,0,0,0,0,0,0,0,1,21.0,0,1,Sem vítimas,True
1482449,SINISTRO NAO FATAL,2021-07-11,2021,7,11,10:17,Domingo,MANHA,VIAS URBANAS,PUBLICO,AVENIDA DOUTOR LAERT TABALLO MENDES,-21.59637786,-48.37134607,OUTROS,0,1,0,0,0,0,0,0,0,1,0,10.0,1,1,Com feridos leves,True
1552473,SINISTRO NAO FATAL,2021-07-11,2021,7,11,11:54,Domingo,MANHA,VIAS URBANAS,NAO DISPONIVEL,AVENIDA SAO LORENÇO,-21.60116719,-48.39024201,CHOQUE,0,0,1,0,0,0,0,0,0,0,1,11.0,0,1,Sem vítimas,True
1803723,SINISTRO NAO FATAL,2021-07-11,2021,7,11,20:25,Domingo,NOITE,VIAS URBANAS,PUBLICO,AVENIDA TROLESI,-21.61912966,-48.35496651,OUTROS,0,1,0,0,0,0,0,0,0,1,0,20.0,1,1,Com feridos leves,True
1870624,SINISTRO NAO FATAL,2021-07-11,2021,7,11,20:10,Domingo,NOITE,VIAS URBANAS,PUBLICO,RUA SINHARINHA FROTA,-21.61074258,-48.35541582,COLISAO,0,1,0,0,0,0,0,0,0,2,2,20.0,2,1,Com feridos leves,True
1595339,SINISTRO NAO FATAL,2021-07-12,2021,7,12,20:30,Segunda-feira,NOITE,ESTRADAS E RODOVIAS,PUBLICO,SP 326,-21.68865228,-48.33856218,COLISAO,0,1,1,0,0,0,0,0,0,1,4,20.0,1,2,Com feridos leves,False
1943492,SINISTRO NAO FATAL,2021-07-12,2021,7,12,06:50,Segunda-feira,MANHA,VIAS URBANAS,PUBLICO,AVENIDA BALDAN,-21.61032578,-48.37673105,COLISAO,1,0,1,0,0,0,0,0,0,1,1,6.0,1,2,Com feridos leves,False
2144809,SINISTRO NAO FATAL,2021-07-12,2021,7,12,12:35,Segunda-feira,TARDE,VIAS URBANAS,PUBLICO,AVENIDA FRANCISCO MASTROPIETRO,-21.58605302,-48.36346574,COLISAO,0,1,1,0,0,0,0,0,0,1,1,12.0,1,2,Com feridos leves,False
1404217,SINISTRO NAO FATAL,2021-07-13,2021,7,13,19:05,Terça-feira,NOITE,VIAS URBANAS,PUBLICO,AVENIDA PADRE NELSON ANTONIO ROMAO,-21.6016176,-48.36007658,ATROPELAMENTO,0,1,0,0,0,1,0,0,0,1,1,19.0,1,1,Com feridos leves,False
1461969,SINISTRO NAO FATAL,2021-07-13,2021,7,13,19:53,Terça-feira,NOITE,VIAS URBANAS,PRIVADO,AVENIDA SETE DE SETEMBRO,-21.60453522,-48.36619642,ATROPELAMENTO,0,0,1,0,0,1,0,0,0,1,1,19.0,1,1,Com feridos leves,False
2036936,NOTIFICACAO,2021-07-13,2021,7,13,11:29,Terça-feira,MANHA,VIAS URBANAS,NAO DISPONIVEL,RUA SINHARINHA FROTA,-21.61088755,-48.35461998,OUTROS,0,0,0,0,0,0,0,0,0,0,0,11.0,0,0,Sem vítimas,False
2353714,NOTIFICACAO,2021-07-13,2021,7,13,11:24,Terça-feira,MANHA,VIAS URBANAS,NAO DISPONIVEL,RUA SINHARINHA FROTA,-21.61140252,-48.35353092,OUTROS,0,0,0,0,0,0,0,0,0,0,0,11.0,0,0,Sem vítimas,False
1624659,SINISTRO NAO FATAL,2021-07-14,2021,7,14,22:03,Quarta-feira,NOITE,VIAS URBANAS,PUBLICO,RUA SINHARINHA FROTA,-21.61255831,-48.35148202,COLISAO,0,1,1,0,0,0,0,0,0,1,1,22.0,1,2,Com feridos leves,False
2037909,SINISTRO NAO FATAL,2021-07-14,2021,7,14,12:11,Quarta-feira,TARDE,VIAS URBANAS,PUBLICO,RUA SINHARINHA FROTA,-21.60337954,-48.37071003,COLISAO,0,0,1,1,0,0,0,0,0,1,1,12.0,1,2,Com feridos leves,False
2362673,NOTIFICACAO,2021-07-14,2021,7,14,12:11,Quarta-feira,TARDE,VIAS URBANAS,NAO DISPONIVEL,RUA SINHARINHA FROTA,-21.6036603,-48.37010253,OUTROS,0,0,0,0,0,0,0,0,0,0,0,12.0,0,0,Sem vítimas,False
1356338,SINISTRO NAO FATAL,2021-07-15,2021,7,15,17:45,Quinta-feira,TARDE,VIAS URBANAS,PUBLICO,VIA CAL FISHER,-21.59855126,-48.37138209,COLISAO,0,1,1,0,0,0,0,0,0,1,1,17.0,1,2,Com feridos leves,False
1806164,SINISTRO NAO FATAL,2021-07-15,2021,7,15,04:37,Quinta-feira,MADRUGADA,ESTRADAS E RODOVIAS,PUBLICO,SP 310,-21.53065572,-48.51858279,OUTROS,0,1,0,0,0,0,0,0,0,1,0,4.0,1,1,Com feridos leves,False
2090738,NOTIFICACAO,2021-07-15,2021,7,15,13:27,Quinta-feira,TARDE,VIAS URBANAS,PUBLICO,AVENIDA SETE DE SETEMBRO,-21.60453522,-48.36619642,ATROPELAMENTO,0,0,0,0,0,1,0,0,0,1,0,13.0,1,0,Com feridos leves,False
1752624,SINISTRO NAO FATAL,2021-07-17,2021,7,17,19:29,Sábado,NOITE,VIAS URBANAS,NAO DISPONIVEL,ESTRADA MUNICIPAL ARARAQUARA 080,-21.60111233,-48.38934804,OUTROS,0,0,0,0,0,0,0,0,0,0,0,19.0,0,0,Sem vítimas,True
1814048,SINISTRO NAO FATAL,2021-07-17,2021,7,17,20:52,Sábado,NOITE,VIAS URBANAS,PUBLICO,RUA SAO LOURENCO,-21.60104571,-48.36206979,COLISAO,0,0,2,0,0,0,0,0,0,2,1,20.0,2,2,Com feridos leves,True
2163908,SINISTRO NAO FATAL,2021-07-17,2021,7,17,06:02,Sábado,MANHA,VIAS URBANAS,NAO DISPONIVEL,RUA RUI BARBOSA,-21.60239779,-48.36604331,OUTROS,0,2,0,0,0,0,0,0,0,2,0,6.0,2,2,Com feridos leves,True
1392980,SINISTRO NAO FATAL,2021-07-18,2021,7,18,07:03,Domingo,MANHA,VIAS URBANAS,PUBLICO,AVENIDA BRASIL,-21.59319367,-48.35215325,NAO DISPONIVEL,0,1,0,0,0,0,0,0,0,1,0,7.0,1,1,Com feridos leves,True
1298810,SINISTRO NAO FATAL,2021-07-19,2021,7,19,16:32,Segunda-feira,TARDE,VIAS URBANAS,PUBLICO,AVENIDA BALDAN,-21.61032578,-48.37673105,COLISAO,0,2,0,0,0,0,0,0,0,3,0,16.0,3,2,Com feridos leves,False
1300708,SINISTRO NAO FATAL,2021-07-19,2021,7,19,16:34,Segunda-feira,TARDE,VIAS URBANAS,PUBLICO,AVENIDA DOUTOR LAERT TABALLO MENDES,-21.59560196,-48.37089404,OUTROS,0,1,0,0,0,0,0,0,0,1,0,16.0,1,1,Com feridos leves,False
1330444,NOTIFICACAO,2021-07-19,2021,7,19,17:06,Segunda-feira,TARDE,VIAS URBANAS,NAO DISPONIVEL,PROFESSOR CARLOS MARCONDES,-21.60110746,-48.38926858,OUTROS,0,0,0,0,0,0,0,0,0,0,0,17.0,0,0,Sem vítimas,False
1331546,NOTIFICACAO,2021-07-19,2021,7,19,17:05,Segunda-feira,TARDE,VIAS URBANAS,NAO DISPONIVEL,AVENIDA  CLARINDO BARRIOS,-21.60116719,-48.39024201,OUTROS,0,0,0,0,0,0,0,0,0,0,0,17.0,0,0,Sem vítimas,False
1446299,SINISTRO NAO FATAL,2021-07-20,2021,7,20,20:19,Terça-feira,NOITE,VIAS URBANAS,PUBLICO,RUA SAO LOURENCO,-21.6001702,-48.36396311,COLISAO,0,1,2,0,0,0,0,0,0,1,2,20.0,1,3,Com feridos leves,False
1524708,SINISTRO NAO FATAL,2021-07-20,2021,7,20,23:02,Terça-feira,NOITE,VIAS URBANAS,PUBLICO,AVENIDA SETE DE SETEMBRO,-21.60453522,-48.36619642,COLISAO,0,1,0,0,0,0,0,0,0,2,0,23.0,2,1,Com feridos leves,False
2052288,SINISTRO NAO FATAL,2021-07-21,2021,7,21,12:51,Quarta-feira,TARDE,VIAS URBANAS,NAO DISPONIVEL,RUA SINHARINHA FROTA,-21.61205929,-48.352137,COLISAO,0,1,1,0,0,0,0,0,0,1,1,12.0,1,2,Com feridos leves,False
2244762,SINISTRO NAO FATAL,2021-07-21,2021,7,21,16:22,Quarta-feira,TARDE,VIAS URBANAS,PUBLICO,MIGUEL GARCIA FILHO,-21.60110746,-48.38926858,COLISAO,0,1,1,0,0,0,0,0,0,2,1,16.0,2,2,Com feridos leves,False
2009553,SINISTRO NAO FATAL,2021-07-22,2021,7,22,12:10,Quinta-feira,TARDE,VIAS URBANAS,PUBLICO,RUA OTONE CORREA,-21.59289198,-48.35774278,COLISAO,0,1,1,0,0,0,0,0,0,1,1,12.0,1,2,Com feridos leves,False
1407391,SINISTRO NAO FATAL,2021-07-23,2021,7,23,17:56,Sexta-feira,TARDE,VIAS URBANAS,PUBLICO,RUA RUI BARBOSA,-21.60135126,-48.36829909,COLISAO,0,1,1,0,0,0,0,0,0,1,1,17.0,1,2,Com feridos leves,False
1427838,NOTIFICACAO,2021-07-23,2021,7,23,18:09,Sexta-feira,NOITE,VIAS URBANAS,NAO DISPONIVEL,AVENIDA BALDAN,-21.62047312,-48.35472592,OUTROS,0,0,0,0,0,0,0,0,0,0,0,18.0,0,0,Sem vítimas,False
1366509,SINISTRO NAO FATAL,2021-07-24,2021,7,24,12:21,Sábado,TARDE,VIAS URBANAS,PUBLICO,AVENIDA SANTO ANTONIO,-21.58954106,-48.36373255,COLISAO,0,1,1,0,0,0,0,0,0,1,1,12.0,1,2,Com feridos leves,True
1415936,SINISTRO NAO FATAL,2021-07-24,2021,7,24,13:20,Sábado,TARDE,VIAS URBANAS,PUBLICO,RUA JOSE BONIFACIO,-21.60197875,-48.36921126,COLISAO,0,1,1,0,0,0,0,0,0,1,1,13.0,1,2,Com feridos leves,True
1763448,SINISTRO NAO FATAL,2021-07-24,2021,7,24,19:35,Sábado,NOITE,VIAS URBANAS,PUBLICO,AVENIDA PADRE NELSON ANTONIO ROMAO,-21.60732644,-48.36203016,COLISAO,0,1,1,0,0,0,0,0,0,1,2,19.0,1,2,Com feridos leves,True
1828653,SINISTRO NAO FATAL,2021-07-25,2021,7,25,18:38,Domingo,NOITE,VIAS URBANAS,PUBLICO,AVENIDA FRANCISCO MASTROPIETRO,-21.58856936,-48.35805865,CHOQUE,0,1,1,0,0,0,0,0,0,1,2,18.0,1,2,Com feridos leves,True
1865448,SINISTRO NAO FATAL,2021-07-25,2021,7,25,23:34,Domingo,NOITE,VIAS URBANAS,PUBLICO,RUA SAO LOURENCO,-21.60124174,-48.36132272,COLISAO,0,1,0,0,0,0,0,0,1,0,0,23.0,1,1,Com feridos graves,True
1914640,SINISTRO NAO FATAL,2021-07-25,2021,7,25,22:21,Domingo,NOITE,VIAS URBANAS,PUBLICO,RUA RUI BARBOSA,-21.60135126,-48.36829909,CHOQUE,0,0,1,0,0,0,0,0,0,1,0,22.0,1,1,Com feridos leves,True
1910972,NOTIFICACAO,2021-07-26,2021,7,26,05:14,Segunda-feira,MADRUGADA,VIAS URBANAS,NAO DISPONIVEL,TRANSBRASILIANA,-21.60111233,-48.38934804,OUTROS,0,0,0,0,0,0,0,0,0,0,0,5.0,0,0,Sem vítimas,False
2032395,NOTIFICACAO,2021-07-26,2021,7,26,10:43,Segunda-feira,MANHA,VIAS URBANAS,NAO DISPONIVEL,PRONTO SOCORRO MUNICIPAL,-21.60453522,-48.36619642,NAO DISPONIVEL,0,0,0,0,0,0,0,0,0,0,0,10.0,0,0,Sem vítimas,False
1427397,NOTIFICACAO,2021-07-27,2021,7,27,17:57,Terça-feira,TARDE,VIAS URBANAS,NAO DISPONIVEL,AVENIDA BRASIL,-21.58836599,-48.35023651,OUTROS,0,0,0,0,0,0,0,0,0,0,0,17.0,0,0,Sem vítimas,False
1995733,SINISTRO NAO FATAL,2021-07-27,2021,7,27,11:19,Terça-feira,MANHA,VIAS URBANAS,PUBLICO,VIA ORLANDO JOSE SCUTTI,-21.62058292,-48.3552858,COLISAO,0,1,1,0,0,0,0,0,0,1,1,11.0,1,2,Com feridos leves,False
2187180,SINISTRO NAO FATAL,2021-07-27,2021,7,27,15:07,Terça-feira,TARDE,VIAS URBANAS,PUBLICO,AVENIDA SAO PAULO,-21.60060102,-48.35140024,COLISAO,0,1,1,0,0,0,0,0,0,1,1,15.0,1,2,Com feridos leves,False
1791187,NOTIFICACAO,2021-07-28,2021,7,28,05:35,Quarta-feira,MADRUGADA,ESTRADAS E RODOVIAS,NAO DISPONIVEL,SP 326,-21.60111233,-48.38934804,OUTROS,0,0,0,0,0,0,0,0,0,0,0,5.0,0,0,Sem vítimas,False
1834675,SINISTRO NAO FATAL,2021-07-28,2021,7,28,07:10,Quarta-feira,MANHA,VIAS URBANAS,PUBLICO,AVENIDA TROLESI,-21.60565583,-48.34832684,CHOQUE,0,0,3,0,0,0,0,0,0,1,2,7.0,1,3,Com feridos leves,False
1462257,SINISTRO NAO FATAL,2021-07-30,2021,7,30,20:42,Sexta-feira,NOITE,VIAS URBANAS,NAO DISPONIVEL,AVENIDA BALDAN,-21.61614743,-48.36410077,CHOQUE,0,1,1,0,0,0,0,0,0,1,1,20.0,1,2,Com feridos leves,False
1275314,NOTIFICACAO,2021-07-31,2021,7,31,14:23,Sábado,TARDE,VIAS URBANAS,PUBLICO,RUA JOSE DE SOUZA,-21.62069891,-48.34861508,OUTROS,0,0,0,0,0,0,0,0,0,0,0,14.0,0,0,Sem vítimas,True
1476583,SINISTRO NAO FATAL,2021-07-31,2021,7,31,17:19,Sábado,TARDE,VIAS URBANAS,PUBLICO,RUA SAO LOURENCO,-21.60150932,-48.36040515,COLISAO,0,0,2,0,0,0,0,0,0,2,0,17.0,2,2,Com feridos leves,True
1844229,SINISTRO NAO FATAL,2021-07-31,2021,7,31,23:25,Sábado,NOITE,VIAS URBANAS,PUBLICO,AVENIDA FRANCISCO MASTROPIETRO,-21.59048101,-48.35412674,COLISAO,0,1,1,0,0,0,0,0,0,1,1,23.0,1,2,Com feridos leves,True
1937108,SINISTRO NAO FATAL,2021-08-02,2021,8,2,09:15,Segunda-feira,MANHA,VIAS URBANAS,PUBLICO,RUA JOSE BONIFACIO,-21.60320517,-48.36658599,COLISAO,0,1,1,0,0,0,0,0,0,1,1,9.0,1,2,Com feridos leves,False
1493302,SINISTRO NAO FATAL,2021-08-03,2021,8,3,21:32,Terça-feira,NOITE,VIAS URBANAS,PUBLICO,RUA JOÃO CECHETO,-21.59013735,-48.34953131,COLISAO,0,0,2,0,0,0,0,0,0,1,1,21.0,1,2,Com feridos leves,False
1653855,SINISTRO NAO FATAL,2021-08-06,2021,8,6,21:53,Sexta-feira,NOITE,VIAS URBANAS,NAO DISPONIVEL,AVENIDA TROLESI,-21.61025396,-48.35067163,OUTROS,0,1,0,0,0,0,0,0,0,1,0,21.0,1,1,Com feridos leves,False
1449050,SINISTRO NAO FATAL,2021-08-07,2021,8,7,12:52,Sábado,TARDE,VIAS URBANAS,PUBLICO,AVENIDA BENEDITO GONCALVES DA COSTA,-21.60111233,-48.38934804,OUTROS,1,1,0,0,0,0,0,0,0,2,0,12.0,2,2,Com feridos leves,True
1593096,SINISTRO NAO FATAL,2021-08-07,2021,8,7,15:22,Sábado,TARDE,VIAS URBANAS,PUBLICO,RUA ARLINDO FACHIO,-21.60111233,-48.38934804,COLISAO,0,1,1,0,0,0,0,0,0,1,2,15.0,1,2,Com feridos leves,True
2169235,SINISTRO NAO FATAL,2021-08-07,2021,8,7,06:21,Sábado,MANHA,VIAS URBANAS,PUBLICO,DO PESCADOR,-21.60111233,-48.38934804,COLISAO,0,0,1,0,1,0,1,0,0,2,1,6.0,2,3,Com feridos leves,True
1274035,SINISTRO NAO FATAL,2021-08-09,2021,8,9,14:26,Segunda-feira,TARDE,VIAS URBANAS,PUBLICO,RUA RUI BARBOSA,-21.60135126,-48.36829909,COLISAO,0,1,1,0,0,0,0,0,0,1,1,14.0,1,2,Com feridos leves,False
1975137,SINISTRO NAO FATAL,2021-08-10,2021,8,10,09:57,Terça-feira,MANHA,VIAS URBANAS,PUBLICO,AVENIDA SETE DE SETEMBRO,-21.60453522,-48.36619642,COLISAO,0,1,0,0,0,0,0,0,0,1,0,9.0,1,1,Com feridos leves,False
1642495,SINISTRO NAO FATAL,2021-08-13,2021,8,13,21:53,Sexta-feira,NOITE,VIAS URBANAS,PUBLICO,RUA RUI BARBOSA,-21.60135126,-48.36829909,NAO DISPONIVEL,0,1,0,0,0,0,0,0,0,1,0,21.0,1,1,Com feridos leves,False
2056126,SINISTRO NAO FATAL,2021-08-13,2021,8,13,12:58,Sexta-feira,TARDE,VIAS URBANAS,PUBLICO,RUA JOAO PESSOA,-21.59839678,-48.3724968,COLISAO,1,0,1,0,0,0,0,0,0,2,1,12.0,2,2,Com feridos leves,False
1271290,SINISTRO NAO FATAL,2021-08-14,2021,8,14,11:51,Sábado,MANHA,VIAS URBANAS,PUBLICO,RUA ALEXANDRE DOS SANTOS PIRES,-21.62146898,-48.35361563,OUTROS,0,1,0,0,0,0,0,0,0,1,0,11.0,1,1,Com feridos leves,True
1532104,SINISTRO NAO FATAL,2021-08-14,2021,8,14,16:15,Sábado,TARDE,VIAS URBANAS,PUBLICO,RUA DAUMINIU TREVISAN,-21.59570464,-48.38054253,ATROPELAMENTO,1,0,1,0,0,0,0,0,1,0,2,16.0,1,2,Com feridos graves,True
1844592,SINISTRO NAO FATAL,2021-08-14,2021,8,14,22:43,Sábado,NOITE,VIAS URBANAS,PUBLICO,RUA SAO LOURENCO,-21.60124174,-48.36132272,COLISAO,0,1,0,0,0,0,0,0,0,1,0,22.0,1,1,Com feridos leves,True
1867517,SINISTRO NAO FATAL,2021-08-14,2021,8,14,23:41,Sábado,NOITE,VIAS URBANAS,PUBLICO,AVENIDA LUDWIG ECKES,-21.59570464,-48.38054253,COLISAO,0,0,2,0,0,0,0,0,0,1,3,23.0,1,2,Com feridos leves,True
1325035,SINISTRO NAO FATAL,2021-08-15,2021,8,15,07:16,Domingo,MANHA,VIAS URBANAS,PUBLICO,AVENIDA TROLESI,-21.61083609,-48.3509771,COLISAO,0,0,2,0,0,0,0,0,0,1,1,7.0,1,2,Com feridos leves,True
1433969,SINISTRO NAO FATAL,2021-08-15,2021,8,15,10:16,Domingo,MANHA,VIAS URBANAS,PUBLICO,QUE LIGA MATAO A ARAQUARA,-21.60111233,-48.38934804,COLISAO,0,2,0,0,0,0,0,0,0,3,0,10.0,3,2,Com feridos leves,True
1550363,NOTIFICACAO,2021-08-15,2021,8,15,12:40,Domingo,TARDE,VIAS URBANAS,NAO DISPONIVEL,AVENIDA CARLOS MARIANI,-21.6005019,-48.35011086,OUTROS,0,0,0,0,0,0,0,0,0,0,0,12.0,0,0,Sem vítimas,True
1855611,SINISTRO NAO FATAL,2021-08-15,2021,8,15,01:02,Domingo,MADRUGADA,VIAS URBANAS,PUBLICO,AVENIDA TROLESI,-21.61622013,-48.35384847,OUTROS,1,1,0,0,0,0,0,0,0,1,0,1.0,1,2,Com feridos leves,True
1380177,SINISTRO NAO FATAL,2021-08-18,2021,8,18,17:21,Quarta-feira,TARDE,VIAS URBANAS,PUBLICO,AV MARCHESAN,-21.61614743,-48.36410077,COLISAO,0,1,0,0,1,0,1,0,0,1,1,17.0,1,3,Com feridos leves,False
2361973,SINISTRO NAO FATAL,2021-08-19,2021,8,19,12:02,Quinta-feira,TARDE,VIAS URBANAS,PUBLICO,RUA ENZO CASTELANI,-21.59150288,-48.35701278,COLISAO,0,1,1,0,0,0,0,0,0,1,1,12.0,1,2,Com feridos leves,False
2275907,NOTIFICACAO,2021-08-20,2021,8,20,17:14,Sexta-feira,TARDE,VIAS URBANAS,NAO DISPONIVEL,AVENIDA PADRE NELSON ANTONIO ROMAO,-21.60725578,-48.36200237,OUTROS,0,0,0,0,0,0,0,0,0,0,0,17.0,0,0,Sem vítimas,False
2274544,SINISTRO NAO FATAL,2021-08-22,2021,8,22,06:06,Domingo,MANHA,VIAS URBANAS,NAO DISPONIVEL,RUA ALEXANDRE DOS SANTOS PIRES,-21.62689151,-48.34942536,OUTROS,0,1,0,0,0,0,0,0,0,1,0,6.0,1,1,Com feridos leves,True
2297187,SINISTRO NAO FATAL,2021-08-22,2021,8,22,11:08,Domingo,MANHA,VIAS URBANAS,PUBLICO,AVENIDA PADRE NELSON ANTONIO ROMAO,-21.60558238,-48.36118196,COLISAO,0,1,1,0,0,0,0,0,0,1,1,11.0,1,2,Com feridos leves,True
2315905,NOTIFICACAO,2021-08-22,2021,8,22,22:36,Domingo,NOITE,VIAS URBANAS,NAO DISPONIVEL,AVENIDA PADRE NELSON ANTONIO ROMAO,-21.60868504,-48.36271632,OUTROS,0,0,0,0,0,0,0,0,0,0,0,22.0,0,0,Sem vítimas,True
1522498,SINISTRO NAO FATAL,2021-08-23,2021,8,23,18:15,Segunda-feira,NOITE,VIAS URBANAS,PUBLICO,AVENIDA BALDAN,-21.61598215,-48.36445838,COLISAO,0,1,1,0,0,0,0,0,1,0,1,18.0,1,2,Com feridos graves,False
1524896,SINISTRO NAO FATAL,2021-08-23,2021,8,23,18:05,Segunda-feira,NOITE,VIAS URBANAS,PUBLICO,RUA JOSE MARTINHO MARTINS,-21.59822183,-48.38816768,COLISAO,0,1,1,0,0,0,0,0,0,1,1,18.0,1,2,Com feridos leves,False
2281714,NOTIFICACAO,2021-08-23,2021,8,23,17:45,Segunda-feira,TARDE,VIAS URBANAS,NAO DISPONIVEL,AVENIDA BALDAN,-21.61032578,-48.37673105,OUTROS,0,0,0,0,0,0,0,0,0,0,0,17.0,0,0,Sem vítimas,False
2281765,NOTIFICACAO,2021-08-23,2021,8,23,17:44,Segunda-feira,TARDE,VIAS URBANAS,NAO DISPONIVEL,AVENIDA BALDAN,-21.6199163,-48.35590368,OUTROS,0,0,0,0,0,0,0,0,0,0,0,17.0,0,0,Sem vítimas,False
1794883,SINISTRO NAO FATAL,2021-08-28,2021,8,28,22:29,Sábado,NOITE,VIAS URBANAS,PUBLICO,RUA JOÃO CECHETO,-21.58625848,-48.35749003,OUTROS,0,0,2,0,0,0,0,0,0,1,0,22.0,1,2,Com feridos leves,True
2068603,SINISTRO NAO FATAL,2021-08-28,2021,8,28,05:53,Sábado,MADRUGADA,VIAS URBANAS,PUBLICO,AVENIDA DOUTOR LAERT TABALLO MENDES,-21.59637786,-48.37134607,OUTROS,0,1,0,0,0,0,0,0,0,1,0,5.0,1,1,Com feridos leves,True
1470467,NOTIFICACAO,2021-08-29,2021,8,29,11:47,Domingo,MANHA,VIAS URBANAS,PUBLICO,VIA ENGENHEIRO MILCIADES BOTTURA,-21.61397722,-48.34926175,OUTROS,0,0,0,0,0,0,0,0,0,1,0,11.0,1,0,Com feridos leves,True
1289793,SINISTRO NAO FATAL,2021-08-30,2021,8,30,16:06,Segunda-feira,TARDE,VIAS URBANAS,PUBLICO,PE NELSON ANTONIO ROMAO X CESARIO MOTA,-21.60238761,-48.36044229,COLISAO,0,1,1,0,0,0,0,0,0,1,1,16.0,1,2,Com feridos leves,False
1294434,SINISTRO NAO FATAL,2021-08-30,2021,8,30,16:06,Segunda-feira,TARDE,VIAS URBANAS,PUBLICO,AVENIDA QUINZE DE NOVEMBRO,-21.60910906,-48.36758016,COLISAO,0,1,1,0,0,0,0,0,0,1,2,16.0,1,2,Com feridos leves,False
1677848,SINISTRO NAO FATAL,2021-08-30,2021,8,30,23:57,Segunda-feira,NOITE,VIAS URBANAS,PUBLICO,RUA CESARIO MOTTA,-21.60361545,-48.36788963,CHOQUE,0,1,0,0,0,0,0,0,1,0,0,23.0,1,1,Com feridos graves,False
1840847,SINISTRO NAO FATAL,2021-08-31,2021,8,31,05:15,Terça-feira,MADRUGADA,ESTRADAS E RODOVIAS,PUBLICO,SP 310,-21.6354149,-48.3891521,CHOQUE,0,0,1,0,0,0,0,0,0,1,0,5.0,1,1,Com feridos leves,False
2256235,SINISTRO NAO FATAL,2021-08-31,2021,8,31,16:52,Terça-feira,TARDE,VIAS URBANAS,PUBLICO,AVENIDA VINTE E OITO DE AGOSTO,-21.60616706,-48.36481947,COLISAO,0,1,1,0,0,0,0,0,0,1,1,16.0,1,2,Com feridos leves,False
2071949,SINISTRO NAO FATAL,2021-09-01,2021,9,1,11:41,Quarta-feira,MANHA,VIAS URBANAS,PUBLICO,AVENIDA TROLESI,-21.61779365,-48.35425806,CHOQUE,0,0,1,0,0,0,0,0,0,1,0,11.0,1,1,Com feridos leves,False
2171721,SINISTRO NAO FATAL,2021-09-02,2021,9,2,12:00,Quinta-feira,TARDE,ESTRADAS E RODOVIAS,PUBLICO,SP 310,-21.55806229,-48.47873202,CHOQUE,0,0,1,0,0,0,0,0,0,1,0,12.0,1,1,Com feridos leves,False
1942005,SINISTRO NAO FATAL,2021-09-03,2021,9,3,06:39,Sexta-feira,MANHA,ESTRADAS E RODOVIAS,NAO DISPONIVEL,TREVO DE ACESSO A MUTUCA NA SAIDA DE MATAO,-21.60111233,-48.38934804,CHOQUE,0,1,0,0,0,0,0,0,0,1,0,6.0,1,1,Com feridos leves,False
2150665,NOTIFICACAO,2021-09-03,2021,9,3,12:21,Sexta-feira,TARDE,VIAS URBANAS,NAO DISPONIVEL,RUA ANTONIO SILVEIRA LEITE,-21.59751564,-48.35823871,OUTROS,0,0,0,0,0,0,0,0,0,0,0,12.0,0,0,Sem vítimas,False
1372692,SINISTRO NAO FATAL,2021-09-04,2021,9,4,11:09,Sábado,MANHA,VIAS URBANAS,PUBLICO,AVENIDA ALBERTO BENASSI,-21.61521123,-48.36543682,COLISAO,0,1,2,0,0,0,0,0,0,1,2,11.0,1,3,Com feridos leves,True
1633515,SINISTRO NAO FATAL,2021-09-04,2021,9,4,15:51,Sábado,TARDE,VIAS URBANAS,PUBLICO,RUA JOSE SIMAO KFOURI,-21.59549276,-48.35810512,COLISAO,0,2,0,0,0,0,0,0,0,2,0,15.0,2,2,Com feridos leves,True
1643745,SINISTRO NAO FATAL,2021-09-04,2021,9,4,15:35,Sábado,TARDE,ESTRADAS E RODOVIAS,PUBLICO,SP 310,-21.62423516,-48.41008399,OUTROS,0,0,1,0,0,0,0,0,2,0,0,15.0,2,1,Com feridos graves,True
2209727,SINISTRO NAO FATAL,2021-09-05,2021,9,5,07:22,Domingo,MANHA,VIAS URBANAS,PUBLICO,AVENIDA LUDWIG ECKES,-21.59621748,-48.38083526,COLISAO,0,0,0,0,2,0,1,0,0,1,1,7.0,1,3,Com feridos leves,True
2113410,SINISTRO NAO FATAL,2021-09-06,2021,9,6,08:59,Segunda-feira,MANHA,VIAS URBANAS,PUBLICO,AVENIDA PADRE NELSON ANTONIO ROMAO,-21.60848952,-48.36256566,COLISAO,0,1,1,0,0,0,0,0,0,1,2,8.0,1,2,Com feridos leves,False
2132026,NOTIFICACAO,2021-09-07,2021,9,7,08:20,Terça-feira,MANHA,VIAS URBANAS,NAO DISPONIVEL,RUA JOSE GONCALVES,-21.60299158,-48.39410116,OUTROS,0,0,0,0,0,0,0,0,0,0,0,8.0,0,0,Sem vítimas,False
1418368,SINISTRO NAO FATAL,2021-09-08,2021,9,8,17:00,Quarta-feira,TARDE,VIAS URBANAS,PUBLICO,RUA JOAO BORDIGNON,-21.61627273,-48.35515804,OUTROS,0,1,0,0,0,0,0,0,0,2,0,17.0,2,1,Com feridos leves,False
1368567,SINISTRO NAO FATAL,2021-09-09,2021,9,9,18:16,Quinta-feira,NOITE,VIAS URBANAS,NAO DISPONIVEL,AVENIDA BALDAN,-21.61362631,-48.36955784,COLISAO,0,1,1,0,0,0,0,0,0,1,1,18.0,1,2,Com feridos leves,False
1403522,NOTIFICACAO,2021-09-09,2021,9,9,18:29,Quinta-feira,NOITE,VIAS URBANAS,NAO DISPONIVEL,AVENIDA TROLESI,-21.6109169,-48.35101951,OUTROS,0,0,0,0,0,0,0,0,0,0,0,18.0,0,0,Sem vítimas,False
1947627,SINISTRO NAO FATAL,2021-09-12,2021,9,12,00:07,Domingo,MADRUGADA,VIAS URBANAS,PUBLICO,RUA SAO LOURENCO,-21.59938706,-48.365649,COLISAO,0,0,2,0,0,0,0,0,0,4,1,0.0,4,2,Com feridos leves,True
1322170,SINISTRO NAO FATAL,2021-09-13,2021,9,13,15:56,Segunda-feira,TARDE,VIAS URBANAS,PUBLICO,RUA RUI BARBOSA,-21.60135126,-48.36829909,OUTROS,0,1,1,0,0,0,0,0,1,0,1,15.0,1,2,Com feridos graves,False
2009793,SINISTRO NAO FATAL,2021-09-15,2021,9,15,11:12,Quarta-feira,MANHA,VIAS URBANAS,PUBLICO,RUA LINO TREVISAN,-21.62111774,-48.35114124,COLISAO,0,1,1,0,0,0,0,0,0,1,1,11.0,1,2,Com feridos leves,False
2074834,NOTIFICACAO,2021-09-15,2021,9,15,11:34,Quarta-feira,MANHA,VIAS URBANAS,NAO DISPONIVEL,RUA ADALBERTO ANTUNES,-21.60517734,-48.37353576,OUTROS,0,0,0,0,0,0,0,0,0,0,0,11.0,0,0,Sem vítimas,False
2074249,SINISTRO NAO FATAL,2021-09-17,2021,9,17,13:05,Sexta-feira,TARDE,VIAS URBANAS,PUBLICO,RUA RUI BARBOSA,-21.60705894,-48.3559454,COLISAO,0,1,1,0,0,0,0,0,0,1,1,13.0,1,2,Com feridos leves,False
1762715,SINISTRO NAO FATAL,2021-09-18,2021,9,18,19:18,Sábado,NOITE,VIAS URBANAS,PUBLICO,RUA RUI BARBOSA,-21.60135126,-48.36829909,ATROPELAMENTO,0,0,1,0,0,2,0,0,0,1,2,19.0,1,1,Com feridos leves,True
1907119,SINISTRO NAO FATAL,2021-09-19,2021,9,19,23:53,Domingo,NOITE,VIAS URBANAS,PUBLICO,AVENIDA FRANCISCO MASTROPIETRO,-21.59303927,-48.34882346,COLISAO,0,0,2,0,0,0,0,0,0,1,1,23.0,1,2,Com feridos leves,True
2104068,SINISTRO NAO FATAL,2021-09-20,2021,9,20,10:37,Segunda-feira,MANHA,VIAS URBANAS,PRIVADO,PRONTO SOCORRO,-21.60453522,-48.36619642,COLISAO,0,1,0,0,0,0,0,0,0,1,0,10.0,1,1,Com feridos leves,False
1431870,SINISTRO NAO FATAL,2021-09-22,2021,9,22,19:20,Quarta-feira,NOITE,VIAS URBANAS,NAO DISPONIVEL,AVENIDA ANTONIO GORGATTI,-21.62866434,-48.35374721,COLISAO,0,1,1,0,0,0,0,0,0,1,1,19.0,1,2,Com feridos leves,False
1682639,SINISTRO NAO FATAL,2021-09-23,2021,9,23,23:40,Quinta-feira,NOITE,ESTRADAS E RODOVIAS,PUBLICO,SP 326,-21.59023375,-48.33433738,OUTROS,0,0,1,0,0,0,0,0,0,1,0,23.0,1,1,Com feridos leves,False
2225662,SINISTRO NAO FATAL,2021-09-23,2021,9,23,15:35,Quinta-feira,TARDE,VIAS URBANAS,PUBLICO,AVENIDA BALDAN,-21.61614743,-48.36410077,COLISAO,0,0,2,0,1,0,0,0,0,1,2,15.0,1,3,Com feridos leves,False
2514996,SINISTRO NAO FATAL,2021-09-23,2021,9,23,12:30,Quinta-feira,TARDE,VIAS URBANAS,PUBLICO,RUA AERICO MACCAGNAN,-21.58528323,-48.37079066,COLISAO,0,1,1,0,0,0,0,0,0,1,0,12.0,1,2,Com feridos leves,False
1368668,SINISTRO NAO FATAL,2021-09-24,2021,9,24,17:29,Sexta-feira,TARDE,VIAS URBANAS,PUBLICO,RUA ELÍAS RAIMUNDO DE BRITO,-21.61686772,-48.34766384,COLISAO,0,1,1,0,0,0,0,0,0,1,1,17.0,1,2,Com feridos leves,False
1680073,SINISTRO NAO FATAL,2021-09-25,2021,9,25,18:52,Sábado,NOITE,VIAS URBANAS,PUBLICO,AVENIDA ANTONIO DE RIZZO,-21.59139373,-48.34692749,COLISAO,0,0,1,0,0,0,0,0,0,1,0,18.0,1,1,Com feridos leves,True
1849887,SINISTRO NAO FATAL,2021-09-25,2021,9,25,23:19,Sábado,NOITE,VIAS URBANAS,NAO DISPONIVEL,RUA ELPIDIO MONTEIRO DE MIRANDA,-21.62009868,-48.36301193,OUTROS,0,1,0,0,0,0,0,0,0,1,1,23.0,1,1,Com feridos leves,True
1529538,SINISTRO NAO FATAL,2021-09-30,2021,9,30,20:02,Quinta-feira,NOITE,VIAS URBANAS,PUBLICO,AVENIDA VIRGILIO TURCATTO,-21.58838,-48.36668452,OUTROS,0,1,0,0,0,0,0,0,0,1,0,20.0,1,1,Com feridos leves,False
2071751,NOTIFICACAO,2021-09-30,2021,9,30,11:20,Quinta-feira,MANHA,VIAS URBANAS,NAO DISPONIVEL,AVENIDA ANTONIO GORGATTI,-21.61678253,-48.36356328,NAO DISPONIVEL,0,0,0,0,0,0,0,0,0,0,0,11.0,0,0,Sem vítimas,False
2120402,NOTIFICACAO,2021-09-30,2021,9,30,12:08,Quinta-feira,TARDE,VIAS URBANAS,NAO DISPONIVEL,ROTATORIA DO BAIRRO AZUVILE,-21.60111233,-48.38934804,OUTROS,0,0,0,0,0,0,0,0,0,0,0,12.0,0,0,Sem vítimas,False
2357784,NOTIFICACAO,2021-09-30,2021,9,30,11:32,Quinta-feira,MANHA,VIAS URBANAS,NAO DISPONIVEL,AVENIDA ANTONIO GORGATTI,-21.6168386,-48.36350898,OUTROS,0,0,0,0,0,0,0,0,0,0,0,11.0,0,0,Sem vítimas,False
1695761,NOTIFICACAO,2021-10-01,2021,10,1,02:00,Sexta-feira,MADRUGADA,VIAS URBANAS,NAO DISPONIVEL,ESTRADA DA FAZENDA,-21.60111233,-48.38934804,OUTROS,0,0,0,0,0,0,0,0,0,0,0,2.0,0,0,Sem vítimas,False
1707297,NOTIFICACAO,2021-10-01,2021,10,1,22:26,Sexta-feira,NOITE,VIAS URBANAS,NAO DISPONIVEL,ESTRADA DA FAZENDA,-21.60111233,-48.38934804,OUTROS,0,0,0,0,0,0,0,0,0,0,0,22.0,0,0,Sem vítimas,False
1678226,NOTIFICACAO,2021-10-02,2021,10,2,18:50,Sábado,NOITE,VIAS URBANAS,NAO DISPONIVEL,FRANCISCO MELO,-21.60111233,-48.38934804,OUTROS,0,0,0,0,0,0,0,0,0,0,0,18.0,0,0,Sem vítimas,True
1692120,NOTIFICACAO,2021-10-02,2021,10,2,18:47,Sábado,NOITE,VIAS URBANAS,NAO DISPONIVEL,RUA FRANCISCO COMELI,-21.60111233,-48.38934804,OUTROS,0,0,0,0,0,0,0,0,0,0,0,18.0,0,0,Sem vítimas,True
1596378,SINISTRO NAO FATAL,2021-10-03,2021,10,3,14:07,Domingo,TARDE,VIAS URBANAS,PUBLICO,RUA JOAO DAMAZIO,-21.58769164,-48.35458568,CHOQUE,0,0,1,0,0,0,0,0,0,1,2,14.0,1,1,Com feridos leves,True
2027706,NOTIFICACAO,2021-10-05,2021,10,5,11:45,Terça-feira,MANHA,VIAS URBANAS,NAO DISPONIVEL,RUA RUI BARBOSA,-21.60135126,-48.36829909,OUTROS,0,0,0,0,0,0,0,0,0,0,0,11.0,0,0,Sem vítimas,False
1862641,SINISTRO NAO FATAL,2021-10-06,2021,10,6,06:37,Quarta-feira,MANHA,VIAS URBANAS,PUBLICO,AVENIDA TROLESI,-21.61083609,-48.3509771,COLISAO,0,1,1,0,0,0,0,0,1,0,1,6.0,1,2,Com feridos graves,False
1867840,NOTIFICACAO,2021-10-06,2021,10,6,10:02,Quarta-feira,MANHA,VIAS URBANAS,NAO DISPONIVEL,AVENIDA FRANCISCO MASTROPIETRO,-21.58902513,-48.35712115,OUTROS,0,0,0,0,0,0,0,0,0,0,0,10.0,0,0,Sem vítimas,False
2023574,SINISTRO NAO FATAL,2021-10-07,2021,10,7,07:20,Quinta-feira,MANHA,ESTRADAS E RODOVIAS,PUBLICO,SP 326,-21.68865228,-48.33856218,OUTROS,0,1,0,0,0,0,0,0,0,1,0,7.0,1,1,Com feridos leves,False
2047165,SINISTRO NAO FATAL,2021-10-07,2021,10,7,10:28,Quinta-feira,MANHA,VIAS URBANAS,PUBLICO,AVENIDA QUINZE DE NOVEMBRO,-21.60076008,-48.36305217,ATROPELAMENTO,0,0,3,0,0,2,0,0,0,1,6,10.0,1,3,Com feridos leves,False
2169392,SINISTRO NAO FATAL,2021-10-08,2021,10,8,13:12,Sexta-feira,TARDE,VIAS URBANAS,PUBLICO,AVENIDA BALDAN,-21.62047312,-48.35472592,OUTROS,0,1,0,0,0,0,0,0,0,1,0,13.0,1,1,Com feridos leves,False
1830181,SINISTRO NAO FATAL,2021-10-09,2021,10,9,01:16,Sábado,MADRUGADA,VIAS URBANAS,PUBLICO,AVENIDA THEOPHILO DIAS DE TOLEDO,-21.60331365,-48.35673552,CHOQUE,0,0,1,0,0,0,0,0,0,2,1,1.0,2,1,Com feridos leves,True
1280554,SINISTRO NAO FATAL,2021-10-11,2021,10,11,15:50,Segunda-feira,TARDE,VIAS URBANAS,PUBLICO,ALAMEDA DA SAUDADE,-21.5994705,-48.37447327,COLISAO,0,1,1,0,0,0,0,0,1,0,1,15.0,1,2,Com feridos graves,False
2174931,SINISTRO NAO FATAL,2021-10-11,2021,10,11,13:06,Segunda-feira,TARDE,VIAS URBANAS,PUBLICO,RUA CLAUDIO BEVILAQUA,-21.59006191,-48.35113858,COLISAO,0,1,1,0,0,0,0,0,0,1,1,13.0,1,2,Com feridos leves,False
2052461,NOTIFICACAO,2021-10-12,2021,10,12,08:09,Terça-feira,MANHA,VIAS URBANAS,NAO DISPONIVEL,AVENIDA WILSON FARIA,-21.59039003,-48.3676028,OUTROS,0,0,0,0,0,0,0,0,0,0,0,8.0,0,0,Sem vítimas,False
2147489,SINISTRO NAO FATAL,2021-10-12,2021,10,12,07:40,Terça-feira,MANHA,VIAS URBANAS,PUBLICO,WASHINGTON LUIZ X FARIA LIMA,-21.60111233,-48.38934804,CHOQUE,0,0,1,0,0,0,0,0,0,2,1,7.0,2,1,Com feridos leves,False
1530576,SINISTRO NAO FATAL,2021-10-14,2021,10,14,20:55,Quinta-feira,NOITE,VIAS URBANAS,PUBLICO,AVENIDA ALBERTO BENASSI,-21.61408368,-48.35839581,COLISAO,0,1,0,0,1,0,0,0,0,1,1,20.0,1,2,Com feridos leves,False
1913112,SINISTRO NAO FATAL,2021-10-15,2021,10,15,06:54,Sexta-feira,MANHA,VIAS URBANAS,PUBLICO,AVENIDA TROLESI,-21.59861747,-48.34453439,NAO DISPONIVEL,0,1,0,0,0,0,0,0,0,1,0,6.0,1,1,Com feridos leves,False
2203459,SINISTRO NAO FATAL,2021-10-16,2021,10,16,12:06,Sábado,TARDE,VIAS URBANAS,PUBLICO,AVENIDA BALDAN,-21.61071994,-48.37587282,COLISAO,0,1,1,0,0,0,0,0,0,1,1,12.0,1,2,Com feridos leves,True
1594501,SINISTRO NAO FATAL,2021-10-17,2021,10,17,15:02,Domingo,TARDE,VIAS URBANAS,PUBLICO,RUA RUI BARBOSA,-21.60135126,-48.36829909,CHOQUE,0,0,1,0,0,0,0,0,0,4,0,15.0,4,1,Com feridos leves,True
2230113,SINISTRO NAO FATAL,2021-10-20,2021,10,20,16:11,Quarta-feira,TARDE,VIAS URBANAS,NAO DISPONIVEL,RUA PRUDENTE DE MORAES,-21.60436107,-48.3573537,COLISAO,0,1,1,0,0,0,0,0,0,1,1,16.0,1,2,Com feridos leves,False
1399108,SINISTRO NAO FATAL,2021-10-21,2021,10,21,19:08,Quinta-feira,NOITE,VIAS URBANAS,PUBLICO,AVENIDA QUINZE DE NOVEMBRO,-21.60027459,-48.3627956,COLISAO,0,1,1,0,0,0,0,0,1,0,1,19.0,1,2,Com feridos graves,False
1328137,SINISTRO NAO FATAL,2021-10-22,2021,10,22,17:03,Sexta-feira,TARDE,VIAS URBANAS,PUBLICO,AVENIDA QUINZE DE NOVEMBRO,-21.60828981,-48.36704851,COLISAO,0,1,1,0,0,0,0,0,0,1,1,17.0,1,2,Com feridos leves,False
1382471,SINISTRO NAO FATAL,2021-10-22,2021,10,22,17:44,Sexta-feira,TARDE,VIAS URBANAS,PUBLICO,RUA RUI BARBOSA,-21.60135126,-48.36829909,COLISAO,0,2,0,0,0,0,0,0,0,2,0,17.0,2,2,Com feridos leves,False
1991329,SINISTRO NAO FATAL,2021-10-22,2021,10,22,11:07,Sexta-feira,MANHA,VIAS URBANAS,PUBLICO,AVENIDA PADRE NELSON,-21.60111233,-48.38934804,COLISAO,0,1,1,0,0,0,0,0,0,1,1,11.0,1,2,Com feridos leves,False
1577423,SINISTRO NAO FATAL,2021-10-23,2021,10,23,16:08,Sábado,TARDE,VIAS URBANAS,PUBLICO,VIA CAL FISHER,-21.59855126,-48.37138209,OUTROS,0,0,1,0,0,0,0,0,0,1,1,16.0,1,1,Com feridos leves,True
1585417,SINISTRO NAO FATAL,2021-10-23,2021,10,23,15:25,Sábado,TARDE,ESTRADAS E RODOVIAS,PUBLICO,SP 326,-21.66184673,-48.33789499,OUTROS,0,1,0,0,0,0,0,0,0,2,0,15.0,2,1,Com feridos leves,True
1676718,SINISTRO NAO FATAL,2021-10-24,2021,10,24,17:17,Domingo,TARDE,VIAS URBANAS,PUBLICO,RUA RUI BARBOSA,-21.60135126,-48.36829909,COLISAO,0,1,1,0,0,0,0,0,0,1,1,17.0,1,2,Com feridos leves,True
2094155,SINISTRO NAO FATAL,2021-10-25,2021,10,25,13:45,Segunda-feira,TARDE,VIAS URBANAS,PUBLICO,RUA RUI BARBOSA,-21.60135126,-48.36829909,COLISAO,0,1,1,0,0,0,0,0,0,1,2,13.0,1,2,Com feridos leves,False
2146650,SINISTRO NAO FATAL,2021-10-25,2021,10,25,13:37,Segunda-feira,TARDE,VIAS URBANAS,PUBLICO,AVENIDA SETE DE SETEMBRO,-21.60453522,-48.36619642,COLISAO,0,1,1,0,0,0,0,0,0,0,2,13.0,0,2,Sem vítimas,False
2119311,SINISTRO NAO FATAL,2021-10-27,2021,10,27,00:58,Quarta-feira,MADRUGADA,VIAS URBANAS,PUBLICO,RUA ACRE,-21.59724663,-48.34785164,CHOQUE,0,0,1,0,0,0,0,0,0,0,2,0.0,0,1,Sem vítimas,False
1442233,NOTIFICACAO,2021-10-28,2021,10,28,19:33,Quinta-feira,NOITE,VIAS URBANAS,PUBLICO,AVENIDA JOSE LAERTE TARALO MENDES,-21.60111233,-48.38934804,OUTROS,0,0,0,0,0,0,0,0,0,0,0,19.0,0,0,Sem vítimas,False
1834627,SINISTRO NAO FATAL,2021-10-29,2021,10,29,06:19,Sexta-feira,MANHA,VIAS URBANAS,PUBLICO,RUA RUI BARBOSA,-21.60135126,-48.36829909,COLISAO,0,1,1,0,0,0,0,0,0,2,0,6.0,2,2,Com feridos leves,False
1490871,SINISTRO NAO FATAL,2021-10-30,2021,10,30,13:41,Sábado,TARDE,VIAS URBANAS,PUBLICO,AVENIDA SETE DE SETEMBRO,-21.60453522,-48.36619642,COLISAO,0,0,1,0,0,0,0,0,0,1,0,13.0,1,1,Com feridos leves,True
1494433,SINISTRO NAO FATAL,2021-10-30,2021,10,30,13:53,Sábado,TARDE,VIAS URBANAS,PUBLICO,RUA SAO LOURENCO,-21.60104571,-48.36206979,COLISAO,0,0,2,0,0,0,0,0,0,1,2,13.0,1,2,Com feridos leves,True
1515449,SINISTRO NAO FATAL,2021-10-30,2021,10,30,14:41,Sábado,TARDE,VIAS URBANAS,PRIVADO,AVENIDA SETE DE SETEMBRO,-21.60453522,-48.36619642,NAO DISPONIVEL,0,1,0,0,0,0,0,0,0,2,0,14.0,2,1,Com feridos leves,True
2033238,SINISTRO NAO FATAL,2021-10-31,2021,10,31,02:25,Domingo,MADRUGADA,VIAS URBANAS,PUBLICO,AVENIDA PADRE NELSON ANTONIO ROMAO,-21.60303426,-48.36078021,CHOQUE,0,0,2,0,0,0,0,0,0,1,1,2.0,1,2,Com feridos leves,True
2194318,SINISTRO NAO FATAL,2021-11-02,2021,11,2,09:40,Terça-feira,MANHA,ESTRADAS E RODOVIAS,PUBLICO,SP 326,-21.64394286,-48.33701704,CHOQUE,0,0,1,0,0,0,0,0,0,2,0,9.0,2,1,Com feridos leves,False
2208709,SINISTRO NAO FATAL,2021-11-02,2021,11,2,11:06,Terça-feira,MANHA,VIAS URBANAS,PUBLICO,AVENIDA GOIAS,-21.59506455,-48.35190849,CHOQUE,0,1,0,0,0,0,0,0,1,0,0,11.0,1,1,Com feridos graves,False
1978951,SINISTRO NAO FATAL,2021-11-03,2021,11,3,08:26,Quarta-feira,MANHA,VIAS URBANAS,PUBLICO,RUA ARTHUR ANTUNES,-21.60111233,-48.38934804,OUTROS,0,1,0,0,0,0,0,0,0,1,0,8.0,1,1,Com feridos leves,False
1870134,SINISTRO NAO FATAL,2021-11-04,2021,11,4,06:05,Quinta-feira,MANHA,VIAS URBANAS,PUBLICO,RUA JOSE GONCALVES,-21.60369416,-48.38785963,COLISAO,1,0,1,0,0,0,0,0,0,1,1,6.0,1,2,Com feridos leves,False
2132075,SINISTRO NAO FATAL,2021-11-06,2021,11,6,08:05,Sábado,MANHA,VIAS URBANAS,PUBLICO,RUA RUI BARBOSA,-21.60135126,-48.36829909,COLISAO,0,1,1,0,0,0,0,0,0,1,1,8.0,1,2,Com feridos leves,True
2301928,SINISTRO NAO FATAL,2021-11-06,2021,11,6,19:32,Sábado,NOITE,VIAS URBANAS,PUBLICO,TRABALHADORES,-21.60111233,-48.38934804,COLISAO,0,1,1,0,0,0,0,0,1,0,1,19.0,1,2,Com feridos graves,True
1692411,SINISTRO NAO FATAL,2021-11-07,2021,11,7,16:12,Domingo,TARDE,VIAS URBANAS,PUBLICO,AVENIDA PADRE NELSON ANTONIO ROMAO,-21.60473906,-48.36095689,CHOQUE,0,1,0,0,0,0,0,0,0,1,0,16.0,1,1,Com feridos leves,True
2189023,SINISTRO NAO FATAL,2021-11-07,2021,11,7,06:02,Domingo,MANHA,VIAS URBANAS,NAO DISPONIVEL,RUA OTONE CORREA,-21.59697222,-48.34366386,COLISAO,0,0,1,0,0,0,0,0,0,2,2,6.0,2,1,Com feridos leves,True
2190700,SINISTRO NAO FATAL,2021-11-07,2021,11,7,06:11,Domingo,MANHA,VIAS URBANAS,PUBLICO,AVENIDA SETE DE SETEMBRO,-21.60453522,-48.36619642,CHOQUE,0,0,1,0,0,0,0,0,0,2,0,6.0,2,1,Com feridos leves,True
1291786,SINISTRO NAO FATAL,2021-11-09,2021,11,9,17:14,Terça-feira,TARDE,VIAS URBANAS,PUBLICO,AVENIDA ANTONIO GORGATTI,-21.6314683,-48.350855,COLISAO,0,1,0,0,1,0,0,0,0,1,1,17.0,1,2,Com feridos leves,False
1371904,SINISTRO NAO FATAL,2021-11-09,2021,11,9,18:39,Terça-feira,NOITE,VIAS URBANAS,PUBLICO,SPINELLI,-21.5887586,-48.37377754,OUTROS,1,0,1,0,0,0,0,0,0,1,2,18.0,1,2,Com feridos leves,False
1372784,SINISTRO NAO FATAL,2021-11-09,2021,11,9,18:55,Terça-feira,NOITE,VIAS URBANAS,PUBLICO,AVENIDA BALDAN,-21.61614743,-48.36410077,COLISAO,0,1,1,0,0,0,1,0,0,1,3,18.0,1,3,Com feridos leves,False
1385844,NOTIFICACAO,2021-11-09,2021,11,9,18:55,Terça-feira,NOITE,VIAS URBANAS,NAO DISPONIVEL,AVENIDA MARQUEZAN,-21.60111233,-48.38934804,OUTROS,0,0,0,0,0,0,0,0,0,0,0,18.0,0,0,Sem vítimas,False
1401907,NOTIFICACAO,2021-11-09,2021,11,9,19:10,Terça-feira,NOITE,VIAS URBANAS,NAO DISPONIVEL,AVENIDA QUINZE DE NOVEMBRO,-21.61356176,-48.36969773,OUTROS,0,0,0,0,0,0,0,0,0,0,0,19.0,0,0,Sem vítimas,False
2164283,SINISTRO NAO FATAL,2021-11-09,2021,11,9,16:00,Terça-feira,TARDE,VIAS URBANAS,PUBLICO,AVENIDA CAMPOS SALLES,-21.59676732,-48.36421025,COLISAO,0,1,0,1,0,0,0,0,0,1,1,16.0,1,2,Com feridos leves,False
2272640,NOTIFICACAO,2021-11-09,2021,11,9,18:58,Terça-feira,NOITE,VIAS URBANAS,NAO DISPONIVEL,AVENIDA BALDAN,-21.61346162,-48.36991472,OUTROS,0,0,0,0,0,0,0,0,0,0,0,18.0,0,0,Sem vítimas,False
2280838,NOTIFICACAO,2021-11-09,2021,11,9,19:12,Terça-feira,NOITE,VIAS URBANAS,NAO DISPONIVEL,AVENIDA BALDAN,-21.61032578,-48.37673105,OUTROS,0,0,0,0,0,0,0,0,0,0,0,19.0,0,0,Sem vítimas,False
1501583,SINISTRO NAO FATAL,2021-11-10,2021,11,10,20:11,Quarta-feira,NOITE,VIAS URBANAS,PUBLICO,AVENIDA FRANCISCO MASTROPIETRO,-21.59576362,-48.34302437,COLISAO,0,1,1,0,0,0,0,0,0,1,1,20.0,1,2,Com feridos leves,False
1868838,SINISTRO NAO FATAL,2021-11-10,2021,11,10,06:52,Quarta-feira,MANHA,VIAS URBANAS,PUBLICO,RUA RUI BARBOSA,-21.60135126,-48.36829909,COLISAO,0,0,2,0,0,0,0,0,0,2,2,6.0,2,2,Com feridos leves,False
1859156,SINISTRO NAO FATAL,2021-11-11,2021,11,11,07:22,Quinta-feira,MANHA,VIAS URBANAS,PRIVADO,AVENIDA SETE DE SETEMBRO,-21.60453522,-48.36619642,COLISAO,1,1,0,0,0,0,0,0,0,1,0,7.0,1,2,Com feridos leves,False
1433273,SINISTRO NAO FATAL,2021-11-13,2021,11,13,15:01,Sábado,TARDE,VIAS URBANAS,PUBLICO,AVENIDA TROLESI,-21.61083609,-48.3509771,COLISAO,0,0,2,0,0,0,0,0,0,0,2,15.0,0,2,Sem vítimas,True
1293873,SINISTRO NAO FATAL,2021-11-16,2021,11,16,15:55,Terça-feira,TARDE,VIAS URBANAS,PUBLICO,AVENIDA ALBERTO BENASSI,-21.61499683,-48.35988623,COLISAO,0,1,1,0,0,0,0,0,0,1,1,15.0,1,2,Com feridos leves,False
1383185,SINISTRO NAO FATAL,2021-11-17,2021,11,17,17:42,Quarta-feira,TARDE,VIAS URBANAS,PRIVADO,AVENIDA SETE DE SETEMBRO,-21.60453522,-48.36619642,CHOQUE,0,1,0,0,0,0,0,0,0,1,0,17.0,1,1,Com feridos leves,False
1989548,SINISTRO NAO FATAL,2021-11-17,2021,11,17,09:17,Quarta-feira,MANHA,VIAS URBANAS,PUBLICO,RUA LINO TREVISAN,-21.62547132,-48.34763198,COLISAO,0,1,0,0,1,0,0,0,0,1,1,9.0,1,2,Com feridos leves,False
2178647,SINISTRO NAO FATAL,2021-11-18,2021,11,18,13:00,Quinta-feira,TARDE,ESTRADAS E RODOVIAS,PUBLICO,SP 310,-21.55767585,-48.48038117,COLISAO,0,1,0,0,1,0,1,0,0,2,1,13.0,2,3,Com feridos leves,False
1810590,NOTIFICACAO,2021-11-19,2021,11,19,07:01,Sexta-feira,MANHA,VIAS URBANAS,NAO DISPONIVEL,RUA ARMANDO FECHIO,-21.62184656,-48.34649765,OUTROS,0,0,0,0,0,0,0,0,0,0,0,7.0,0,0,Sem vítimas,False
2147434,SINISTRO NAO FATAL,2021-11-19,2021,11,19,13:05,Sexta-feira,TARDE,VIAS URBANAS,PUBLICO,AVENIDA BALDAN,-21.61293903,-48.37104712,CHOQUE,0,1,0,0,0,0,0,0,0,1,0,13.0,1,1,Com feridos leves,False
1690470,NOTIFICACAO,2021-11-20,2021,11,20,17:36,Sábado,TARDE,VIAS URBANAS,NAO DISPONIVEL,RUA MAJOR JOAQUIM GABRIEL DE CARVALHO,-21.59645744,-48.3637154,OUTROS,0,0,0,0,0,0,0,0,0,0,0,17.0,0,0,Sem vítimas,True
1797862,SINISTRO NAO FATAL,2021-11-20,2021,11,20,23:18,Sábado,NOITE,VIAS URBANAS,PUBLICO,AVENIDA ARARAQUARA,-21.60789439,-48.35748666,CHOQUE,0,0,1,0,0,0,0,0,0,2,0,23.0,2,1,Com feridos leves,True
2196939,SINISTRO NAO FATAL,2021-11-20,2021,11,20,08:28,Sábado,MANHA,VIAS URBANAS,PUBLICO,RUA SAO LOURENCO,-21.60046882,-48.36332025,COLISAO,0,1,1,0,0,0,0,0,1,0,1,8.0,1,2,Com feridos graves,True
2225163,NOTIFICACAO,2021-11-20,2021,11,20,10:38,Sábado,MANHA,VIAS URBANAS,PUBLICO,AVENIDA SETE DE SETEMBRO,-21.60453522,-48.36619642,NAO DISPONIVEL,0,0,0,0,0,0,0,0,0,1,0,10.0,1,0,Com feridos leves,True
1953498,SINISTRO NAO FATAL,2021-11-21,2021,11,21,02:06,Domingo,MADRUGADA,VIAS URBANAS,PUBLICO,RUA RUI BARBOSA,-21.60135126,-48.36829909,CHOQUE,0,0,1,0,0,0,0,0,0,1,0,2.0,1,1,Com feridos leves,True
2101763,SINISTRO NAO FATAL,2021-11-22,2021,11,22,10:15,Segunda-feira,MANHA,VIAS URBANAS,PUBLICO,ALAMEDA DA SAUDADE,-21.60022525,-48.37289539,COLISAO,0,1,1,0,0,0,0,0,0,1,1,10.0,1,2,Com feridos leves,False
1462749,SINISTRO NAO FATAL,2021-11-23,2021,11,23,19:21,Terça-feira,NOITE,VIAS URBANAS,NAO DISPONIVEL,AVENIDA TROLESI,-21.61083609,-48.3509771,OUTROS,0,0,3,0,0,0,0,0,0,0,3,19.0,0,3,Sem vítimas,False
2042166,SINISTRO NAO FATAL,2021-11-23,2021,11,23,11:48,Terça-feira,MANHA,VIAS URBANAS,PUBLICO,RUA JOSE GONCALVES,-21.60489234,-48.37749822,COLISAO,0,1,0,0,0,0,0,0,1,0,2,11.0,1,1,Com feridos graves,False
1730266,SINISTRO NAO FATAL,2021-11-24,2021,11,24,23:19,Quarta-feira,NOITE,VIAS URBANAS,PUBLICO,RUA SAO LOURENCO,-21.60365304,-48.34719897,COLISAO,0,2,0,0,0,0,0,0,0,2,0,23.0,2,2,Com feridos leves,False
1734818,SINISTRO NAO FATAL,2021-11-25,2021,11,25,23:46,Quinta-feira,NOITE,VIAS URBANAS,PUBLICO,RUA RUI BARBOSA,-21.60135126,-48.36829909,OUTROS,0,1,0,0,0,0,0,0,1,0,0,23.0,1,1,Com feridos graves,False
1291285,SINISTRO NAO FATAL,2021-11-26,2021,11,26,15:08,Sexta-feira,TARDE,VIAS URBANAS,PUBLICO,AVENIDA SETE DE SETEMBRO,-21.60453522,-48.36619642,COLISAO,0,1,0,0,0,0,0,0,0,1,0,15.0,1,1,Com feridos leves,False
1867406,SINISTRO NAO FATAL,2021-11-26,2021,11,26,06:41,Sexta-feira,MANHA,VIAS URBANAS,PUBLICO,JOAO MARCHESAN,-21.60111233,-48.38934804,COLISAO,0,1,0,0,0,0,0,0,0,1,0,6.0,1,1,Com feridos leves,False
1933938,SINISTRO NAO FATAL,2021-11-26,2021,11,26,07:25,Sexta-feira,MANHA,VIAS URBANAS,PUBLICO,RUA LINO TREVISAN,-21.62591106,-48.34727161,OUTROS,0,1,0,0,0,0,0,0,0,1,0,7.0,1,1,Com feridos leves,False
2370692,SINISTRO NAO FATAL,2021-11-26,2021,11,26,13:55,Sexta-feira,TARDE,VIAS URBANAS,PUBLICO,AVENIDA SETE DE SETEMBRO,-21.60453522,-48.36619642,NAO DISPONIVEL,0,1,0,0,0,0,0,0,0,1,0,13.0,1,1,Com feridos leves,False
1792077,NOTIFICACAO,2021-11-28,2021,11,28,20:25,Domingo,NOITE,VIAS URBANAS,PUBLICO,AVENIDA SETE DE SETEMBRO,-21.60453522,-48.36619642,ATROPELAMENTO,0,0,0,0,0,3,0,0,0,3,0,20.0,3,0,Com feridos leves,True
1409670,SINISTRO NAO FATAL,2021-12-01,2021,12,1,17:22,Quarta-feira,TARDE,VIAS URBANAS,PUBLICO,RUA SAO LOURENCO,-21.60124174,-48.36132272,OUTROS,0,1,0,0,0,0,0,0,0,1,1,17.0,1,1,Com feridos leves,False
1519387,SINISTRO NAO FATAL,2021-12-01,2021,12,1,20:09,Quarta-feira,NOITE,VIAS URBANAS,PUBLICO,RUA RUI BARBOSA,-21.60135126,-48.36829909,COLISAO,0,1,1,0,0,0,0,0,0,1,1,20.0,1,2,Com feridos leves,False
1679258,SINISTRO NAO FATAL,2021-12-02,2021,12,2,23:16,Quinta-feira,NOITE,VIAS URBANAS,NAO DISPONIVEL,RUA SINHARINHA FROTA,-21.60981405,-48.35692412,COLISAO,0,1,1,0,0,0,0,0,0,1,1,23.0,1,2,Com feridos leves,False
2237788,SINISTRO NAO FATAL,2021-12-02,2021,12,2,13:52,Quinta-feira,TARDE,VIAS URBANAS,PUBLICO,RUA RUI BARBOSA,-21.60135126,-48.36829909,COLISAO,0,1,1,0,0,0,0,0,1,1,1,13.0,2,2,Com feridos graves,False
2351533,NOTIFICACAO,2021-12-02,2021,12,2,14:01,Quinta-feira,TARDE,VIAS URBANAS,NAO DISPONIVEL,AVENIDA BENEDITO GONÇALVES DA COSTA,-21.60111233,-48.38934804,OUTROS,0,0,0,0,0,0,0,0,0,0,0,14.0,0,0,Sem vítimas,False
1483037,SINISTRO NAO FATAL,2021-12-03,2021,12,3,18:27,Sexta-feira,NOITE,VIAS URBANAS,PUBLICO,RUA IZIDORO ADAIL BOTTESINI,-21.61659527,-48.35276972,COLISAO,0,1,1,0,0,0,0,0,0,1,1,18.0,1,2,Com feridos leves,False
1837009,NOTIFICACAO,2021-12-03,2021,12,3,05:21,Sexta-feira,MADRUGADA,VIAS URBANAS,NAO DISPONIVEL,RUA RUI BARBOSA,-21.60135126,-48.36829909,OUTROS,0,0,0,0,0,0,0,0,0,0,0,5.0,0,0,Sem vítimas,False
2039092,SINISTRO NAO FATAL,2021-12-03,2021,12,3,11:30,Sexta-feira,MANHA,VIAS URBANAS,PUBLICO,AVENIDA LUDWIG ECKES,-21.59855702,-48.38262271,COLISAO,0,1,1,0,0,0,0,0,0,1,1,11.0,1,2,Com feridos leves,False
2312827,NOTIFICACAO,2021-12-03,2021,12,3,05:31,Sexta-feira,MADRUGADA,VIAS URBANAS,NAO DISPONIVEL,RUA RUI BARBOSA,-21.60135126,-48.36829909,OUTROS,0,0,0,0,0,0,0,0,0,0,0,5.0,0,0,Sem vítimas,False
1860776,SINISTRO NAO FATAL,2021-12-05,2021,12,5,22:39,Domingo,NOITE,VIAS URBANAS,PUBLICO,RUA ALEXANDRE DOS SANTOS PIRES,-21.62449659,-48.35128651,COLISAO,0,1,0,0,0,0,0,0,0,1,0,22.0,1,1,Com feridos leves,True
1870062,SINISTRO NAO FATAL,2021-12-05,2021,12,5,22:25,Domingo,NOITE,VIAS URBANAS,PUBLICO,AVENIDA PADRE NELSON ANTONIO ROMAO,-21.60416986,-48.36080498,COLISAO,0,0,2,0,0,0,0,0,0,1,2,22.0,1,2,Com feridos leves,True
1987377,NOTIFICACAO,2021-12-06,2021,12,6,08:09,Segunda-feira,MANHA,VIAS URBANAS,NAO DISPONIVEL,VIA LUIS GONSAGA DA SILVEIRA LEITE,-21.60111233,-48.38934804,OUTROS,0,0,0,0,0,0,0,0,0,0,0,8.0,0,0,Sem vítimas,False
1989515,SINISTRO NAO FATAL,2021-12-07,2021,12,7,09:24,Terça-feira,MANHA,VIAS URBANAS,PUBLICO,AVENIDA PADRE NELSON ANTONIO ROMAO,-21.60658089,-48.36153529,COLISAO,0,1,1,0,0,0,0,0,0,1,1,9.0,1,2,Com feridos leves,False
1933421,SINISTRO NAO FATAL,2021-12-08,2021,12,8,08:02,Quarta-feira,MANHA,VIAS URBANAS,PUBLICO,AVENIDA PADRE NELSON ANTONIO ROMAO,-21.60725578,-48.36200237,COLISAO,0,1,1,0,0,0,0,0,1,0,1,8.0,1,2,Com feridos graves,False
1509995,SINISTRO NAO FATAL,2021-12-10,2021,12,10,17:54,Sexta-feira,TARDE,VIAS URBANAS,NAO DISPONIVEL,AVENIDA BALDAN,-21.61293903,-48.37104712,COLISAO,0,1,0,0,0,0,0,0,0,1,0,17.0,1,1,Com feridos leves,False
1723527,SINISTRO NAO FATAL,2021-12-10,2021,12,10,22:15,Sexta-feira,NOITE,VIAS URBANAS,PUBLICO,RUA SAO LOURENCO,-21.59979377,-48.36477346,ATROPELAMENTO,0,1,0,0,0,1,0,0,0,2,0,22.0,2,1,Com feridos leves,False
1768051,NOTIFICACAO,2021-12-10,2021,12,10,22:14,Sexta-feira,NOITE,VIAS URBANAS,NAO DISPONIVEL,RUA SÃO LORENÇO,-21.60111233,-48.38934804,ATROPELAMENTO,0,0,0,0,0,0,0,0,0,0,0,22.0,0,0,Sem vítimas,False
1465753,SINISTRO NAO FATAL,2021-12-11,2021,12,11,12:00,Sábado,TARDE,ESTRADAS E RODOVIAS,PUBLICO,SP 310,-21.58300203,-48.44977046,OUTROS,0,1,0,0,0,0,0,0,0,1,1,12.0,1,1,Com feridos leves,True
1506465,NOTIFICACAO,2021-12-11,2021,12,11,13:52,Sábado,TARDE,VIAS URBANAS,NAO DISPONIVEL,RUA SINHARINHA FROTA,-21.60475599,-48.36773163,NAO DISPONIVEL,0,0,0,0,0,0,0,0,0,0,0,13.0,0,0,Sem vítimas,True
1725720,SINISTRO NAO FATAL,2021-12-11,2021,12,11,18:27,Sábado,NOITE,VIAS URBANAS,PUBLICO,AVENIDA BALDAO,-21.60117329,-48.39034134,OUTROS,0,1,0,0,0,0,0,0,0,1,0,18.0,1,1,Com feridos leves,True
1802167,SINISTRO NAO FATAL,2021-12-11,2021,12,11,21:17,Sábado,NOITE,ESTRADAS E RODOVIAS,PUBLICO,SP 326,-21.59023375,-48.33433738,OUTROS,0,1,0,0,0,0,0,0,1,0,0,21.0,1,1,Com feridos graves,True
2064218,SINISTRO NAO FATAL,2021-12-11,2021,12,11,04:22,Sábado,MADRUGADA,VIAS URBANAS,PRIVADO,RUA RUI BARBOSA,-21.60135126,-48.36829909,ATROPELAMENTO,0,0,1,0,0,0,0,0,0,2,3,4.0,2,1,Com feridos leves,True
1502974,SINISTRO NAO FATAL,2021-12-13,2021,12,13,18:03,Segunda-feira,NOITE,VIAS URBANAS,NAO DISPONIVEL,RUA PROLESE,-21.60111233,-48.38934804,COLISAO,0,1,1,0,0,0,0,0,0,1,1,18.0,1,2,Com feridos leves,False
1958642,NOTIFICACAO,2021-12-13,2021,12,13,06:33,Segunda-feira,MANHA,VIAS URBANAS,NAO DISPONIVEL,AVENIDA BALDAN,-21.62047312,-48.35472592,OUTROS,0,0,0,0,0,0,0,0,0,0,0,6.0,0,0,Sem vítimas,False
2356267,SINISTRO NAO FATAL,2021-12-13,2021,12,13,08:25,Segunda-feira,MANHA,VIAS URBANAS,PUBLICO,AVENIDA SETE DE SETEMBRO,-21.60453522,-48.36619642,OUTROS,0,1,0,0,0,0,0,0,0,2,0,8.0,2,1,Com feridos leves,False
1383386,NOTIFICACAO,2021-12-14,2021,12,14,17:23,Terça-feira,TARDE,VIAS URBANAS,NAO DISPONIVEL,AVENIDA TOLEDO MALTA,-21.60375554,-48.36904714,NAO DISPONIVEL,0,0,0,0,0,0,0,0,0,0,0,17.0,0,0,Sem vítimas,False
1889031,SINISTRO NAO FATAL,2021-12-14,2021,12,14,07:50,Terça-feira,MANHA,ESTRADAS E RODOVIAS,PUBLICO,SPA 301/310,-21.62751971,-48.3833727,OUTROS,0,0,1,0,0,0,0,0,0,1,0,7.0,1,1,Com feridos leves,False
1833426,SINISTRO NAO FATAL,2021-12-15,2021,12,15,07:00,Quarta-feira,MANHA,VIAS URBANAS,PUBLICO,AVENIDA BALDAN,-21.61293903,-48.37104712,OUTROS,0,1,0,0,0,0,0,0,0,1,0,7.0,1,1,Com feridos leves,False
2052325,SINISTRO NAO FATAL,2021-12-15,2021,12,15,10:21,Quarta-feira,MANHA,VIAS URBANAS,PUBLICO,RUA RUI BARBOSA,-21.60135126,-48.36829909,COLISAO,0,1,1,0,0,0,0,0,1,0,1,10.0,1,2,Com feridos graves,False
2155452,SINISTRO NAO FATAL,2021-12-15,2021,12,15,12:09,Quarta-feira,TARDE,VIAS URBANAS,PUBLICO,AVENIDA SAO PAULO,-21.59866586,-48.35089224,COLISAO,0,1,3,0,0,0,0,0,1,0,3,12.0,1,4,Com feridos graves,False
1288152,SINISTRO NAO FATAL,2021-12-16,2021,12,16,15:33,Quinta-feira,TARDE,VIAS URBANAS,PUBLICO,RUA SINHARINHA FROTA,-21.61390651,-48.34812208,COLISAO,0,1,1,0,0,0,0,0,0,1,1,15.0,1,2,Com feridos leves,False
1470232,NOTIFICACAO,2021-12-16,2021,12,16,18:19,Quinta-feira,NOITE,VIAS URBANAS,NAO DISPONIVEL,AVENIDA SAO PAULO,-21.59435424,-48.34975411,OUTROS,0,0,0,0,0,0,0,0,0,0,0,18.0,0,0,Sem vítimas,False
1507866,SINISTRO NAO FATAL,2021-12-16,2021,12,16,16:30,Quinta-feira,TARDE,ESTRADAS E RODOVIAS,PUBLICO,SP 310,-21.55767585,-48.48038117,COLISAO,0,1,1,0,0,0,0,0,1,0,1,16.0,1,2,Com feridos graves,False
2068164,NOTIFICACAO,2021-12-16,2021,12,16,11:47,Quinta-feira,MANHA,VIAS URBANAS,NAO DISPONIVEL,AVENIDA TROLESI,-21.61025396,-48.35067163,OUTROS,0,0,0,0,0,0,0,0,0,0,0,11.0,0,0,Sem vítimas,False
1373094,NOTIFICACAO,2021-12-17,2021,12,17,15:41,Sexta-feira,TARDE,ESTRADAS E RODOVIAS,NAO DISPONIVEL,SP 310,-21.69444964,-48.33176061,OUTROS,0,0,0,0,0,0,0,0,0,0,0,15.0,0,0,Sem vítimas,False
1439621,SINISTRO NAO FATAL,2021-12-17,2021,12,17,16:52,Sexta-feira,TARDE,VIAS URBANAS,PUBLICO,AVENIDA BALDAN,-21.62047312,-48.35472592,OUTROS,0,1,0,0,0,0,0,0,0,1,0,16.0,1,1,Com feridos leves,False
1712572,NOTIFICACAO,2021-12-17,2021,12,17,21:54,Sexta-feira,NOITE,VIAS URBANAS,NAO DISPONIVEL,RUA SINHARINHA FROTA,-21.60940844,-48.35779934,OUTROS,0,0,0,0,0,0,0,0,0,0,0,21.0,0,0,Sem vítimas,False
2300285,NOTIFICACAO,2021-12-17,2021,12,17,21:55,Sexta-feira,NOITE,VIAS URBANAS,NAO DISPONIVEL,RUA SINHARINHA FROTA,-21.60254291,-48.37252027,OUTROS,0,0,0,0,0,0,0,0,0,0,0,21.0,0,0,Sem vítimas,False
1414391,SINISTRO NAO FATAL,2021-12-20,2021,12,20,16:52,Segunda-feira,TARDE,VIAS URBANAS,PUBLICO,AVENIDA SETE DE SETEMBRO,-21.60453522,-48.36619642,NAO DISPONIVEL,0,1,0,0,0,0,0,0,0,1,0,16.0,1,1,Com feridos leves,False
1600246,SINISTRO NAO FATAL,2021-12-20,2021,12,20,20:02,Segunda-feira,NOITE,VIAS URBANAS,PUBLICO,AVENIDA SAO PAULO,-21.59378674,-48.34960464,COLISAO,0,1,1,0,0,0,0,0,0,1,1,20.0,1,2,Com feridos leves,False
1625751,SINISTRO NAO FATAL,2021-12-20,2021,12,20,20:26,Segunda-feira,NOITE,VIAS URBANAS,PUBLICO,AVENIDA TROLESI,-21.61025396,-48.35067163,OUTROS,0,0,1,0,0,0,0,0,1,1,0,20.0,2,1,Com feridos graves,False
1604246,NOTIFICACAO,2021-12-21,2021,12,21,19:57,Terça-feira,NOITE,VIAS URBANAS,PUBLICO,AVENIDA TROLESI,-21.59576362,-48.34302437,COLISAO,0,0,0,0,0,0,0,0,0,1,0,19.0,1,0,Com feridos leves,False
2240124,NOTIFICACAO,2021-12-21,2021,12,21,13:18,Terça-feira,TARDE,VIAS URBANAS,NAO DISPONIVEL,AVENIDA QUINZE DE NOVEMBRO,-21.60834059,-48.36707478,OUTROS,0,0,0,0,0,0,0,0,0,0,0,13.0,0,0,Sem vítimas,False
1668203,SINISTRO NAO FATAL,2021-12-22,2021,12,22,20:39,Quarta-feira,NOITE,VIAS URBANAS,PUBLICO,AVENIDA SETE DE SETEMBRO,-21.60453522,-48.36619642,COLISAO,0,0,1,0,0,0,0,0,0,1,1,20.0,1,1,Com feridos leves,False
2171360,NOTIFICACAO,2021-12-22,2021,12,22,12:27,Quarta-feira,TARDE,VIAS URBANAS,NAO DISPONIVEL,AVENIDA JOÃO DORNELAS,-21.60111233,-48.38934804,OUTROS,0,0,0,0,0,0,0,0,0,0,0,12.0,0,0,Sem vítimas,False
2214268,SINISTRO NAO FATAL,2021-12-22,2021,12,22,12:33,Quarta-feira,TARDE,VIAS URBANAS,PUBLICO,RUA JOSE GONCALVES,-21.60361685,-48.38854661,COLISAO,0,2,0,0,0,0,1,0,0,2,0,12.0,2,3,Com feridos leves,False
1363186,SINISTRO NAO FATAL,2021-12-23,2021,12,23,15:47,Quinta-feira,TARDE,VIAS URBANAS,PUBLICO,RUA DOMINGOS SIQUITELI,-21.59360874,-48.34368569,COLISAO,1,0,1,0,0,0,0,0,0,2,1,15.0,2,2,Com feridos leves,False
1807982,NOTIFICACAO,2021-12-23,2021,12,23,23:46,Quinta-feira,NOITE,VIAS URBANAS,PUBLICO,AVENIDA TROLESI,-21.61741301,-48.35448183,ATROPELAMENTO,0,0,0,0,0,1,0,0,0,1,0,23.0,1,0,Com feridos leves,False
1972823,NOTIFICACAO,2021-12-23,2021,12,23,00:26,Quinta-feira,MADRUGADA,VIAS URBANAS,NAO DISPONIVEL,AVENIDA LUDWIG ECKES,-21.59475246,-48.38049809,OUTROS,0,0,0,0,0,0,0,0,0,0,0,0.0,0,0,Sem vítimas,False
1882501,SINISTRO NAO FATAL,2021-12-25,2021,12,25,21:27,Sábado,NOITE,VIAS URBANAS,PUBLICO,RUA RUI BARBOSA,-21.60135126,-48.36829909,COLISAO,0,1,1,0,0,0,0,0,0,1,0,21.0,1,2,Com feridos leves,True
1674706,SINISTRO NAO FATAL,2021-12-26,2021,12,26,18:48,Domingo,NOITE,VIAS URBANAS,PUBLICO,AVENIDA FELICE ZAMBON,-21.61708475,-48.36139111,COLISAO,0,1,1,0,0,0,0,0,0,2,1,18.0,2,2,Com feridos leves,True
2056082,SINISTRO NAO FATAL,2021-12-27,2021,12,27,07:40,Segunda-feira,MANHA,VIAS URBANAS,PUBLICO,AVENIDA SETE DE SETEMBRO,-21.60453522,-48.36619642,OUTROS,0,1,0,0,0,0,0,0,0,1,0,7.0,1,1,Com feridos leves,False
2355322,SINISTRO NAO FATAL,2021-12-27,2021,12,27,07:41,Segunda-feira,MANHA,VIAS URBANAS,PUBLICO,AVENIDA SETE DE SETEMBRO,-21.60453522,-48.36619642,OUTROS,0,1,0,0,0,0,0,0,0,1,0,7.0,1,1,Com feridos leves,False
1347490,SINISTRO NAO FATAL,2021-12-28,2021,12,28,16:27,Terça-feira,TARDE,VIAS URBANAS,PUBLICO,RUA RUI BARBOSA,-21.60135126,-48.36829909,COLISAO,0,1,1,0,0,0,0,0,0,1,1,16.0,1,2,Com feridos leves,False
1483753,NOTIFICACAO,2021-12-29,2021,12,29,17:34,Quarta-feira,TARDE,VIAS URBANAS,PUBLICO,AVENIDA SETE DE SETEMBRO,-21.60453522,-48.36619642,ATROPELAMENTO,0,0,0,0,0,2,0,0,0,1,1,17.0,1,0,Com feridos leves,False
2085695,SINISTRO NAO FATAL,2021-12-29,2021,12,29,11:32,Quarta-feira,MANHA,VIAS URBANAS,PUBLICO,RUA JOAO PESSOA,-21.60030865,-48.36833072,NAO DISPONIVEL,0,1,1,0,0,0,0,0,0,1,1,11.0,1,2,Com feridos leves,False
2101826,SINISTRO NAO FATAL,2021-12-29,2021,12,29,10:50,Quarta-feira,MANHA,VIAS URBANAS,PUBLICO,AVENIDA SETE DE SETEMBRO,-21.60453522,-48.36619642,NAO DISPONIVEL,0,1,0,0,0,0,0,0,0,1,0,10.0,1,1,Com feridos leves,False
1284848,SINISTRO NAO FATAL,2021-12-30,2021,12,30,13:53,Quinta-feira,TARDE,VIAS URBANAS,PUBLICO,AVENIDA SETE DE SETEMBRO,-21.60453522,-48.36619642,ATROPELAMENTO,0,0,1,0,0,1,0,0,0,1,1,13.0,1,1,Com feridos leves,False
2233956,SINISTRO NAO FATAL,2021-12-31,2021,12,31,11:41,Sexta-feira,MANHA,VIAS URBANAS,PUBLICO,RUA SINHARINHA FROTA,-21.60239296,-48.37279556,COLISAO,0,1,1,0,0,0,0,0,0,1,1,11.0,1,2,Com feridos leves,False
1789944,SINISTRO NAO FATAL,2022-01-01,2022,1,1,01:10,Sábado,MADRUGADA,VIAS URBANAS,PUBLICO,AVENIDA FRANCISCO MASTROPIETRO,-21.59436142,-48.34600921,CHOQUE,0,0,1,0,0,0,0,0,0,2,0,1.0,2,1,Com feridos leves,True
1556013,SINISTRO NAO FATAL,2022-01-02,2022,1,2,18:03,Domingo,NOITE,VIAS URBANAS,PUBLICO,RUA RUI BARBOSA,-21.60135126,-48.36829909,COLISAO,0,1,0,0,0,0,0,0,0,1,0,18.0,1,1,Com feridos leves,True
1909422,SINISTRO NAO FATAL,2022-01-04,2022,1,4,07:54,Terça-feira,MANHA,VIAS URBANAS,PUBLICO,RUA RUI BARBOSA,-21.60135126,-48.36829909,COLISAO,0,1,0,0,1,0,0,0,1,0,1,7.0,1,2,Com feridos graves,False
2054668,SINISTRO NAO FATAL,2022-01-04,2022,1,4,11:59,Terça-feira,MANHA,VIAS URBANAS,PUBLICO,AVENIDA PADRE NELSON ANTONIO ROMAO,-21.60213752,-48.36037384,COLISAO,0,1,1,0,0,0,0,0,0,1,1,11.0,1,2,Com feridos leves,False
1794556,SINISTRO NAO FATAL,2022-01-06,2022,1,6,05:34,Quinta-feira,MADRUGADA,VIAS URBANAS,PUBLICO,AVENIDA BALDAN,-21.62047312,-48.35472592,ATROPELAMENTO,0,0,1,0,0,1,0,0,1,0,1,5.0,1,1,Com feridos graves,False
1365284,NOTIFICACAO,2022-01-07,2022,1,7,17:10,Sexta-feira,TARDE,VIAS URBANAS,NAO DISPONIVEL,AVENIDA SALDANHA DA GAMA,-21.59844693,-48.36733711,OUTROS,0,0,0,0,0,0,0,0,0,0,0,17.0,0,0,Sem vítimas,False
1558558,SINISTRO NAO FATAL,2022-01-07,2022,1,7,20:35,Sexta-feira,NOITE,VIAS URBANAS,PUBLICO,AVENIDA SETE DE SETEMBRO,-21.60453522,-48.36619642,ATROPELAMENTO,0,0,1,0,0,1,0,0,0,1,1,20.0,1,1,Com feridos leves,False
1705544,SINISTRO NAO FATAL,2022-01-07,2022,1,7,22:25,Sexta-feira,NOITE,ESTRADAS E RODOVIAS,PUBLICO,SP 310,-21.67044644,-48.36174914,CHOQUE,0,0,0,0,1,0,0,0,0,1,0,22.0,1,1,Com feridos leves,False
1319106,SINISTRO NAO FATAL,2022-01-08,2022,1,8,12:46,Sábado,TARDE,VIAS URBANAS,PUBLICO,AVENIDA BALDAN,-21.61790471,-48.36029444,CHOQUE,0,0,2,0,0,0,0,0,0,2,0,12.0,2,2,Com feridos leves,True
1511864,SINISTRO NAO FATAL,2022-01-09,2022,1,9,14:32,Domingo,TARDE,VIAS URBANAS,PUBLICO,AVENIDA TROLESI,-21.6061034,-48.34827404,CHOQUE,0,0,1,0,0,0,0,0,0,1,0,14.0,1,1,Com feridos leves,True
1808477,SINISTRO NAO FATAL,2022-01-09,2022,1,9,23:20,Domingo,NOITE,VIAS URBANAS,PUBLICO,RUA CASTRO ALVES,-21.5991067,-48.36104373,COLISAO,0,1,0,0,0,0,0,0,1,0,0,23.0,1,1,Com feridos graves,True
2064119,SINISTRO NAO FATAL,2022-01-10,2022,1,10,10:03,Segunda-feira,MANHA,VIAS URBANAS,PUBLICO,AVENIDA LUDWIG ECKES,-21.59621748,-48.38083526,OUTROS,0,1,0,0,0,0,0,0,0,2,0,10.0,2,1,Com feridos leves,False
1276896,SINISTRO NAO FATAL,2022-01-11,2022,1,11,14:50,Terça-feira,TARDE,VIAS URBANAS,PUBLICO,LUDIVIDIEKI,-21.60110746,-48.38926858,OUTROS,0,1,0,0,0,0,0,0,0,1,0,14.0,1,1,Com feridos leves,False
1405038,SINISTRO NAO FATAL,2022-01-11,2022,1,11,17:18,Terça-feira,TARDE,VIAS URBANAS,PUBLICO,RUA SAO LOURENCO,-21.60124174,-48.36132272,COLISAO,0,1,1,0,0,0,0,0,0,1,1,17.0,1,2,Com feridos leves,False
2132808,SINISTRO NAO FATAL,2022-01-12,2022,1,12,12:23,Quarta-feira,TARDE,VIAS URBANAS,NAO DISPONIVEL,RUA LUDVICK EX,-21.60111233,-48.38934804,COLISAO,0,1,1,0,0,0,0,0,0,1,1,12.0,1,2,Com feridos leves,False
2006233,SINISTRO NAO FATAL,2022-01-13,2022,1,13,10:15,Quinta-feira,MANHA,VIAS URBANAS,PUBLICO,RUA JOSE BONIFACIO,-21.60320517,-48.36658599,COLISAO,0,1,1,0,0,0,0,0,0,1,2,10.0,1,2,Com feridos leves,False
2183494,SINISTRO NAO FATAL,2022-01-13,2022,1,13,13:01,Quinta-feira,TARDE,VIAS URBANAS,PUBLICO,AVENIDA QUINZE DE NOVEMBRO,-21.60081028,-48.3630787,COLISAO,0,1,1,0,0,0,0,0,0,1,1,13.0,1,2,Com feridos leves,False
1681561,NOTIFICACAO,2022-01-14,2022,1,14,19:17,Sexta-feira,NOITE,VIAS URBANAS,NAO DISPONIVEL,AVENIDA SAO PAULO,-21.6005275,-48.35138095,OUTROS,0,0,0,0,0,0,0,0,0,0,0,19.0,0,0,Sem vítimas,False
1736655,SINISTRO NAO FATAL,2022-01-15,2022,1,15,19:06,Sábado,NOITE,VIAS URBANAS,PUBLICO,AVENIDA PADRE NELSON ANTONIO ROMAO,-21.60777066,-48.36200516,NAO DISPONIVEL,0,1,0,0,0,0,0,0,0,1,0,19.0,1,1,Com feridos leves,True
2520119,SINISTRO NAO FATAL,2022-01-15,2022,1,15,23:58,Sábado,NOITE,VIAS URBANAS,PUBLICO,RUA RUI BARBOSA,-21.60135126,-48.36829909,COLISAO,0,1,0,0,0,0,0,0,0,1,0,23.0,1,1,Com feridos leves,True
1484890,SINISTRO NAO FATAL,2022-01-16,2022,1,16,11:13,Domingo,MANHA,VIAS URBANAS,PUBLICO,RUA RUI BARBOSA,-21.60135126,-48.36829909,CHOQUE,0,0,1,0,0,0,0,0,0,1,0,11.0,1,1,Com feridos leves,True
1828419,SINISTRO NAO FATAL,2022-01-16,2022,1,16,20:00,Domingo,NOITE,VIAS URBANAS,PUBLICO,AVENIDA BALDAN,-21.62047312,-48.35472592,COLISAO,0,1,1,0,0,0,0,0,0,1,1,20.0,1,2,Com feridos leves,True
2229102,SINISTRO NAO FATAL,2022-01-16,2022,1,16,05:27,Domingo,MADRUGADA,VIAS URBANAS,PUBLICO,RUA SAO LOURENCO,-21.60147588,-48.36047721,CHOQUE,0,0,1,0,0,0,0,0,0,1,0,5.0,1,1,Com feridos leves,True
1448304,SINISTRO NAO FATAL,2022-01-18,2022,1,18,17:11,Terça-feira,TARDE,VIAS URBANAS,NAO DISPONIVEL,AVENIDA TROLESI,-21.59861747,-48.34453439,COLISAO,0,1,1,0,0,0,0,0,1,1,1,17.0,2,2,Com feridos graves,False
1891826,SINISTRO NAO FATAL,2022-01-19,2022,1,19,07:23,Quarta-feira,MANHA,VIAS URBANAS,PUBLICO,VIA ORLANDO JOSE SCUTTI,-21.63014766,-48.35413193,COLISAO,0,0,2,0,0,0,0,0,0,1,1,7.0,1,2,Com feridos leves,False
1480454,SINISTRO NAO FATAL,2022-01-20,2022,1,20,16:35,Quinta-feira,TARDE,VIAS URBANAS,PUBLICO,AVENIDA VINTE E OITO DE AGOSTO,-21.59663265,-48.3597335,COLISAO,1,0,1,0,0,0,0,0,0,2,1,16.0,2,2,Com feridos leves,False
1511315,SINISTRO NAO FATAL,2022-01-21,2022,1,21,01:25,Sexta-feira,MADRUGADA,VIAS URBANAS,PUBLICO,RUA SINHARINHA FROTA,-21.61330319,-48.34945405,OUTROS,0,1,0,0,0,0,0,0,0,1,1,1.0,1,1,Com feridos leves,False
1534193,NOTIFICACAO,2022-01-22,2022,1,22,13:52,Sábado,TARDE,VIAS URBANAS,NAO DISPONIVEL,RUA ABILIO LAUREANO,-21.60116719,-48.39024201,OUTROS,0,0,0,0,0,0,0,0,0,0,0,13.0,0,0,Sem vítimas,True
1762295,SINISTRO NAO FATAL,2022-01-22,2022,1,22,18:20,Sábado,NOITE,VIAS URBANAS,PUBLICO,AVENIDA SETE DE SETEMBRO,-21.60453522,-48.36619642,CHOQUE,0,0,1,0,0,0,0,0,0,1,0,18.0,1,1,Com feridos leves,True
1842168,NOTIFICACAO,2022-01-22,2022,1,22,21:50,Sábado,NOITE,VIAS URBANAS,NAO DISPONIVEL,DO TRABALHADOR,-21.60111233,-48.38934804,OUTROS,0,0,0,0,0,0,0,0,0,0,0,21.0,0,0,Sem vítimas,True
2041896,SINISTRO NAO FATAL,2022-01-24,2022,1,24,09:26,Segunda-feira,MANHA,VIAS URBANAS,PUBLICO,AVENIDA MARLENE DAVID DOS SANTOS,-21.62624033,-48.3355174,CHOQUE,0,0,1,0,0,0,0,0,0,1,2,9.0,1,1,Com feridos leves,False
2456525,SINISTRO FATAL,2022-01-24,2022,1,24,17:00,Segunda-feira,TARDE,ESTRADAS E RODOVIAS,PUBLICO,SP 310,-21.5675306151,-48.4649821596,COLISAO,0,1,1,0,0,0,0,1,0,0,0,17.0,1,2,Com óbito,False
1363727,SINISTRO NAO FATAL,2022-01-25,2022,1,25,16:18,Terça-feira,TARDE,VIAS URBANAS,NAO DISPONIVEL,AVENIDA VINTE E OITO DE AGOSTO,-21.59919271,-48.36107366,CHOQUE,0,0,1,0,0,0,0,0,0,0,1,16.0,0,1,Sem vítimas,False
1497444,SINISTRO NAO FATAL,2022-01-25,2022,1,25,18:13,Terça-feira,NOITE,VIAS URBANAS,PUBLICO,RUA JOSE GONCALVES,-21.60376721,-48.38553956,COLISAO,0,1,1,0,0,0,1,0,0,1,1,18.0,1,3,Com feridos leves,False
1381073,SINISTRO NAO FATAL,2022-01-27,2022,1,27,16:16,Quinta-feira,TARDE,VIAS URBANAS,NAO DISPONIVEL,AVENIDA BALDAN,-21.61614743,-48.36410077,COLISAO,0,1,1,0,0,0,0,0,0,1,2,16.0,1,2,Com feridos leves,False
2038237,SINISTRO NAO FATAL,2022-01-27,2022,1,27,00:41,Quinta-feira,MADRUGADA,VIAS URBANAS,PUBLICO,VIA CAL FISHER,-21.59849143,-48.37143875,COLISAO,0,0,2,0,0,0,0,0,1,0,1,0.0,1,2,Com feridos graves,False
2350782,SINISTRO NAO FATAL,2022-01-27,2022,1,27,13:24,Quinta-feira,TARDE,VIAS URBANAS,PUBLICO,AVENIDA SETE DE SETEMBRO,-21.60453522,-48.36619642,COLISAO,0,1,0,0,0,0,0,0,0,1,0,13.0,1,1,Com feridos leves,False
1412926,SINISTRO NAO FATAL,2022-01-29,2022,1,29,00:44,Sábado,MADRUGADA,VIAS URBANAS,PUBLICO,RUA SAO LOURENCO,-21.60044064,-48.36288336,COLISAO,0,1,1,0,0,0,0,0,0,1,1,0.0,1,2,Com feridos leves,True
1593724,NOTIFICACAO,2022-01-29,2022,1,29,17:16,Sábado,TARDE,VIAS URBANAS,PUBLICO,RUA ANTONIO GERALDO GRANATA,-21.58772993,-48.3515704,OUTROS,0,0,0,0,0,0,0,0,1,0,0,17.0,1,0,Com feridos graves,True
1273495,NOTIFICACAO,2022-01-31,2022,1,31,14:17,Segunda-feira,TARDE,VIAS URBANAS,NAO DISPONIVEL,RUA SAO LOURENCO,-21.60096345,-48.36224854,OUTROS,0,0,0,0,0,0,0,0,0,0,0,14.0,0,0,Sem vítimas,False
2258916,SINISTRO NAO FATAL,2022-01-31,2022,1,31,14:02,Segunda-feira,TARDE,VIAS URBANAS,PUBLICO,RUA SAO LOURENCO,-21.60124174,-48.36132272,CHOQUE,0,0,1,0,0,0,0,0,0,1,0,14.0,1,1,Com feridos leves,False
1436793,NOTIFICACAO,2022-02-02,2022,2,2,17:31,Quarta-feira,TARDE,VIAS URBANAS,NAO DISPONIVEL,ATILIO NATALINO,-21.60111233,-48.38934804,NAO DISPONIVEL,0,0,0,0,0,0,0,0,0,0,0,17.0,0,0,Sem vítimas,False
1698698,NOTIFICACAO,2022-02-02,2022,2,2,23:17,Quarta-feira,NOITE,VIAS URBANAS,NAO DISPONIVEL,AVENIDA FRANCISCO MASTROPIETRO,-21.60111233,-48.38934804,OUTROS,0,0,0,0,0,0,0,0,0,0,0,23.0,0,0,Sem vítimas,False
1577291,NOTIFICACAO,2022-02-04,2022,2,4,17:54,Sexta-feira,TARDE,VIAS URBANAS,PUBLICO,AVENIDA SETE DE SETEMBRO,-21.60453522,-48.36619642,ATROPELAMENTO,0,0,0,0,0,2,0,0,0,1,1,17.0,1,0,Com feridos leves,False
1653066,SINISTRO NAO FATAL,2022-02-04,2022,2,4,19:46,Sexta-feira,NOITE,VIAS URBANAS,NAO DISPONIVEL,AVENIDA PADRE NELSON ANTONIO ROMAO,-21.60381555,-48.36092246,COLISAO,0,1,1,0,0,0,0,0,0,2,2,19.0,2,2,Com feridos leves,False
1704712,SINISTRO NAO FATAL,2022-02-04,2022,2,4,21:13,Sexta-feira,NOITE,VIAS URBANAS,NAO DISPONIVEL,AVENIDA PADRE NELSON ANTONIO ROMAO,-21.60732644,-48.36203016,COLISAO,0,1,1,0,0,0,0,0,0,1,1,21.0,1,2,Com feridos leves,False
2077122,SINISTRO NAO FATAL,2022-02-04,2022,2,4,09:10,Sexta-feira,MANHA,VIAS URBANAS,PUBLICO,ALAMEDA DA SAUDADE,-21.59858977,-48.37631443,COLISAO,0,1,1,0,0,0,0,0,0,1,1,9.0,1,2,Com feridos leves,False
1882020,SINISTRO NAO FATAL,2022-02-05,2022,2,5,01:28,Sábado,MADRUGADA,VIAS URBANAS,PUBLICO,VIA ORLANDO JOSE SCUTTI,-21.63014766,-48.35413193,CHOQUE,0,0,1,0,0,0,0,0,0,1,1,1.0,1,1,Com feridos leves,True
2456323,SINISTRO FATAL,2022-02-05,2022,2,5,23:35,Sábado,NOITE,ESTRADAS E RODOVIAS,PUBLICO,SP 310,-21.525165654,-48.52654489,OUTROS,0,0,2,0,0,0,0,1,0,0,0,23.0,1,2,Com óbito,True
1679385,SINISTRO NAO FATAL,2022-02-07,2022,2,7,21:30,Segunda-feira,NOITE,ESTRADAS E RODOVIAS,PUBLICO,SP 326,-21.68865228,-48.33856218,COLISAO,1,0,0,0,0,0,0,0,0,1,0,21.0,1,1,Com feridos leves,False
2044318,SINISTRO NAO FATAL,2022-02-07,2022,2,7,08:43,Segunda-feira,MANHA,VIAS URBANAS,PUBLICO,RUA RUI BARBOSA,-21.60135126,-48.36829909,CHOQUE,0,0,2,0,0,0,0,0,1,0,1,8.0,1,2,Com feridos graves,False
2456451,SINISTRO FATAL,2022-02-07,2022,2,7,15:20,Segunda-feira,TARDE,VIAS URBANAS,PUBLICO,AVENIDA PREFEITO LAERT JOSE TARALO MENDES,-21.6063544445,-48.3739767348,ATROPELAMENTO,0,1,0,0,0,1,0,1,0,0,0,15.0,1,1,Com óbito,False
1611845,SINISTRO NAO FATAL,2022-02-08,2022,2,8,19:25,Terça-feira,NOITE,VIAS URBANAS,PUBLICO,TRABALHADORES,-21.60111233,-48.38934804,OUTROS,0,1,0,0,0,0,0,0,0,1,0,19.0,1,1,Com feridos leves,False
1640763,SINISTRO NAO FATAL,2022-02-08,2022,2,8,20:21,Terça-feira,NOITE,VIAS URBANAS,PUBLICO,AVENIDA VEREADOR LUIZ FALCONI,-21.58879474,-48.37426288,COLISAO,0,1,1,0,0,0,0,0,0,1,1,20.0,1,2,Com feridos leves,False
1437025,SINISTRO NAO FATAL,2022-02-10,2022,2,10,17:14,Quinta-feira,TARDE,VIAS URBANAS,PUBLICO,RUA RUI BARBOSA,-21.60135126,-48.36829909,COLISAO,0,1,0,0,1,0,0,0,1,0,1,17.0,1,2,Com feridos graves,False
2007704,SINISTRO NAO FATAL,2022-02-10,2022,2,10,08:51,Quinta-feira,MANHA,VIAS URBANAS,PUBLICO,RUA RUI BARBOSA,-21.60135126,-48.36829909,COLISAO,0,1,1,0,0,0,0,0,0,1,1,8.0,1,2,Com feridos leves,False
2137045,SINISTRO NAO FATAL,2022-02-10,2022,2,10,11:32,Quinta-feira,MANHA,VIAS URBANAS,PUBLICO,AVENIDA SETE DE SETEMBRO,-21.60453522,-48.36619642,CHOQUE,0,1,0,0,0,0,0,0,0,1,0,11.0,1,1,Com feridos leves,False
2213025,SINISTRO NAO FATAL,2022-02-10,2022,2,10,13:37,Quinta-feira,TARDE,VIAS URBANAS,PUBLICO,AVENIDA SETE DE SETEMBRO,-21.60453522,-48.36619642,OUTROS,0,1,0,0,0,0,0,0,0,1,0,13.0,1,1,Com feridos leves,False
2456466,SINISTRO FATAL,2022-02-10,2022,2,10,20:00,Quinta-feira,NOITE,VIAS URBANAS,PUBLICO,AVENIDA PADRE NELSON ANTONIO ROMAO,-21.6146793495,-48.3678082202,OUTROS,0,0,0,0,0,0,1,1,0,0,0,20.0,1,1,Com óbito,False
1981221,SINISTRO NAO FATAL,2022-02-11,2022,2,11,07:57,Sexta-feira,MANHA,VIAS URBANAS,PUBLICO,RUA SINHARINHA FROTA,-21.61255831,-48.35148202,COLISAO,0,1,0,0,0,0,0,0,0,1,1,7.0,1,1,Com feridos leves,False
1269967,SINISTRO NAO FATAL,2022-02-12,2022,2,12,10:19,Sábado,MANHA,ESTRADAS E RODOVIAS,PUBLICO,SP 310,-21.58983385,-48.44310809,COLISAO,0,1,1,0,0,0,0,0,0,1,2,10.0,1,2,Com feridos leves,True
1276824,SINISTRO NAO FATAL,2022-02-12,2022,2,12,10:37,Sábado,MANHA,VIAS URBANAS,PUBLICO,AVENIDA AUGUSTO FERREIRA,-21.62752986,-48.33952361,COLISAO,0,1,1,0,0,0,0,0,1,0,1,10.0,1,2,Com feridos graves,True
1564304,SINISTRO NAO FATAL,2022-02-12,2022,2,12,15:09,Sábado,TARDE,VIAS URBANAS,PUBLICO,RUA RUI BARBOSA,-21.60135126,-48.36829909,OUTROS,0,1,3,0,0,0,0,0,0,1,2,15.0,1,4,Com feridos leves,True
2263643,NOTIFICACAO,2022-02-12,2022,2,12,10:20,Sábado,MANHA,ESTRADAS E RODOVIAS,NAO DISPONIVEL,SP 310,-21.58300203,-48.44977046,OUTROS,0,0,0,0,0,0,0,0,0,0,0,10.0,0,0,Sem vítimas,True
1811872,SINISTRO NAO FATAL,2022-02-13,2022,2,13,19:26,Domingo,NOITE,VIAS URBANAS,PUBLICO,RUA RUI BARBOSA,-21.60135126,-48.36829909,COLISAO,0,0,1,0,0,0,0,0,0,2,0,19.0,2,1,Com feridos leves,True
1395014,SINISTRO NAO FATAL,2022-02-15,2022,2,15,16:26,Terça-feira,TARDE,VIAS URBANAS,PUBLICO,AVENIDA TROLESI,-21.6052542,-48.3677648,COLISAO,0,0,1,0,0,0,0,0,0,1,1,16.0,1,1,Com feridos leves,False
1396668,SINISTRO NAO FATAL,2022-02-15,2022,2,15,16:18,Terça-feira,TARDE,VIAS URBANAS,PUBLICO,RUA RUI BARBOSA,-21.60135126,-48.36829909,COLISAO,0,1,0,0,1,0,0,0,1,0,1,16.0,1,2,Com feridos graves,False
1488741,SINISTRO NAO FATAL,2022-02-15,2022,2,15,02:21,Terça-feira,MADRUGADA,VIAS URBANAS,PUBLICO,AVENIDA PADRE NELSON ANTONIO ROMAO,-21.60164887,-48.3600977,COLISAO,0,1,1,0,0,0,0,0,0,1,1,2.0,1,2,Com feridos leves,False
1386599,SINISTRO NAO FATAL,2022-02-16,2022,2,16,16:28,Quarta-feira,TARDE,VIAS URBANAS,PUBLICO,AVENIDA SETE DE SETEMBRO,-21.60453522,-48.36619642,COLISAO,0,1,0,0,0,0,0,0,0,1,0,16.0,1,1,Com feridos leves,False
1820455,SINISTRO NAO FATAL,2022-02-16,2022,2,16,05:51,Quarta-feira,MADRUGADA,VIAS URBANAS,PUBLICO,DO TRABALHADOR,-21.60111233,-48.38934804,OUTROS,0,1,0,0,0,0,0,0,0,2,0,5.0,2,1,Com feridos leves,False
2003824,SINISTRO NAO FATAL,2022-02-16,2022,2,16,10:19,Quarta-feira,MANHA,VIAS URBANAS,PUBLICO,RUA RUI BARBOSA,-21.60135126,-48.36829909,COLISAO,0,1,1,0,0,0,0,0,0,1,1,10.0,1,2,Com feridos leves,False
1391946,SINISTRO NAO FATAL,2022-02-17,2022,2,17,16:49,Quinta-feira,TARDE,VIAS URBANAS,PUBLICO,AVENIDA MONTE ALTO,-21.6125917,-48.35640044,COLISAO,0,1,1,0,0,0,0,0,0,1,1,16.0,1,2,Com feridos leves,False
1401251,SINISTRO NAO FATAL,2022-02-17,2022,2,17,17:07,Quinta-feira,TARDE,VIAS URBANAS,PUBLICO,AVENIDA ALBERTO BENASSI,-21.6225646,-48.3606814,COLISAO,0,0,2,0,0,0,0,0,0,1,2,17.0,1,2,Com feridos leves,False
2512429,SINISTRO NAO FATAL,2022-02-18,2022,2,18,23:59,Sexta-feira,NOITE,VIAS URBANAS,PUBLICO,RUA SAO LOURENCO,-21.5946404,-48.37550034,COLISAO,0,0,1,0,0,0,0,0,0,1,0,23.0,1,1,Com feridos leves,False
1766112,SINISTRO NAO FATAL,2022-02-19,2022,2,19,19:37,Sábado,NOITE,VIAS URBANAS,PUBLICO,RUA SINHARINHA FROTA,-21.60791341,-48.36094838,COLISAO,0,1,1,0,0,0,0,0,0,1,1,19.0,1,2,Com feridos leves,True
1787516,SINISTRO NAO FATAL,2022-02-20,2022,2,20,19:53,Domingo,NOITE,ESTRADAS E RODOVIAS,NAO DISPONIVEL,SP 310,-21.60111233,-48.38934804,OUTROS,0,0,0,0,0,0,0,0,0,0,0,19.0,0,0,Sem vítimas,True
1830057,SINISTRO NAO FATAL,2022-02-20,2022,2,20,19:30,Domingo,NOITE,ESTRADAS E RODOVIAS,PUBLICO,SP 326,-21.6011,-48.3893,OUTROS,0,1,0,0,0,0,0,0,0,1,0,19.0,1,1,Com feridos leves,True
1487518,NOTIFICACAO,2022-02-21,2022,2,21,18:19,Segunda-feira,NOITE,VIAS URBANAS,NAO DISPONIVEL,AVENIDA SETE DE SETEMBRO,-21.59321509,-48.36012081,OUTROS,0,0,0,0,0,0,0,0,0,0,0,18.0,0,0,Sem vítimas,False
1992005,SINISTRO NAO FATAL,2022-02-21,2022,2,21,06:54,Segunda-feira,MANHA,VIAS URBANAS,PUBLICO,AVENIDA MATO GROSSO,-21.59521763,-48.34626651,COLISAO,0,1,0,0,0,0,0,0,0,1,0,6.0,1,1,Com feridos leves,False
1629662,NOTIFICACAO,2022-02-22,2022,2,22,21:34,Terça-feira,NOITE,VIAS URBANAS,PUBLICO,RUA SERAFIM HERMIDA SOARES,-21.62966976,-48.33760864,ATROPELAMENTO,0,0,0,0,0,1,0,0,0,1,0,21.0,1,0,Com feridos leves,False
1696845,SINISTRO NAO FATAL,2022-02-25,2022,2,25,21:10,Sexta-feira,NOITE,VIAS URBANAS,PUBLICO,RUA JOÃO CECHETO,-21.58865127,-48.35261097,COLISAO,0,1,1,0,0,0,0,0,0,1,1,21.0,1,2,Com feridos leves,False
2239132,NOTIFICACAO,2022-02-25,2022,2,25,13:34,Sexta-feira,TARDE,VIAS URBANAS,NAO DISPONIVEL,AVENIDA CARLOS MARIANI,-21.60292135,-48.35065441,OUTROS,0,0,0,0,0,0,0,0,0,0,0,13.0,0,0,Sem vítimas,False
1635101,SINISTRO NAO FATAL,2022-02-26,2022,2,26,16:24,Sábado,TARDE,VIAS URBANAS,PUBLICO,AVENIDA SETE DE SETEMBRO,-21.60453522,-48.36619642,COLISAO,0,1,1,0,0,0,0,0,1,1,1,16.0,2,2,Com feridos graves,True
1282666,NOTIFICACAO,2022-02-27,2022,2,27,06:52,Domingo,MANHA,VIAS URBANAS,NAO DISPONIVEL,VIA CAL FISHER,-21.59850639,-48.37142458,OUTROS,0,0,0,0,0,0,0,0,0,0,0,6.0,0,0,Sem vítimas,True
1313523,SINISTRO NAO FATAL,2022-02-27,2022,2,27,07:51,Domingo,MANHA,VIAS URBANAS,PUBLICO,RUA RUI BARBOSA,-21.60135126,-48.36829909,OUTROS,0,0,1,0,0,0,0,0,0,0,1,7.0,0,1,Sem vítimas,True
1875209,SINISTRO NAO FATAL,2022-02-27,2022,2,27,01:06,Domingo,MADRUGADA,VIAS URBANAS,PUBLICO,RUA SAO LOURENCO,-21.59594607,-48.3712314,COLISAO,0,1,1,0,0,0,0,0,0,1,1,1.0,1,2,Com feridos leves,True
1351976,SINISTRO NAO FATAL,2022-03-04,2022,3,4,16:26,Sexta-feira,TARDE,VIAS URBANAS,PUBLICO,AVENIDA BALDAN,-21.61614743,-48.36410077,COLISAO,0,1,1,0,0,0,0,0,0,1,1,16.0,1,2,Com feridos leves,False
1662596,SINISTRO NAO FATAL,2022-03-05,2022,3,5,17:24,Sábado,TARDE,VIAS URBANAS,PUBLICO,AVENIDA SAO PAULO,-21.60008636,-48.35126521,COLISAO,0,0,2,0,0,0,0,0,0,2,1,17.0,2,2,Com feridos leves,True
1678093,SINISTRO NAO FATAL,2022-03-06,2022,3,6,15:59,Domingo,TARDE,VIAS URBANAS,PUBLICO,AVENIDA SETE DE SETEMBRO,-21.60453522,-48.36619642,COLISAO,0,0,2,0,0,0,0,0,0,2,1,15.0,2,2,Com feridos leves,True
1478914,SINISTRO NAO FATAL,2022-03-09,2022,3,9,19:04,Quarta-feira,NOITE,VIAS URBANAS,PUBLICO,AVENIDA PADRE NELSON ANTONIO ROMAO,-21.60473906,-48.36095689,ATROPELAMENTO,0,1,0,0,0,2,0,0,2,1,0,19.0,3,1,Com feridos graves,False
1692876,SINISTRO NAO FATAL,2022-03-09,2022,3,9,22:38,Quarta-feira,NOITE,VIAS URBANAS,NAO DISPONIVEL,RUA DOMINGOS PRIMIANO,-21.54939849,-48.53134499,CHOQUE,0,0,1,0,0,0,0,0,0,1,1,22.0,1,1,Com feridos leves,False
2290011,NOTIFICACAO,2022-03-09,2022,3,9,19:04,Quarta-feira,NOITE,VIAS URBANAS,NAO DISPONIVEL,AVENIDA PADRE NELSON ANTONIO ROMAO,-21.60473906,-48.36095689,ATROPELAMENTO,0,0,0,0,0,0,0,0,0,0,0,19.0,0,0,Sem vítimas,False
1631865,SINISTRO NAO FATAL,2022-03-10,2022,3,10,20:32,Quinta-feira,NOITE,VIAS URBANAS,PUBLICO,AVENIDA TAQUARITINGA,-21.61649123,-48.3562845,COLISAO,0,0,2,0,0,0,0,0,0,2,1,20.0,2,2,Com feridos leves,False
1635390,SINISTRO NAO FATAL,2022-03-10,2022,3,10,20:41,Quinta-feira,NOITE,VIAS URBANAS,PUBLICO,AVENIDA LUDWIG ECKES,-21.60313261,-48.3851781,OUTROS,0,1,0,0,0,0,0,0,0,1,0,20.0,1,1,Com feridos leves,False
1711879,SINISTRO NAO FATAL,2022-03-10,2022,3,10,22:03,Quinta-feira,NOITE,VIAS URBANAS,PUBLICO,AVENIDA DOIS,-21.60355721,-48.38907656,COLISAO,0,0,1,0,1,0,1,0,0,1,1,22.0,1,3,Com feridos leves,False
1782307,SINISTRO NAO FATAL,2022-03-11,2022,3,11,23:37,Sexta-feira,NOITE,VIAS URBANAS,PUBLICO,RUA RUI BARBOSA,-21.60135126,-48.36829909,COLISAO,0,0,2,0,0,0,0,0,0,1,1,23.0,1,2,Com feridos leves,False
1690834,SINISTRO NAO FATAL,2022-03-12,2022,3,12,19:43,Sábado,NOITE,VIAS URBANAS,PUBLICO,AVENIDA SAO PAULO,-21.59905046,-48.35099342,COLISAO,1,0,1,0,0,0,0,0,1,0,2,19.0,1,2,Com feridos graves,True
1768699,SINISTRO NAO FATAL,2022-03-12,2022,3,12,20:27,Sábado,NOITE,VIAS URBANAS,PUBLICO,RUA RUI BARBOSA,-21.60135126,-48.36829909,COLISAO,0,0,0,0,2,0,0,0,1,0,1,20.0,1,2,Com feridos graves,True
1508526,NOTIFICACAO,2022-03-14,2022,3,14,19:51,Segunda-feira,NOITE,VIAS URBANAS,NAO DISPONIVEL,AVENIDA TAQUARITINGA,-21.608403,-48.35193141,OUTROS,0,0,0,0,0,0,0,0,0,0,0,19.0,0,0,Sem vítimas,False
2175977,SINISTRO NAO FATAL,2022-03-14,2022,3,14,13:49,Segunda-feira,TARDE,VIAS URBANAS,PUBLICO,AVENIDA TROLESI,-21.61485176,-48.35269809,COLISAO,0,1,1,0,0,0,0,0,0,1,1,13.0,1,2,Com feridos leves,False
2202129,SINISTRO NAO FATAL,2022-03-14,2022,3,14,14:26,Segunda-feira,TARDE,VIAS URBANAS,PUBLICO,RUA SAO LOURENCO,-21.60021203,-48.36387307,COLISAO,0,1,1,0,0,0,0,0,0,1,1,14.0,1,2,Com feridos leves,False
1641339,NOTIFICACAO,2022-03-18,2022,3,18,19:35,Sexta-feira,NOITE,VIAS URBANAS,NAO DISPONIVEL,VICINAL DE MATAO X MOTUCA,-21.60111233,-48.38934804,OUTROS,0,0,0,0,0,0,0,0,0,0,0,19.0,0,0,Sem vítimas,False
1714965,NOTIFICACAO,2022-03-18,2022,3,18,20:50,Sexta-feira,NOITE,VIAS URBANAS,NAO DISPONIVEL,AVENIDA QUINZE DE NOVEMBRO,-21.58915607,-48.35685184,OUTROS,0,0,0,0,0,0,0,0,0,0,0,20.0,0,0,Sem vítimas,False
1342532,NOTIFICACAO,2022-03-19,2022,3,19,11:22,Sábado,MANHA,VIAS URBANAS,NAO DISPONIVEL,RUA BATISTA GANDIN,-21.63084945,-48.33851238,OUTROS,0,0,0,0,0,0,0,0,0,0,0,11.0,0,0,Sem vítimas,True
1744145,SINISTRO NAO FATAL,2022-03-20,2022,3,20,00:56,Domingo,MADRUGADA,VIAS URBANAS,PUBLICO,RUA RUI BARBOSA,-21.60135126,-48.36829909,CHOQUE,0,0,1,0,0,0,0,0,0,1,0,0.0,1,1,Com feridos leves,True
1515785,SINISTRO NAO FATAL,2022-03-21,2022,3,21,20:00,Segunda-feira,NOITE,VIAS URBANAS,PUBLICO,RUA RUI BARBOSA,-21.60135126,-48.36829909,COLISAO,0,2,0,0,0,0,0,0,0,3,0,20.0,3,2,Com feridos leves,False
1929212,SINISTRO NAO FATAL,2022-03-24,2022,3,24,07:31,Quinta-feira,MANHA,VIAS URBANAS,PUBLICO,AVENIDA SAO PAULO,-21.60060102,-48.35140024,COLISAO,0,0,1,0,0,0,0,0,0,0,1,7.0,0,1,Sem vítimas,False
1527119,SINISTRO NAO FATAL,2022-03-25,2022,3,25,18:32,Sexta-feira,NOITE,VIAS URBANAS,PUBLICO,RUA SINHARINHA FROTA,-21.60777066,-48.36200516,COLISAO,0,1,1,0,0,0,0,0,0,1,1,18.0,1,2,Com feridos leves,False
1771926,SINISTRO NAO FATAL,2022-03-27,2022,3,27,19:56,Domingo,NOITE,VIAS URBANAS,PUBLICO,RUA RUI BARBOSA,-21.60800186,-48.35476171,CHOQUE,0,0,2,0,0,0,0,0,0,1,1,19.0,1,2,Com feridos leves,True
1426275,SINISTRO NAO FATAL,2022-03-29,2022,3,29,18:54,Terça-feira,NOITE,VIAS URBANAS,PUBLICO,AVENIDA VINTE E OITO DE AGOSTO,-21.60616706,-48.36481947,COLISAO,0,1,1,0,0,0,0,0,0,1,1,18.0,1,2,Com feridos leves,False
2093001,SINISTRO NAO FATAL,2022-03-29,2022,3,29,13:53,Terça-feira,TARDE,VIAS URBANAS,PUBLICO,RUA RUI BARBOSA,-21.60135126,-48.36829909,COLISAO,0,1,1,0,0,0,0,0,0,1,1,13.0,1,2,Com feridos leves,False
2342313,NOTIFICACAO,2022-03-29,2022,3,29,08:15,Terça-feira,MANHA,VIAS URBANAS,NAO DISPONIVEL,AVENIDA SETE DE SETEMBRO,-21.60453522,-48.36619642,NAO DISPONIVEL,0,0,0,0,0,0,0,0,0,0,0,8.0,0,0,Sem vítimas,False
2456377,SINISTRO FATAL,2022-03-29,2022,3,29,19:00,Terça-feira,NOITE,NAO DISPONIVEL,NAO DISPONIVEL,,,,OUTROS,1,0,0,0,0,0,0,1,0,0,0,19.0,1,1,Com óbito,False
2196577,SINISTRO NAO FATAL,2022-03-30,2022,3,30,13:23,Quarta-feira,TARDE,VIAS URBANAS,PUBLICO,AVENIDA MONTE ALTO,-21.61084398,-48.35546944,COLISAO,0,1,0,0,0,0,0,0,0,1,0,13.0,1,1,Com feridos leves,False
1927062,SINISTRO NAO FATAL,2022-03-31,2022,3,31,07:19,Quinta-feira,MANHA,VIAS URBANAS,PUBLICO,RUA RUI BARBOSA,-21.60135126,-48.36829909,OUTROS,0,1,0,0,0,0,0,0,0,2,0,7.0,2,1,Com feridos leves,False
1926978,SINISTRO NAO FATAL,2022-04-01,2022,4,1,08:03,Sexta-feira,MANHA,VIAS URBANAS,PUBLICO,AVENIDA AQUELINO BENASSI,-21.59335682,-48.3746769,COLISAO,0,1,1,0,0,0,0,0,0,1,1,8.0,1,2,Com feridos leves,False
1697413,SINISTRO NAO FATAL,2022-04-03,2022,4,3,16:00,Domingo,TARDE,ESTRADAS E RODOVIAS,PUBLICO,SP 310,-21.52516565,-48.52654489,OUTROS,0,0,1,0,0,0,0,0,1,1,0,16.0,2,1,Com feridos graves,True
1317098,SINISTRO NAO FATAL,2022-04-06,2022,4,6,17:15,Quarta-feira,TARDE,VIAS URBANAS,PUBLICO,RUA JOSE GONCALVES,-21.60346491,-48.38989656,COLISAO,0,1,1,0,0,0,0,0,0,1,1,17.0,1,2,Com feridos leves,False
1358499,SINISTRO NAO FATAL,2022-04-06,2022,4,6,17:51,Quarta-feira,TARDE,VIAS URBANAS,PUBLICO,RUA JOSE ARTIMONTE,-21.60565583,-48.34832684,COLISAO,1,0,0,0,1,0,0,0,1,1,1,17.0,2,2,Com feridos graves,False
2142244,SINISTRO NAO FATAL,2022-04-06,2022,4,6,13:04,Quarta-feira,TARDE,VIAS URBANAS,PUBLICO,RUA SAO LOURENCO,-21.59979377,-48.36477346,COLISAO,0,0,2,0,0,0,0,0,0,3,1,13.0,3,2,Com feridos leves,False
2216625,NOTIFICACAO,2022-04-06,2022,4,6,14:27,Quarta-feira,TARDE,VIAS URBANAS,PUBLICO,AVENIDA QUINZE DE NOVEMBRO,-21.6023589,-48.36389518,ATROPELAMENTO,0,0,0,0,0,1,0,0,1,0,0,14.0,1,0,Com feridos graves,False
2116413,SINISTRO NAO FATAL,2022-04-07,2022,4,7,11:54,Quinta-feira,MANHA,VIAS URBANAS,PUBLICO,AVENIDA PADRE NELSON ANTONIO ROMAO,-21.60462035,-48.36092521,COLISAO,0,1,1,0,0,0,0,0,0,1,1,11.0,1,2,Com feridos leves,False
2360471,NOTIFICACAO,2022-04-07,2022,4,7,11:53,Quinta-feira,MANHA,VIAS URBANAS,NAO DISPONIVEL,AVENIDA PADRE NELSON ANTONIO ROMAO,-21.60453025,-48.36090116,OUTROS,0,0,0,0,0,0,0,0,0,0,0,11.0,0,0,Sem vítimas,False
1452714,SINISTRO NAO FATAL,2022-04-08,2022,4,8,17:43,Sexta-feira,TARDE,VIAS URBANAS,PUBLICO,RUA ALEXANDRE DOS SANTOS PIRES,-21.62546735,-48.3505327,CHOQUE,0,1,1,0,0,0,0,0,0,1,1,17.0,1,2,Com feridos leves,False
2137836,SINISTRO NAO FATAL,2022-04-08,2022,4,8,11:38,Sexta-feira,MANHA,VIAS URBANAS,PUBLICO,RUA SAO LOURENCO,-21.59594607,-48.3712314,CHOQUE,0,0,2,0,0,0,0,0,0,1,1,11.0,1,2,Com feridos leves,False
1443052,SINISTRO NAO FATAL,2022-04-09,2022,4,9,13:49,Sábado,TARDE,VIAS URBANAS,PUBLICO,RUA SAO LOURENCO,-21.60191954,-48.35514518,COLISAO,0,1,2,0,0,0,0,0,0,1,2,13.0,1,3,Com feridos leves,True
1572858,SINISTRO NAO FATAL,2022-04-09,2022,4,9,16:20,Sábado,TARDE,VIAS URBANAS,PUBLICO,AVENIDA SIQUEIRA CAMPOS,-21.59182361,-48.36050282,COLISAO,0,1,1,0,0,0,0,0,0,1,1,16.0,1,2,Com feridos leves,True
1837813,SINISTRO NAO FATAL,2022-04-09,2022,4,9,01:49,Sábado,MADRUGADA,VIAS URBANAS,PUBLICO,AVENIDA DOUTOR LAERT TABALLO MENDES,-21.6069939,-48.37298159,COLISAO,0,0,1,0,0,0,0,0,0,1,0,1.0,1,1,Com feridos leves,True
2020684,SINISTRO NAO FATAL,2022-04-11,2022,4,11,08:05,Segunda-feira,MANHA,VIAS URBANAS,NAO DISPONIVEL,AVENIDA BALDAN,-21.61614743,-48.36410077,COLISAO,0,1,1,0,0,0,0,0,0,1,1,8.0,1,2,Com feridos leves,False
2158362,NOTIFICACAO,2022-04-13,2022,4,13,13:01,Quarta-feira,TARDE,VIAS URBANAS,NAO DISPONIVEL,RUA RUI BARBOSA,-21.60135126,-48.36829909,OUTROS,0,0,0,0,0,0,0,0,0,0,0,13.0,0,0,Sem vítimas,False
1854841,NOTIFICACAO,2022-04-14,2022,4,14,06:10,Quinta-feira,MANHA,VIAS URBANAS,NAO DISPONIVEL,UM,-21.60111233,-48.38934804,OUTROS,0,0,0,0,0,0,0,0,0,0,0,6.0,0,0,Sem vítimas,False
1333765,SINISTRO NAO FATAL,2022-04-15,2022,4,15,14:20,Sexta-feira,TARDE,VIAS URBANAS,PUBLICO,AVENIDA PADRE NELSON ANTONIO ROMAO,-21.60558238,-48.36118196,NAO DISPONIVEL,0,1,0,0,0,0,0,0,0,1,0,14.0,1,1,Com feridos leves,False
1263817,SINISTRO NAO FATAL,2022-04-16,2022,4,16,13:24,Sábado,TARDE,VIAS URBANAS,NAO DISPONIVEL,RUA SAO LOURENCO,-21.59936219,-48.36570253,ATROPELAMENTO,0,0,1,0,0,1,0,0,0,1,1,13.0,1,1,Com feridos leves,True
1758369,SINISTRO NAO FATAL,2022-04-16,2022,4,16,21:55,Sábado,NOITE,ESTRADAS E RODOVIAS,PUBLICO,SP 310,-21.66434888,-48.36918796,COLISAO,0,0,2,0,0,0,0,0,0,3,0,21.0,3,2,Com feridos leves,True
1924532,SINISTRO NAO FATAL,2022-04-18,2022,4,18,06:50,Segunda-feira,MANHA,VIAS URBANAS,PUBLICO,RUA SINHARINHA FROTA,-21.61255831,-48.35148202,COLISAO,0,1,1,0,0,0,0,0,1,1,1,6.0,2,2,Com feridos graves,False
2124708,SINISTRO NAO FATAL,2022-04-18,2022,4,18,12:30,Segunda-feira,TARDE,VIAS URBANAS,PUBLICO,AVENIDA TOLEDO MALTA,-21.59178678,-48.36275232,COLISAO,0,1,1,0,0,0,0,0,0,1,2,12.0,1,2,Com feridos leves,False
1533850,NOTIFICACAO,2022-04-20,2022,4,20,20:10,Quarta-feira,NOITE,VIAS URBANAS,PUBLICO,VIA ENGENHEIRO MILCIADES BOTTURA,-21.61471521,-48.34864549,OUTROS,0,0,0,0,0,0,0,0,0,0,0,20.0,0,0,Sem vítimas,False
1949901,SINISTRO NAO FATAL,2022-04-20,2022,4,20,09:43,Quarta-feira,MANHA,VIAS URBANAS,PRIVADO,AVENIDA SETE DE SETEMBRO,-21.60453522,-48.36619642,COLISAO,0,1,1,0,0,0,0,0,0,1,1,9.0,1,2,Com feridos leves,False
2147057,SINISTRO NAO FATAL,2022-04-20,2022,4,20,13:10,Quarta-feira,TARDE,VIAS URBANAS,PRIVADO,RUA RUI BARBOSA,-21.60135126,-48.36829909,OUTROS,0,1,0,0,0,0,0,0,0,1,1,13.0,1,1,Com feridos leves,False
1291748,SINISTRO NAO FATAL,2022-04-22,2022,4,22,13:57,Sexta-feira,TARDE,VIAS URBANAS,PUBLICO,AVENIDA PADRE NELSON ANTONIO ROMAO,-21.60558238,-48.36118196,ATROPELAMENTO,0,0,1,0,0,1,0,0,0,1,1,13.0,1,1,Com feridos leves,False
1293524,SINISTRO NAO FATAL,2022-04-22,2022,4,22,13:59,Sexta-feira,TARDE,VIAS URBANAS,PUBLICO,AVENIDA TROLESI,-21.6109169,-48.35101951,COLISAO,0,1,1,0,0,0,0,0,0,2,1,13.0,2,2,Com feridos leves,False
1587618,SINISTRO NAO FATAL,2022-04-22,2022,4,22,19:14,Sexta-feira,NOITE,VIAS URBANAS,PUBLICO,AVENIDA BALDAN,-21.61262645,-48.37172443,COLISAO,0,1,1,0,0,0,0,0,1,0,1,19.0,1,2,Com feridos graves,False
1367509,NOTIFICACAO,2022-04-23,2022,4,23,12:33,Sábado,TARDE,VIAS URBANAS,PUBLICO,AVENIDA SETE DE SETEMBRO,-21.60461784,-48.36624084,OUTROS,0,0,0,0,0,0,0,0,0,0,0,12.0,0,0,Sem vítimas,True
1543822,SINISTRO NAO FATAL,2022-04-23,2022,4,23,15:25,Sábado,TARDE,ESTRADAS E RODOVIAS,PUBLICO,RUA GUIDO CARDIM,-21.5909152,-48.35670231,COLISAO,1,0,1,0,0,0,0,0,0,1,1,15.0,1,2,Com feridos leves,True
1569695,NOTIFICACAO,2022-04-23,2022,4,23,15:31,Sábado,TARDE,VIAS URBANAS,PUBLICO,MARTIZAN,-21.60116719,-48.39024201,OUTROS,0,0,0,0,0,0,0,0,0,0,0,15.0,0,0,Sem vítimas,True
1658009,SINISTRO NAO FATAL,2022-04-23,2022,4,23,17:30,Sábado,TARDE,VIAS URBANAS,PUBLICO,AVENIDA TROLESI,-21.61255832,-48.35148202,COLISAO,0,1,1,0,0,0,0,0,0,1,1,17.0,1,2,Com feridos leves,True
1262127,SINISTRO NAO FATAL,2022-04-24,2022,4,24,07:05,Domingo,MANHA,VIAS URBANAS,PUBLICO,RUA RUI BARBOSA,-21.60135126,-48.36829909,CHOQUE,0,0,1,0,0,0,0,0,0,1,3,7.0,1,1,Com feridos leves,True
1834028,NOTIFICACAO,2022-04-24,2022,4,24,20:31,Domingo,NOITE,VIAS URBANAS,PUBLICO,RUA SINHARINHA FROTA,-21.60290787,-48.37173062,OUTROS,0,0,0,0,0,0,0,0,0,0,0,20.0,0,0,Sem vítimas,True
1552468,SINISTRO NAO FATAL,2022-04-26,2022,4,26,19:45,Terça-feira,NOITE,ESTRADAS E RODOVIAS,PUBLICO,SP 310,-21.69444964,-48.33176061,CHOQUE,0,0,1,0,0,0,0,0,0,1,1,19.0,1,1,Com feridos leves,False
1944241,SINISTRO NAO FATAL,2022-04-26,2022,4,26,08:44,Terça-feira,MANHA,VIAS URBANAS,PUBLICO,RUA ADALBERTO ANTUNES,-21.60479287,-48.37429209,CHOQUE,0,0,3,0,0,0,0,0,0,1,1,8.0,1,3,Com feridos leves,False
2228252,SINISTRO NAO FATAL,2022-04-27,2022,4,27,14:30,Quarta-feira,TARDE,VIAS URBANAS,PUBLICO,RUA MARCOS MONAZZI,-21.62822717,-48.34894999,OUTROS,0,1,0,0,0,0,0,0,0,1,0,14.0,1,1,Com feridos leves,False
1467548,NOTIFICACAO,2022-04-28,2022,4,28,18:26,Quinta-feira,NOITE,VIAS URBANAS,PUBLICO,AVENIDA SETE DE SETEMBRO,-21.5934022,-48.36022027,OUTROS,0,0,0,0,0,0,0,0,0,0,0,18.0,0,0,Sem vítimas,False
1387707,NOTIFICACAO,2022-04-29,2022,4,29,16:45,Sexta-feira,TARDE,VIAS URBANAS,NAO DISPONIVEL,RUA SAO LOURENCO,-21.59966927,-48.36504148,OUTROS,0,0,0,0,0,0,0,0,0,0,0,16.0,0,0,Sem vítimas,False
1398586,SINISTRO NAO FATAL,2022-04-29,2022,4,29,16:43,Sexta-feira,TARDE,VIAS URBANAS,PUBLICO,AVENIDA SANTO ANTONIO,-21.604917,-48.37183886,COLISAO,0,2,0,0,0,0,0,0,0,2,0,16.0,2,2,Com feridos leves,False
1549996,SINISTRO NAO FATAL,2022-04-30,2022,4,30,16:52,Sábado,TARDE,VIAS URBANAS,PUBLICO,RUA SAO LOURENCO,-21.60124174,-48.36132272,COLISAO,0,1,1,0,0,0,0,0,0,2,1,16.0,2,2,Com feridos leves,True
1680113,SINISTRO NAO FATAL,2022-04-30,2022,4,30,20:11,Sábado,NOITE,VIAS URBANAS,PUBLICO,AVENIDA SAO PAULO,-21.59279636,-48.3493405,NAO DISPONIVEL,1,0,1,0,0,0,0,0,0,1,1,20.0,1,2,Com feridos leves,True
1872903,SINISTRO NAO FATAL,2022-04-30,2022,4,30,01:53,Sábado,MADRUGADA,VIAS URBANAS,PUBLICO,VIA ENGENHEIRO MILCIADES BOTTURA,-21.61482827,-48.34857854,COLISAO,0,0,1,0,0,0,0,0,0,1,1,1.0,1,1,Com feridos leves,True
2130635,SINISTRO NAO FATAL,2022-04-30,2022,4,30,08:46,Sábado,MANHA,VIAS URBANAS,PUBLICO,RUA RUI BARBOSA,-21.60135126,-48.36829909,CHOQUE,0,0,1,0,0,0,0,0,0,1,1,8.0,1,1,Com feridos leves,True
2175412,SINISTRO NAO FATAL,2022-04-30,2022,4,30,09:37,Sábado,MANHA,VIAS URBANAS,NAO DISPONIVEL,AVENIDA ANTONIO GORGATTI,-21.61678253,-48.36356328,COLISAO,0,1,1,0,0,0,0,0,0,1,1,9.0,1,2,Com feridos leves,True
1784388,SINISTRO NAO FATAL,2022-05-01,2022,5,1,19:05,Domingo,NOITE,VIAS URBANAS,NAO DISPONIVEL,AVENIDA FRANCISCO MASTROPIETRO,-21.58626261,-48.3630116,COLISAO,0,1,1,0,0,0,0,0,0,1,1,19.0,1,2,Com feridos leves,True
2319446,SINISTRO NAO FATAL,2022-05-01,2022,5,1,17:49,Domingo,TARDE,VIAS URBANAS,PUBLICO,ESTRADA DOBRADA  MATÃO,-21.534723,-48.3911161,OUTROS,0,0,1,0,0,0,0,0,0,0,1,17.0,0,1,Sem vítimas,True
1515066,SINISTRO NAO FATAL,2022-05-02,2022,5,2,17:30,Segunda-feira,TARDE,ESTRADAS E RODOVIAS,PUBLICO,SP 310,-21.63799522,-48.39687066,OUTROS,0,0,0,0,1,0,1,0,0,1,0,17.0,1,2,Com feridos leves,False
1908288,SINISTRO NAO FATAL,2022-05-03,2022,5,3,07:38,Terça-feira,MANHA,VIAS URBANAS,PUBLICO,AVENIDA SETE DE SETEMBRO,-21.60453522,-48.36619642,OUTROS,0,1,0,0,0,0,0,0,0,1,0,7.0,1,1,Com feridos leves,False
2065971,SINISTRO NAO FATAL,2022-05-03,2022,5,3,11:31,Terça-feira,MANHA,VIAS URBANAS,PUBLICO,RUA PRIMO ZANAZI,-21.55303114,-48.53339735,COLISAO,0,1,1,0,0,0,0,0,0,1,1,11.0,1,2,Com feridos leves,False
1580392,SINISTRO NAO FATAL,2022-05-05,2022,5,5,22:41,Quinta-feira,NOITE,VIAS URBANAS,PUBLICO,AVENIDA LUDWIG ECKES,-21.59470439,-48.38047124,COLISAO,0,0,2,0,0,0,0,0,0,2,1,22.0,2,2,Com feridos leves,False
1961338,SINISTRO NAO FATAL,2022-05-05,2022,5,5,09:14,Quinta-feira,MANHA,VIAS URBANAS,PUBLICO,AVENIDA BALDAN,-21.62047312,-48.35472592,COLISAO,0,0,1,0,0,0,1,0,0,1,1,9.0,1,2,Com feridos leves,False
2155746,SINISTRO NAO FATAL,2022-05-05,2022,5,5,13:20,Quinta-feira,TARDE,VIAS URBANAS,PUBLICO,RUA SINHARINHA FROTA,-21.60250973,-48.37259207,COLISAO,0,0,2,0,0,0,0,0,0,0,2,13.0,0,2,Sem vítimas,False
2178724,SINISTRO NAO FATAL,2022-05-05,2022,5,5,01:48,Quinta-feira,MADRUGADA,VIAS URBANAS,PUBLICO,RUA RUI BARBOSA,-21.60135126,-48.36829909,OUTROS,0,0,1,0,0,0,0,0,0,1,1,1.0,1,1,Com feridos leves,False
2259522,SINISTRO NAO FATAL,2022-05-05,2022,5,5,16:56,Quinta-feira,TARDE,VIAS URBANAS,PUBLICO,RUA SEIS,-21.60076863,-48.39249682,NAO DISPONIVEL,0,1,0,0,0,0,0,0,0,1,0,16.0,1,1,Com feridos leves,False
2050450,SINISTRO NAO FATAL,2022-05-06,2022,5,6,11:00,Sexta-feira,MANHA,VIAS URBANAS,PUBLICO,AVENIDA TROLESI,-21.59168861,-48.34086835,COLISAO,0,1,1,0,0,0,0,0,0,1,1,11.0,1,2,Com feridos leves,False
2052820,NOTIFICACAO,2022-05-06,2022,5,6,10:56,Sexta-feira,MANHA,VIAS URBANAS,NAO DISPONIVEL,AVENIDA BALDAN,-21.62047312,-48.35472592,OUTROS,0,0,0,0,0,0,0,0,0,0,0,10.0,0,0,Sem vítimas,False
1551027,SINISTRO NAO FATAL,2022-05-08,2022,5,8,15:30,Domingo,TARDE,VIAS URBANAS,PUBLICO,RUA RUI BARBOSA,-21.8713642,-48.1050555,CHOQUE,0,0,1,0,0,0,0,0,1,2,0,15.0,3,1,Com feridos graves,True
1701960,SINISTRO NAO FATAL,2022-05-08,2022,5,8,18:32,Domingo,NOITE,VIAS URBANAS,NAO DISPONIVEL,RUA ITAPOLIS,-21.61090112,-48.35673964,COLISAO,0,1,1,0,0,0,0,0,0,2,1,18.0,2,2,Com feridos leves,True
1779285,SINISTRO NAO FATAL,2022-05-08,2022,5,8,20:06,Domingo,NOITE,VIAS URBANAS,PUBLICO,RUA JOÃO CECHETO,-21.58650069,-48.35699918,ATROPELAMENTO,0,0,1,0,0,2,0,0,0,0,3,20.0,0,1,Sem vítimas,True
1294761,SINISTRO NAO FATAL,2022-05-12,2022,5,12,16:35,Quinta-feira,TARDE,VIAS URBANAS,PUBLICO,RUA SAO LOURENCO,-21.59727404,-48.36896377,COLISAO,0,0,2,0,0,0,0,0,0,1,1,16.0,1,2,Com feridos leves,False
1312086,SINISTRO NAO FATAL,2022-05-12,2022,5,12,17:02,Quinta-feira,TARDE,VIAS URBANAS,PUBLICO,AVENIDA SETE DE SETEMBRO,-21.59533944,-48.36130108,COLISAO,0,1,1,0,0,0,0,0,0,1,1,17.0,1,2,Com feridos leves,False
2099818,SINISTRO NAO FATAL,2022-05-12,2022,5,12,07:30,Quinta-feira,MANHA,ESTRADAS E RODOVIAS,PUBLICO,SP 310,-21.54710894,-48.49468058,OUTROS,0,1,0,0,0,0,0,0,1,0,1,7.0,1,1,Com feridos graves,False
1374788,SINISTRO NAO FATAL,2022-05-13,2022,5,13,17:26,Sexta-feira,TARDE,VIAS URBANAS,PUBLICO,RUA SAO LOURENCO,-21.59743527,-48.36822177,COLISAO,0,2,0,0,0,0,0,0,0,1,2,17.0,1,2,Com feridos leves,False
1635933,SINISTRO NAO FATAL,2022-05-14,2022,5,14,18:18,Sábado,NOITE,VIAS URBANAS,PUBLICO,AVENIDA SETE DE SETEMBRO,-21.60461784,-48.36624084,OUTROS,0,1,0,0,0,0,0,0,0,1,0,18.0,1,1,Com feridos leves,True
1644790,SINISTRO NAO FATAL,2022-05-14,2022,5,14,17:48,Sábado,TARDE,VIAS URBANAS,PUBLICO,AVENIDA MATATROPIETO,-21.60111233,-48.38934804,NAO DISPONIVEL,0,1,0,0,0,0,0,0,1,0,1,17.0,1,1,Com feridos graves,True
1503675,SINISTRO NAO FATAL,2022-05-15,2022,5,15,13:52,Domingo,TARDE,VIAS URBANAS,PUBLICO,AVENIDA SETE DE SETEMBRO,-21.60453522,-48.36619642,OUTROS,0,1,0,0,0,0,0,0,0,1,0,13.0,1,1,Com feridos leves,True
1943836,SINISTRO NAO FATAL,2022-05-15,2022,5,15,01:36,Domingo,MADRUGADA,VIAS URBANAS,PUBLICO,AVENIDA VINTE E OITO DE AGOSTO,-21.5999185,-48.361467,OUTROS,0,0,1,0,0,0,0,0,1,0,0,1.0,1,1,Com feridos graves,True
2206318,SINISTRO NAO FATAL,2022-05-15,2022,5,15,05:35,Domingo,MADRUGADA,VIAS URBANAS,PUBLICO,AVENIDA BALDAN,-21.62050968,-48.35545199,CHOQUE,0,0,0,0,0,0,1,0,0,1,0,5.0,1,1,Com feridos leves,True
2341483,NOTIFICACAO,2022-05-15,2022,5,15,01:31,Domingo,MADRUGADA,VIAS URBANAS,NAO DISPONIVEL,AVENIDA QUINZE DE NOVEMBRO,-21.60834059,-48.36707478,OUTROS,0,0,0,0,0,0,0,0,0,0,0,1.0,0,0,Sem vítimas,True
1374176,SINISTRO NAO FATAL,2022-05-16,2022,5,16,17:08,Segunda-feira,TARDE,VIAS URBANAS,PUBLICO,AVENIDA PADRE NELSON ANTONIO ROMAO,-21.60645267,-48.36179754,COLISAO,0,0,2,0,0,0,0,0,0,0,2,17.0,0,2,Sem vítimas,False
1422316,SINISTRO NAO FATAL,2022-05-17,2022,5,17,19:34,Terça-feira,NOITE,VIAS URBANAS,PUBLICO,AVENIDA SAO PAULO,-21.59139534,-48.34899262,COLISAO,0,0,2,0,0,0,0,0,0,1,2,19.0,1,2,Com feridos leves,False
1955628,SINISTRO NAO FATAL,2022-05-18,2022,5,18,10:28,Quarta-feira,MANHA,VIAS URBANAS,PUBLICO,VIA CAL FISHER,-21.59470439,-48.38047124,COLISAO,0,1,1,0,0,0,0,0,0,2,0,10.0,2,2,Com feridos leves,False
1579522,SINISTRO NAO FATAL,2022-05-19,2022,5,19,22:42,Quinta-feira,NOITE,VIAS URBANAS,PRIVADO,AVENIDA SETE DE SETEMBRO,-21.60453522,-48.36619642,OUTROS,0,1,0,0,0,0,0,0,0,1,0,22.0,1,1,Com feridos leves,False
1901306,SINISTRO NAO FATAL,2022-05-19,2022,5,19,08:32,Quinta-feira,MANHA,VIAS URBANAS,PUBLICO,VIA CAL FISHER,-21.59787435,-48.37202322,ATROPELAMENTO,0,0,1,0,1,1,0,0,0,1,2,8.0,1,2,Com feridos leves,False
2033023,SINISTRO NAO FATAL,2022-05-19,2022,5,19,11:52,Quinta-feira,MANHA,VIAS URBANAS,PUBLICO,AVENIDA FELIPE ZAMBONI,-21.60111233,-48.38934804,COLISAO,0,1,1,0,0,0,0,0,0,1,1,11.0,1,2,Com feridos leves,False
1363576,SINISTRO NAO FATAL,2022-05-20,2022,5,20,17:55,Sexta-feira,TARDE,VIAS URBANAS,NAO DISPONIVEL,AVENIDA BALDAN,-21.61790471,-48.36029444,OUTROS,0,1,0,0,0,0,0,0,0,1,0,17.0,1,1,Com feridos leves,False
2275314,NOTIFICACAO,2022-05-20,2022,5,20,18:00,Sexta-feira,NOITE,VIAS URBANAS,NAO DISPONIVEL,AVENIDA BALDAN,-21.61362631,-48.36955784,OUTROS,0,0,0,0,0,0,0,0,0,0,0,18.0,0,0,Sem vítimas,False
1314681,SINISTRO NAO FATAL,2022-05-23,2022,5,23,15:45,Segunda-feira,TARDE,ESTRADAS E RODOVIAS,PUBLICO,SP 310,-21.63111691,-48.40347958,CHOQUE,0,0,1,0,0,0,0,0,0,1,0,15.0,1,1,Com feridos leves,False
1951151,SINISTRO NAO FATAL,2022-05-24,2022,5,24,09:55,Terça-feira,MANHA,VIAS URBANAS,PUBLICO,AVENIDA BALDAN,-21.61844398,-48.35912109,COLISAO,0,1,1,0,0,0,0,0,0,1,1,9.0,1,2,Com feridos leves,False
1948186,SINISTRO NAO FATAL,2022-05-25,2022,5,25,08:47,Quarta-feira,MANHA,VIAS URBANAS,PUBLICO,AVENIDA SETE DE SETEMBRO,-21.60461784,-48.36624084,COLISAO,0,1,1,0,0,0,0,0,0,1,1,8.0,1,2,Com feridos leves,False
1980260,SINISTRO NAO FATAL,2022-05-25,2022,5,25,11:07,Quarta-feira,MANHA,VIAS URBANAS,NAO DISPONIVEL,AVENIDA TROLESI,-21.61627186,-48.3534511,CHOQUE,1,0,1,1,0,0,0,0,0,1,2,11.0,1,3,Com feridos leves,False
2118118,NOTIFICACAO,2022-05-25,2022,5,25,12:39,Quarta-feira,TARDE,VIAS URBANAS,PUBLICO,AVENIDA SETE DE SETEMBRO,-21.60461784,-48.36624084,OUTROS,0,0,0,0,0,0,0,0,0,0,0,12.0,0,0,Sem vítimas,False
2058097,SINISTRO NAO FATAL,2022-05-26,2022,5,26,12:01,Quinta-feira,TARDE,VIAS URBANAS,PUBLICO,RUA AMERICO VEZZANI,-21.5860767,-48.37239319,ATROPELAMENTO,0,0,1,0,0,1,0,0,1,0,1,12.0,1,1,Com feridos graves,False
1618402,SINISTRO NAO FATAL,2022-05-27,2022,5,27,20:27,Sexta-feira,NOITE,VIAS URBANAS,PUBLICO,AVENIDA SAO PAULO,-21.59897786,-48.35097438,COLISAO,0,0,3,0,0,0,0,0,1,2,2,20.0,3,3,Com feridos graves,False
1891667,SINISTRO NAO FATAL,2022-05-27,2022,5,27,06:13,Sexta-feira,MANHA,VIAS URBANAS,PUBLICO,RUA SINHARINHA FROTA,-21.60777066,-48.36200516,COLISAO,1,0,1,0,0,0,0,0,0,1,1,6.0,1,2,Com feridos leves,False
2040296,SINISTRO NAO FATAL,2022-05-27,2022,5,27,10:02,Sexta-feira,MANHA,VIAS URBANAS,PUBLICO,AVENIDA QUINZE DE NOVEMBRO,-21.60677969,-48.36625222,COLISAO,0,0,2,0,0,0,0,0,0,1,1,10.0,1,2,Com feridos leves,False
1817189,NOTIFICACAO,2022-05-28,2022,5,28,22:36,Sábado,NOITE,VIAS URBANAS,PUBLICO,AVENIDA SAO PAULO,-21.60060102,-48.35140024,ATROPELAMENTO,0,0,0,0,0,1,0,0,0,1,0,22.0,1,0,Com feridos leves,True
1826773,SINISTRO NAO FATAL,2022-05-28,2022,5,28,00:02,Sábado,MADRUGADA,VIAS URBANAS,PUBLICO,RUA SAO LOURENCO,-21.59376634,-48.37765284,OUTROS,0,0,1,0,0,0,0,0,1,0,0,0.0,1,1,Com feridos graves,True
1801753,SINISTRO NAO FATAL,2022-05-29,2022,5,29,18:46,Domingo,NOITE,VIAS URBANAS,PUBLICO,RUA ALEXANDRE DOS SANTOS PIRES,-21.62214175,-48.3531037,CHOQUE,0,0,1,0,0,0,0,0,2,1,0,18.0,3,1,Com feridos graves,True
1948658,SINISTRO NAO FATAL,2022-05-29,2022,5,29,00:05,Domingo,MADRUGADA,ESTRADAS E RODOVIAS,NAO DISPONIVEL,SP 310,-21.60111233,-48.38934804,CHOQUE,0,0,1,0,0,0,0,0,0,0,1,0.0,0,1,Sem vítimas,True
1970667,SINISTRO NAO FATAL,2022-05-30,2022,5,30,09:13,Segunda-feira,MANHA,VIAS URBANAS,PUBLICO,RUA SINHARINHA FROTA,-21.60703198,-48.36308515,COLISAO,0,1,1,0,0,0,0,0,0,1,1,9.0,1,2,Com feridos leves,False
1310308,SINISTRO NAO FATAL,2022-06-01,2022,6,1,17:04,Quarta-feira,TARDE,VIAS URBANAS,PUBLICO,RUA SAO LOURENCO,-21.6016176,-48.36007658,OUTROS,0,1,0,0,0,0,0,0,0,1,0,17.0,1,1,Com feridos leves,False
1488922,SINISTRO NAO FATAL,2022-06-02,2022,6,2,18:47,Quinta-feira,NOITE,VIAS URBANAS,PUBLICO,AVENIDA PADRE NELSON ANTONIO ROMAO,-21.60291226,-48.36050158,NAO DISPONIVEL,0,1,1,0,0,0,0,0,0,1,2,18.0,1,2,Com feridos leves,False
2178509,SINISTRO NAO FATAL,2022-06-02,2022,6,2,13:47,Quinta-feira,TARDE,VIAS URBANAS,PUBLICO,AVENIDA BALDAN,-21.61980534,-48.35614615,COLISAO,0,1,1,0,0,0,0,0,1,0,1,13.0,1,2,Com feridos graves,False
1260644,SINISTRO NAO FATAL,2022-06-03,2022,6,3,15:26,Sexta-feira,TARDE,VIAS URBANAS,PUBLICO,VICINAL MATAO SILVANIA,-21.60111233,-48.38934804,COLISAO,0,2,0,0,0,0,0,0,2,0,0,15.0,2,2,Com feridos graves,False
1868798,SINISTRO NAO FATAL,2022-06-03,2022,6,3,07:04,Sexta-feira,MANHA,VIAS URBANAS,NAO DISPONIVEL,AVENIDA AMERICO BRASILIENSE,-21.61505245,-48.34948764,COLISAO,0,1,1,0,0,0,0,0,0,1,1,7.0,1,2,Com feridos leves,False
1897514,SINISTRO NAO FATAL,2022-06-03,2022,6,3,06:27,Sexta-feira,MANHA,ESTRADAS E RODOVIAS,PUBLICO,SP 310,-21.67044644,-48.36174914,COLISAO,0,0,0,0,2,0,2,0,0,1,2,6.0,1,4,Com feridos leves,False
2016229,SINISTRO NAO FATAL,2022-06-03,2022,6,3,10:34,Sexta-feira,MANHA,VIAS URBANAS,PUBLICO,AVENIDA BALDAN,-21.62050154,-48.35547046,COLISAO,1,0,1,0,0,0,0,0,1,0,1,10.0,1,2,Com feridos graves,False
2081600,SINISTRO NAO FATAL,2022-06-03,2022,6,3,12:17,Sexta-feira,TARDE,VIAS URBANAS,PUBLICO,RUA RUI BARBOSA,-21.60135126,-48.36829909,COLISAO,0,0,1,0,0,0,0,0,0,2,0,12.0,2,1,Com feridos leves,False
1355549,SINISTRO NAO FATAL,2022-06-04,2022,6,4,13:52,Sábado,TARDE,VIAS URBANAS,PUBLICO,RUA SAO LOURENCO,-21.59991925,-48.36450335,COLISAO,0,1,1,0,0,0,0,0,0,1,1,13.0,1,2,Com feridos leves,True
1349297,SINISTRO NAO FATAL,2022-06-05,2022,6,5,10:30,Domingo,MANHA,VIAS URBANAS,PUBLICO,AVENIDA JOSÉ ZANARDI,-21.60324551,-48.35127329,OUTROS,0,1,0,0,0,0,0,0,0,2,1,10.0,2,1,Com feridos leves,True
2306870,SINISTRO NAO FATAL,2022-06-05,2022,6,5,15:57,Domingo,TARDE,VIAS URBANAS,PUBLICO,ESTRADA DOBRADA  MATÃO,-21.58398063,-48.36896646,OUTROS,0,1,0,0,0,0,0,0,0,1,1,15.0,1,1,Com feridos leves,True
1373492,SINISTRO NAO FATAL,2022-06-06,2022,6,6,16:40,Segunda-feira,TARDE,VIAS URBANAS,PUBLICO,AVENIDA QUINZE DE NOVEMBRO,-21.5947862,-48.35984606,COLISAO,0,1,1,0,0,0,0,0,0,1,2,16.0,1,2,Com feridos leves,False
2031316,SINISTRO NAO FATAL,2022-06-06,2022,6,6,10:51,Segunda-feira,MANHA,VIAS URBANAS,PUBLICO,RUA RUI BARBOSA,-21.60135126,-48.36829909,OUTROS,0,1,0,0,0,0,0,0,0,1,0,10.0,1,1,Com feridos leves,False
1352319,SINISTRO NAO FATAL,2022-06-07,2022,6,7,17:56,Terça-feira,TARDE,VIAS URBANAS,PUBLICO,AVENIDA PADRE NELSON ANTONIO ROMAO,-21.60725578,-48.36200237,ATROPELAMENTO,0,1,0,0,0,1,0,0,0,2,0,17.0,2,1,Com feridos leves,False
2218666,SINISTRO NAO FATAL,2022-06-07,2022,6,7,14:41,Terça-feira,TARDE,VIAS URBANAS,PUBLICO,RUA SINHARINHA FROTA,-21.60553982,-48.36602851,OUTROS,0,1,1,0,0,0,0,0,0,1,1,14.0,1,2,Com feridos leves,False
2230659,NOTIFICACAO,2022-06-07,2022,6,7,16:04,Terça-feira,TARDE,VIAS URBANAS,NAO DISPONIVEL,RUA SINHARINHA FROTA,-21.60553982,-48.36602851,OUTROS,0,0,0,0,0,0,0,0,0,0,0,16.0,0,0,Sem vítimas,False
1392903,SINISTRO NAO FATAL,2022-06-08,2022,6,8,18:25,Quarta-feira,NOITE,VIAS URBANAS,PUBLICO,AVENIDA TOLEDO MALTA,-21.59178678,-48.36275232,COLISAO,0,1,1,0,0,0,0,0,0,0,3,18.0,0,2,Sem vítimas,False
1895489,SINISTRO NAO FATAL,2022-06-08,2022,6,8,07:16,Quarta-feira,MANHA,VIAS URBANAS,PUBLICO,AVENIDA DOUTOR LAERT TABALLO MENDES,-21.59567682,-48.37090153,OUTROS,0,1,0,0,0,0,0,0,0,1,0,7.0,1,1,Com feridos leves,False
1284523,SINISTRO NAO FATAL,2022-06-09,2022,6,9,15:41,Quinta-feira,TARDE,VIAS URBANAS,PUBLICO,RUA SAO LOURENCO,-21.5998356,-48.36468342,COLISAO,0,0,2,0,0,0,0,0,0,2,0,15.0,2,2,Com feridos leves,False
1448663,NOTIFICACAO,2022-06-09,2022,6,9,18:27,Quinta-feira,NOITE,VIAS URBANAS,NAO DISPONIVEL,RUA ARMANDO ANTONIO MOCHETTI,-21.58523132,-48.37683435,OUTROS,0,0,0,0,0,0,0,0,0,0,0,18.0,0,0,Sem vítimas,False
1740943,SINISTRO NAO FATAL,2022-06-10,2022,6,10,22:40,Sexta-feira,NOITE,ESTRADAS E RODOVIAS,PUBLICO,SP 310,-21.67656929,-48.35433097,OUTROS,0,0,0,1,0,0,0,0,1,0,2,22.0,1,1,Com feridos graves,False
2147660,NOTIFICACAO,2022-06-10,2022,6,10,12:56,Sexta-feira,TARDE,VIAS URBANAS,PUBLICO,JOAO MARQUEZAN,-21.60111233,-48.38934804,OUTROS,0,0,0,0,0,0,0,0,0,0,0,12.0,0,0,Sem vítimas,False
1514712,SINISTRO NAO FATAL,2022-06-11,2022,6,11,15:38,Sábado,TARDE,VIAS URBANAS,PUBLICO,AVENIDA SETE DE SETEMBRO,-21.60453522,-48.36619642,NAO DISPONIVEL,1,1,0,0,0,0,0,0,1,2,2,15.0,3,2,Com feridos graves,True
1712949,SINISTRO NAO FATAL,2022-06-12,2022,6,12,18:52,Domingo,NOITE,VIAS URBANAS,PUBLICO,AVENIDA TROLESI,-21.61627186,-48.3534511,OUTROS,0,1,1,0,0,0,0,0,0,1,1,18.0,1,2,Com feridos leves,True
1751546,SINISTRO NAO FATAL,2022-06-12,2022,6,12,18:54,Domingo,NOITE,VIAS URBANAS,PUBLICO,AVENIDA DOUTOR LAERT TABALLO MENDES,-21.60063714,-48.37203426,COLISAO,0,1,1,0,0,0,0,0,0,1,1,18.0,1,2,Com feridos leves,True
1784877,SINISTRO NAO FATAL,2022-06-12,2022,6,12,20:11,Domingo,NOITE,VIAS URBANAS,PUBLICO,AVENIDA VINTE E OITO DE AGOSTO,-21.59853376,-48.36078406,COLISAO,0,0,1,0,1,0,0,0,0,1,1,20.0,1,2,Com feridos leves,True
2097446,SINISTRO NAO FATAL,2022-06-13,2022,6,13,12:29,Segunda-feira,TARDE,VIAS URBANAS,PUBLICO,AVENIDA BALDAN,-21.62047312,-48.35472592,ATROPELAMENTO,0,1,0,0,0,1,0,0,0,2,0,12.0,2,1,Com feridos leves,False
2105901,NOTIFICACAO,2022-06-13,2022,6,13,12:47,Segunda-feira,TARDE,VIAS URBANAS,NAO DISPONIVEL,AVENIDA TROLESI,-21.59168861,-48.34086835,ATROPELAMENTO,0,0,0,0,0,0,0,0,0,0,0,12.0,0,0,Sem vítimas,False
1284836,SINISTRO NAO FATAL,2022-06-14,2022,6,14,16:50,Terça-feira,TARDE,VIAS URBANAS,PUBLICO,RUA SAO LOURENCO,-21.60124174,-48.36132272,COLISAO,0,1,1,0,0,0,0,0,0,1,1,16.0,1,2,Com feridos leves,False
2456800,SINISTRO FATAL,2022-06-14,2022,6,14,10:03,Terça-feira,MANHA,VIAS URBANAS,PUBLICO,AVENIDA SÃO PAULO,-21.5952352922,-48.3511393003,ATROPELAMENTO,0,0,1,0,0,1,0,1,0,0,0,10.0,1,1,Com óbito,False
1982505,SINISTRO NAO FATAL,2022-06-15,2022,6,15,08:49,Quarta-feira,MANHA,VIAS URBANAS,PUBLICO,VIA CAL FISHER,-21.59855126,-48.37138209,OUTROS,0,1,0,0,0,0,0,0,0,1,0,8.0,1,1,Com feridos leves,False
2120352,SINISTRO NAO FATAL,2022-06-15,2022,6,15,12:27,Quarta-feira,TARDE,VIAS URBANAS,PUBLICO,AVENIDA VINTE E OITO DE AGOSTO,-21.60039982,-48.36172439,COLISAO,0,1,1,0,0,0,0,0,0,1,1,12.0,1,2,Com feridos leves,False
2157398,NOTIFICACAO,2022-06-15,2022,6,15,13:01,Quarta-feira,TARDE,VIAS URBANAS,NAO DISPONIVEL,AVENIDA BALDAN,-21.61262645,-48.37172443,NAO DISPONIVEL,0,0,0,0,0,0,0,0,0,0,0,13.0,0,0,Sem vítimas,False
1691822,SINISTRO NAO FATAL,2022-06-18,2022,6,18,20:16,Sábado,NOITE,VIAS URBANAS,PUBLICO,AVENIDA LUDWIG ECKES,-21.59470439,-48.38047124,COLISAO,0,0,2,0,0,0,0,0,0,4,1,20.0,4,2,Com feridos leves,True
1294676,SINISTRO NAO FATAL,2022-06-19,2022,6,19,10:11,Domingo,MANHA,VIAS URBANAS,PUBLICO,RUA MAJOR JOAQUIM GABRIEL DE CARVALHO,-21.5982535,-48.35900962,OUTROS,0,1,0,0,0,0,0,0,0,1,0,10.0,1,1,Com feridos leves,True
1961999,SINISTRO NAO FATAL,2022-06-20,2022,6,20,09:14,Segunda-feira,MANHA,VIAS URBANAS,PUBLICO,AVENIDA SETE DE SETEMBRO,-21.60453522,-48.36619642,NAO DISPONIVEL,0,1,0,0,0,0,0,0,0,1,0,9.0,1,1,Com feridos leves,False
1524869,NOTIFICACAO,2022-06-21,2022,6,21,19:44,Terça-feira,NOITE,VIAS URBANAS,PUBLICO,AVENIDA SETE DE SETEMBRO,-21.60453522,-48.36619642,NAO DISPONIVEL,0,0,0,0,0,0,0,0,0,1,0,19.0,1,0,Com feridos leves,False
2089824,SINISTRO NAO FATAL,2022-06-21,2022,6,21,10:19,Terça-feira,MANHA,ESTRADAS E RODOVIAS,PUBLICO,SP 310,-21.658221,-48.37660014,COLISAO,0,0,1,0,1,0,1,0,0,1,1,10.0,1,3,Com feridos leves,False
1911162,NOTIFICACAO,2022-06-23,2022,6,23,07:43,Quinta-feira,MANHA,VIAS URBANAS,NAO DISPONIVEL,TRABALHADORES,-21.60111233,-48.38934804,OUTROS,0,0,0,0,0,0,0,0,0,0,0,7.0,0,0,Sem vítimas,False
2456497,SINISTRO FATAL,2022-06-23,2022,6,23,14:20,Quinta-feira,TARDE,VIAS URBANAS,PUBLICO,AVENIDA DOUTOR LAERT TABALLO MENDES,-21.6013146444,-48.3666183555,CHOQUE,0,1,0,0,0,0,0,1,0,0,0,14.0,1,1,Com óbito,False
1571394,SINISTRO NAO FATAL,2022-06-24,2022,6,24,18:30,Sexta-feira,NOITE,VIAS URBANAS,PUBLICO,VIA ENGENHEIRO MILICIADES BOUTURA,-21.60111233,-48.38934804,ATROPELAMENTO,0,1,0,0,0,1,0,0,0,2,0,18.0,2,1,Com feridos leves,False
1611772,SINISTRO NAO FATAL,2022-06-24,2022,6,24,19:20,Sexta-feira,NOITE,VIAS URBANAS,PUBLICO,AVENIDA BORTOLO BIAVA,-21.60895088,-48.36224875,OUTROS,0,1,0,0,0,0,0,0,0,1,1,19.0,1,1,Com feridos leves,False
1607147,SINISTRO NAO FATAL,2022-06-26,2022,6,26,15:45,Domingo,TARDE,ESTRADAS E RODOVIAS,PUBLICO,SP 310,-21.5831705,-48.4495623,COLISAO,0,0,1,0,1,0,2,0,0,1,1,15.0,1,4,Com feridos leves,True
1782234,SINISTRO NAO FATAL,2022-06-26,2022,6,26,18:36,Domingo,NOITE,VIAS URBANAS,PUBLICO,AVENIDA BALDAN,-21.62047312,-48.35472592,COLISAO,0,0,2,0,0,0,0,0,0,1,1,18.0,1,2,Com feridos leves,True
1810587,SINISTRO NAO FATAL,2022-06-26,2022,6,26,20:38,Domingo,NOITE,VIAS URBANAS,PUBLICO,RUA RUI BARBOSA,-21.60135126,-48.36829909,NAO DISPONIVEL,0,1,0,0,0,0,1,0,0,1,1,20.0,1,2,Com feridos leves,True
2170428,SINISTRO NAO FATAL,2022-06-26,2022,6,26,04:57,Domingo,MADRUGADA,VIAS URBANAS,PUBLICO,AVENIDA BALDAN,-21.62047312,-48.35472592,COLISAO,0,1,0,0,0,0,0,0,1,0,2,4.0,1,1,Com feridos graves,True
2342139,NOTIFICACAO,2022-06-26,2022,6,26,04:52,Domingo,MADRUGADA,VIAS URBANAS,NAO DISPONIVEL,AVENIDA BALDAN,-21.61262645,-48.37172443,OUTROS,0,0,0,0,0,0,0,0,0,0,0,4.0,0,0,Sem vítimas,True
1653531,SINISTRO NAO FATAL,2022-06-27,2022,6,27,22:24,Segunda-feira,NOITE,VIAS URBANAS,PUBLICO,RUA OTONE CORREA,-21.59697222,-48.34366386,COLISAO,0,1,1,0,0,0,0,0,0,1,1,22.0,1,2,Com feridos leves,False
1373717,SINISTRO NAO FATAL,2022-06-28,2022,6,28,15:15,Terça-feira,TARDE,VIAS URBANAS,PRIVADO,AVENIDA QUINZE DE NOVEMBRO,-21.60456716,-48.36506062,COLISAO,0,1,0,0,0,0,0,0,0,1,0,15.0,1,1,Com feridos leves,False
1692077,SINISTRO NAO FATAL,2022-06-28,2022,6,28,21:10,Terça-feira,NOITE,VIAS URBANAS,PUBLICO,AVENIDA SETE DE SETEMBRO,-21.60453522,-48.36619642,NAO DISPONIVEL,1,0,1,0,0,0,0,0,0,1,1,21.0,1,2,Com feridos leves,False
2456893,SINISTRO FATAL,2022-06-28,2022,6,28,06:30,Terça-feira,MANHA,ESTRADAS E RODOVIAS,PUBLICO,SP 326,-21.5732837537,-48.3335213529,COLISAO,0,0,2,0,0,0,0,1,0,0,0,6.0,1,2,Com óbito,False
1519147,SINISTRO NAO FATAL,2022-06-29,2022,6,29,18:15,Quarta-feira,NOITE,VIAS URBANAS,PUBLICO,AVENIDA DOUTOR LAERT TABALLO MENDES,-21.60684643,-48.37298951,OUTROS,0,1,0,0,0,0,0,0,0,1,0,18.0,1,1,Com feridos leves,False
1525610,SINISTRO NAO FATAL,2022-06-29,2022,6,29,18:00,Quarta-feira,NOITE,VIAS URBANAS,NAO DISPONIVEL,AVENIDA BALDAN,-21.62047312,-48.35472592,OUTROS,0,1,0,0,0,0,0,0,0,1,0,18.0,1,1,Com feridos leves,False
1829109,NOTIFICACAO,2022-07-03,2022,7,3,22:27,Domingo,NOITE,VIAS URBANAS,PUBLICO,AVENIDA TROLESI,-21.6109169,-48.35101951,ATROPELAMENTO,0,0,0,0,0,1,0,0,0,1,0,22.0,1,0,Com feridos leves,True
1322683,SINISTRO NAO FATAL,2022-07-04,2022,7,4,14:06,Segunda-feira,TARDE,VIAS URBANAS,PUBLICO,RUA PEDRO GUERREIRO,-21.58636244,-48.35288887,CHOQUE,0,0,2,0,0,0,0,0,0,1,1,14.0,1,2,Com feridos leves,False
2053371,SINISTRO NAO FATAL,2022-07-05,2022,7,5,11:45,Terça-feira,MANHA,VIAS URBANAS,PUBLICO,AVENIDA TROLESI,-21.60975906,-48.34999688,COLISAO,0,1,1,0,0,0,0,0,0,1,1,11.0,1,2,Com feridos leves,False
1479006,SINISTRO NAO FATAL,2022-07-07,2022,7,7,16:22,Quinta-feira,TARDE,ESTRADAS E RODOVIAS,PUBLICO,SP 326,-21.67975055,-48.33877262,OUTROS,0,1,0,0,0,0,0,0,0,2,0,16.0,2,1,Com feridos leves,False
1663436,SINISTRO NAO FATAL,2022-07-07,2022,7,7,20:05,Quinta-feira,NOITE,VIAS URBANAS,PUBLICO,AVENIDA SETE DE SETEMBRO,-21.60453522,-48.36619642,OUTROS,0,1,0,0,0,0,0,0,0,1,0,20.0,1,1,Com feridos leves,False
1978512,SINISTRO NAO FATAL,2022-07-08,2022,7,8,00:29,Sexta-feira,MADRUGADA,ESTRADAS E RODOVIAS,PUBLICO,SPA 301/310,-21.612764,-48.372811,COLISAO,0,0,1,0,1,0,0,0,0,1,1,0.0,1,2,Com feridos leves,False
2324998,SINISTRO NAO FATAL,2022-07-09,2022,7,9,19:23,Sábado,NOITE,ESTRADAS E RODOVIAS,NAO DISPONIVEL,SP 310,-21.61736607,-48.41670344,COLISAO,0,0,2,0,0,0,0,0,1,0,0,19.0,1,2,Com feridos graves,True
1802095,NOTIFICACAO,2022-07-10,2022,7,10,17:40,Domingo,TARDE,VIAS URBANAS,NAO DISPONIVEL,AVENIDA SETE DE SETEMBRO,-21.60453522,-48.36619642,OUTROS,0,0,0,0,0,0,0,0,0,0,0,17.0,0,0,Sem vítimas,True
1810130,SINISTRO NAO FATAL,2022-07-10,2022,7,10,18:15,Domingo,NOITE,VIAS URBANAS,PUBLICO,AVENIDA CAMPOS SALLES,-21.59821393,-48.36503063,COLISAO,0,0,2,0,0,0,0,0,0,1,2,18.0,1,2,Com feridos leves,True
1897468,SINISTRO NAO FATAL,2022-07-10,2022,7,10,21:22,Domingo,NOITE,VIAS URBANAS,PUBLICO,PESCADORES,-21.60135126,-48.36829909,COLISAO,0,0,1,0,1,0,1,0,0,1,1,21.0,1,3,Com feridos leves,True
2033805,SINISTRO NAO FATAL,2022-07-12,2022,7,12,10:45,Terça-feira,MANHA,VIAS URBANAS,PRIVADO,AVENIDA SETE DE SETEMBRO,-21.60461784,-48.36624084,CHOQUE,0,1,0,0,0,0,0,0,0,1,0,10.0,1,1,Com feridos leves,False
2121768,SINISTRO NAO FATAL,2022-07-12,2022,7,12,11:57,Terça-feira,MANHA,VIAS URBANAS,PUBLICO,VIA CAL FISHER,-21.59787435,-48.37202322,OUTROS,0,1,0,0,0,0,0,0,1,0,0,11.0,1,1,Com feridos graves,False
1532191,SINISTRO NAO FATAL,2022-07-13,2022,7,13,17:30,Quarta-feira,TARDE,VIAS URBANAS,PUBLICO,AVENIDA QUINZE DE NOVEMBRO,-21.60044064,-48.36288336,COLISAO,0,1,1,0,0,0,0,0,0,1,1,17.0,1,2,Com feridos leves,False
1599122,SINISTRO NAO FATAL,2022-07-13,2022,7,13,18:31,Quarta-feira,NOITE,VIAS URBANAS,PUBLICO,AVENIDA BALDAN,-21.61293903,-48.37104712,COLISAO,0,1,1,0,0,0,0,0,0,1,1,18.0,1,2,Com feridos leves,False
2148692,SINISTRO NAO FATAL,2022-07-13,2022,7,13,11:20,Quarta-feira,MANHA,VIAS URBANAS,PUBLICO,VIA CAL FISHER,-21.59855126,-48.37138209,COLISAO,0,1,0,0,1,0,0,0,1,0,1,11.0,1,2,Com feridos graves,False
1961174,SINISTRO NAO FATAL,2022-07-14,2022,7,14,09:05,Quinta-feira,MANHA,VIAS URBANAS,PUBLICO,RUA SAO LOURENCO,-21.60147588,-48.36047721,COLISAO,0,0,3,0,0,0,0,0,0,1,2,9.0,1,3,Com feridos leves,False
2200447,SINISTRO NAO FATAL,2022-07-14,2022,7,14,12:05,Quinta-feira,TARDE,VIAS URBANAS,PUBLICO,RUA RUI BARBOSA,-21.60612944,-48.35796167,COLISAO,0,1,1,0,0,0,0,0,0,1,1,12.0,1,2,Com feridos leves,False
1858270,NOTIFICACAO,2022-07-17,2022,7,17,20:48,Domingo,NOITE,VIAS URBANAS,NAO DISPONIVEL,RUA AMERICO VEZZANI,-21.58599328,-48.37150549,OUTROS,0,0,0,0,0,0,0,0,0,0,0,20.0,0,0,Sem vítimas,True
1514652,SINISTRO NAO FATAL,2022-07-18,2022,7,18,18:23,Segunda-feira,NOITE,VIAS URBANAS,PUBLICO,VIA ORLANDO JOSE SCUTTI,-21.62576797,-48.35455905,COLISAO,0,1,1,0,0,0,0,0,0,1,1,18.0,1,2,Com feridos leves,False
1581513,SINISTRO NAO FATAL,2022-07-19,2022,7,19,17:15,Terça-feira,TARDE,VIAS URBANAS,PUBLICO,RUA SAO LOURENCO,-21.60044064,-48.36288336,COLISAO,0,2,0,0,0,0,0,0,0,2,0,17.0,2,2,Com feridos leves,False
1354440,SINISTRO NAO FATAL,2022-07-20,2022,7,20,14:55,Quarta-feira,TARDE,VIAS URBANAS,PUBLICO,RUA SAO LOURENCO,-21.600947,-48.36228429,CHOQUE,0,1,2,0,0,0,0,0,1,0,2,14.0,1,3,Com feridos graves,False
1671399,SINISTRO NAO FATAL,2022-07-20,2022,7,20,19:52,Quarta-feira,NOITE,VIAS URBANAS,PUBLICO,RUA ADALBERTO ANTUNES,-21.60340029,-48.37729144,OUTROS,0,1,0,0,0,0,0,0,0,1,1,19.0,1,1,Com feridos leves,False
1437963,SINISTRO NAO FATAL,2022-07-21,2022,7,21,16:52,Quinta-feira,TARDE,VIAS URBANAS,PUBLICO,AVENIDA ANTONIO GORGATTI,-21.63053394,-48.35170334,COLISAO,0,1,1,0,0,0,0,0,0,1,1,16.0,1,2,Com feridos leves,False
1967721,SINISTRO NAO FATAL,2022-07-21,2022,7,21,07:45,Quinta-feira,MANHA,VIAS URBANAS,PUBLICO,RUA PARAIBA,-21.59994063,-48.34948337,NAO DISPONIVEL,0,0,1,0,0,0,0,0,0,1,1,7.0,1,1,Com feridos leves,False
1516382,SINISTRO NAO FATAL,2022-07-24,2022,7,24,12:00,Domingo,TARDE,VIAS URBANAS,PUBLICO,AVENIDA FRANCISCO MASTROPIETRO,-21.59043944,-48.35421223,COLISAO,0,0,2,0,0,0,0,0,0,1,1,12.0,1,2,Com feridos leves,True
1799860,SINISTRO NAO FATAL,2022-07-24,2022,7,24,20:17,Domingo,NOITE,VIAS URBANAS,PUBLICO,AVENIDA TROLESI,-21.61083609,-48.3509771,ATROPELAMENTO,0,1,0,0,0,1,0,0,2,0,0,20.0,2,1,Com feridos graves,True
1950977,SINISTRO NAO FATAL,2022-07-26,2022,7,26,08:01,Terça-feira,MANHA,VIAS URBANAS,PUBLICO,RUA SAO LOURENCO,-21.59594607,-48.3712314,COLISAO,0,1,1,0,0,0,0,0,0,1,2,8.0,1,2,Com feridos leves,False
1754937,SINISTRO NAO FATAL,2022-07-27,2022,7,27,22:27,Quarta-feira,NOITE,ESTRADAS E RODOVIAS,PUBLICO,SP 310,-21.68268773,-48.34690824,OUTROS,0,0,0,0,1,0,0,0,0,1,0,22.0,1,1,Com feridos leves,False
1892047,SINISTRO NAO FATAL,2022-07-27,2022,7,27,06:54,Quarta-feira,MANHA,VIAS URBANAS,PUBLICO,AVENIDA PADRE NELSON ANTONIO ROMAO,-21.60589469,-48.36129109,COLISAO,0,0,1,0,0,0,0,0,0,1,0,6.0,1,1,Com feridos leves,False
1380125,SINISTRO NAO FATAL,2022-07-28,2022,7,28,15:20,Quinta-feira,TARDE,ESTRADAS E RODOVIAS,PUBLICO,SP 310,-21.5928,-48.4411512,OUTROS,0,0,0,0,1,0,0,0,0,2,0,15.0,2,1,Com feridos leves,False
1513312,SINISTRO NAO FATAL,2022-07-28,2022,7,28,18:03,Quinta-feira,NOITE,VIAS URBANAS,PUBLICO,VIA CLITO BASTIA,-21.62328895,-48.33318675,OUTROS,0,0,1,0,0,0,0,0,0,1,0,18.0,1,1,Com feridos leves,False
2115224,SINISTRO NAO FATAL,2022-07-28,2022,7,28,10:22,Quinta-feira,MANHA,VIAS URBANAS,PUBLICO,AVENIDA TROLESI,-21.60747472,-48.34920073,COLISAO,0,1,1,0,0,0,0,0,1,0,1,10.0,1,2,Com feridos graves,False
1413565,NOTIFICACAO,2022-07-29,2022,7,29,17:08,Sexta-feira,TARDE,ESTRADAS E RODOVIAS,NAO DISPONIVEL,SP 310,-21.54163886,-48.50265974,OUTROS,0,0,0,0,0,0,0,0,0,0,0,17.0,0,0,Sem vítimas,False
1760784,SINISTRO NAO FATAL,2022-07-29,2022,7,29,23:10,Sexta-feira,NOITE,VIAS URBANAS,PUBLICO,RUA RUI BARBOSA,-21.60135126,-48.36829909,CHOQUE,0,0,1,0,0,0,0,0,0,1,0,23.0,1,1,Com feridos leves,False
2291725,SINISTRO NAO FATAL,2022-07-29,2022,7,29,17:00,Sexta-feira,TARDE,ESTRADAS E RODOVIAS,PUBLICO,SP 310,-21.54163886,-48.50265974,CHOQUE,0,0,1,0,0,0,0,0,1,0,0,17.0,1,1,Com feridos graves,False
1584455,SINISTRO NAO FATAL,2022-07-30,2022,7,30,16:32,Sábado,TARDE,VIAS URBANAS,PUBLICO,RUA JUNDIAI,-21.61381525,-48.35214849,OUTROS,0,1,0,0,0,0,0,0,1,1,0,16.0,2,1,Com feridos graves,True
1370882,SINISTRO NAO FATAL,2022-07-31,2022,7,31,11:01,Domingo,MANHA,VIAS URBANAS,PUBLICO,RUA VIRGILIO TAGLIAVINI,-21.58905011,-48.3646093,COLISAO,0,1,1,0,0,0,0,0,0,1,1,11.0,1,2,Com feridos leves,True
2179140,SINISTRO NAO FATAL,2022-07-31,2022,7,31,00:18,Domingo,MADRUGADA,VIAS URBANAS,PUBLICO,AVENIDA PADRE NELSON ANTONIO ROMAO,-21.60907766,-48.36334153,COLISAO,0,1,1,0,0,0,0,0,0,1,1,0.0,1,2,Com feridos leves,True
1931099,SINISTRO NAO FATAL,2022-08-01,2022,8,1,07:00,Segunda-feira,MANHA,VIAS URBANAS,PUBLICO,AVENIDA BALDAN,-21.61293903,-48.37104712,COLISAO,0,1,1,0,0,0,0,0,0,1,1,7.0,1,2,Com feridos leves,False
2230099,SINISTRO NAO FATAL,2022-08-01,2022,8,1,13:18,Segunda-feira,TARDE,VIAS URBANAS,PUBLICO,AVENIDA SETE DE SETEMBRO,-21.59924176,-48.36336999,COLISAO,0,1,1,0,0,0,0,0,0,1,1,13.0,1,2,Com feridos leves,False
2456265,SINISTRO FATAL,2022-08-01,2022,8,1,09:15,Segunda-feira,MANHA,VIAS URBANAS,PUBLICO,VIA CLITO BASTIA,-21.622906188,-48.334114007,ATROPELAMENTO,0,0,0,0,0,1,1,1,0,0,0,9.0,1,1,Com óbito,False
1307381,SINISTRO NAO FATAL,2022-08-02,2022,8,2,16:25,Terça-feira,TARDE,VIAS URBANAS,PUBLICO,VIA NARCIZO BALDAN,-21.6074593,-48.35540619,COLISAO,0,1,1,0,0,0,0,0,0,1,1,16.0,1,2,Com feridos leves,False
1371281,SINISTRO NAO FATAL,2022-08-02,2022,8,2,17:19,Terça-feira,TARDE,VIAS URBANAS,NAO DISPONIVEL,AVENIDA QUINZE DE NOVEMBRO,-21.60914458,-48.3675043,COLISAO,0,1,3,0,0,0,0,0,0,1,3,17.0,1,4,Com feridos leves,False
1713534,SINISTRO NAO FATAL,2022-08-03,2022,8,3,23:30,Quarta-feira,NOITE,VIAS URBANAS,PUBLICO,JOSE CERQUEIRA,-21.60111233,-48.38934804,OUTROS,1,1,0,0,0,0,0,0,0,3,0,23.0,3,2,Com feridos leves,False
2456378,SINISTRO FATAL,2022-08-03,2022,8,3,07:30,Quarta-feira,MANHA,VIAS URBANAS,PUBLICO,AVENIDA PREFEITO LAERT JOSÉ TARALO MENDE,-21.605161,-48.37452,COLISAO,0,1,1,0,0,0,0,1,0,0,0,7.0,1,2,Com óbito,False
2065868,SINISTRO NAO FATAL,2022-08-04,2022,8,4,11:21,Quinta-feira,MANHA,VIAS URBANAS,PUBLICO,RUA JOSE GONCALVES,-21.60391437,-48.38517392,ATROPELAMENTO,0,0,1,0,0,1,0,0,0,1,1,11.0,1,1,Com feridos leves,False
1729758,SINISTRO NAO FATAL,2022-08-05,2022,8,5,21:38,Sexta-feira,NOITE,VIAS URBANAS,PUBLICO,VIA CLITO BASTIA,-21.62293149,-48.33408403,OUTROS,0,1,0,0,0,0,0,0,1,0,0,21.0,1,1,Com feridos graves,False
2254519,SINISTRO NAO FATAL,2022-08-05,2022,8,5,13:12,Sexta-feira,TARDE,VIAS URBANAS,PUBLICO,AVENIDA SETE DE SETEMBRO,-21.60461784,-48.36624084,COLISAO,0,1,0,0,0,0,0,0,0,0,1,13.0,0,1,Sem vítimas,False
1948427,SINISTRO NAO FATAL,2022-08-06,2022,8,6,04:16,Sábado,MADRUGADA,VIAS URBANAS,PUBLICO,AVENIDA TROLESI,-21.6109169,-48.35101951,CHOQUE,0,1,0,0,0,0,0,0,1,0,0,4.0,1,1,Com feridos graves,True
2266946,SINISTRO NAO FATAL,2022-08-06,2022,8,6,10:54,Sábado,MANHA,VIAS URBANAS,PUBLICO,HADIB GABRIEL,-21.60111233,-48.38934804,CHOQUE,0,0,2,0,0,0,1,0,0,1,3,10.0,1,3,Com feridos leves,True
1893575,SINISTRO NAO FATAL,2022-08-11,2022,8,11,08:09,Quinta-feira,MANHA,VIAS URBANAS,PUBLICO,AVENIDA PADRE NELSON ANTONIO ROMAO,-21.6016176,-48.36007658,COLISAO,0,1,1,0,0,0,0,0,0,2,1,8.0,2,2,Com feridos leves,False
1519364,SINISTRO NAO FATAL,2022-08-12,2022,8,12,18:26,Sexta-feira,NOITE,VIAS URBANAS,PUBLICO,RUA RUI BARBOSA,-21.6065366,-48.35708538,COLISAO,0,1,0,0,0,0,0,0,0,1,0,18.0,1,1,Com feridos leves,False
1746136,SINISTRO NAO FATAL,2022-08-12,2022,8,12,23:28,Sexta-feira,NOITE,VIAS URBANAS,PUBLICO,RUA JOSE BONIFACIO,-21.60569637,-48.3612177,COLISAO,0,1,1,0,0,0,0,0,0,1,2,23.0,1,2,Com feridos leves,False
1681116,SINISTRO NAO FATAL,2022-08-16,2022,8,16,22:00,Terça-feira,NOITE,VIAS URBANAS,PUBLICO,RUA JOÃO CECHETO,-21.58827744,-48.35338566,COLISAO,0,0,1,1,0,0,0,0,0,1,1,22.0,1,2,Com feridos leves,False
2000550,NOTIFICACAO,2022-08-16,2022,8,16,10:10,Terça-feira,MANHA,ESTRADAS E RODOVIAS,NAO DISPONIVEL,SP 310,-21.59674739,-48.43654568,OUTROS,0,0,0,0,0,0,0,0,0,0,0,10.0,0,0,Sem vítimas,False
1499685,SINISTRO NAO FATAL,2022-08-17,2022,8,17,17:03,Quarta-feira,TARDE,VIAS URBANAS,PUBLICO,AVENIDA JOÃO MARCHESAN,-21.60111233,-48.38934804,COLISAO,1,1,0,0,0,0,0,0,0,2,0,17.0,2,2,Com feridos leves,False
1944663,SINISTRO NAO FATAL,2022-08-17,2022,8,17,00:00,Quarta-feira,MADRUGADA,VIAS URBANAS,PUBLICO,RUA RUI BARBOSA,-21.60135126,-48.36829909,COLISAO,0,1,0,0,0,0,0,0,0,1,0,0.0,1,1,Com feridos leves,False
1373337,SINISTRO NAO FATAL,2022-08-18,2022,8,18,16:14,Quinta-feira,TARDE,VIAS URBANAS,PUBLICO,AVENIDA BALDAN,-21.61850168,-48.358995,COLISAO,0,1,1,0,0,0,0,0,0,1,1,16.0,1,2,Com feridos leves,False
2300003,NOTIFICACAO,2022-08-19,2022,8,19,19:32,Sexta-feira,NOITE,VIAS URBANAS,NAO DISPONIVEL,AVENIDA SETE DE SETEMBRO,-21.60453522,-48.36619642,OUTROS,0,0,0,0,0,0,0,0,0,0,0,19.0,0,0,Sem vítimas,False
1378907,SINISTRO NAO FATAL,2022-08-20,2022,8,20,15:28,Sábado,TARDE,VIAS URBANAS,PUBLICO,AVENIDA SETE DE SETEMBRO,-21.60453522,-48.36619642,COLISAO,0,1,1,0,0,0,0,0,0,1,1,15.0,1,2,Com feridos leves,True
1973331,SINISTRO NAO FATAL,2022-08-20,2022,8,20,06:00,Sábado,MANHA,ESTRADAS E RODOVIAS,PUBLICO,SP 310,-21.53065572,-48.51858279,COLISAO,0,0,2,0,0,0,0,0,0,4,2,6.0,4,2,Com feridos leves,True
1731878,NOTIFICACAO,2022-08-21,2022,8,21,20:20,Domingo,NOITE,VIAS URBANAS,NAO DISPONIVEL,DO TRABALHADOR,-21.60111233,-48.38934804,OUTROS,0,0,0,0,0,0,0,0,0,0,0,20.0,0,0,Sem vítimas,True
2456549,SINISTRO FATAL,2022-08-21,2022,8,21,11:20,Domingo,MANHA,ESTRADAS E RODOVIAS,PUBLICO,SP 310,-21.640676,-48.3941957,CHOQUE,0,0,0,0,1,0,0,1,0,0,0,11.0,1,1,Com óbito,True
1515023,NOTIFICACAO,2022-08-23,2022,8,23,17:27,Terça-feira,TARDE,VIAS URBANAS,NAO DISPONIVEL,AVENIDA PADRE NELSON ANTONIO ROMAO,-21.60473906,-48.36095689,OUTROS,0,0,0,0,0,0,0,0,0,0,0,17.0,0,0,Sem vítimas,False
1281450,SINISTRO NAO FATAL,2022-08-25,2022,8,25,14:20,Quinta-feira,TARDE,VIAS URBANAS,PUBLICO,ALAMEDA DA SAUDADE,-21.60022525,-48.37289539,COLISAO,0,1,1,0,0,0,0,0,0,1,1,14.0,1,2,Com feridos leves,False
2255001,SINISTRO NAO FATAL,2022-08-26,2022,8,26,01:07,Sexta-feira,MADRUGADA,VIAS URBANAS,PRIVADO,RUA JOSE MONDINI,-21.59725606,-48.38226904,OUTROS,0,0,1,0,0,0,0,0,0,1,0,1.0,1,1,Com feridos leves,False
1534880,NOTIFICACAO,2022-08-27,2022,8,27,14:04,Sábado,TARDE,VIAS URBANAS,NAO DISPONIVEL,RUA JOSE PERLATO,-21.63885307,-48.34200603,ATROPELAMENTO,0,0,0,0,0,0,0,0,0,0,0,14.0,0,0,Sem vítimas,True
1544516,NOTIFICACAO,2022-08-27,2022,8,27,14:10,Sábado,TARDE,VIAS URBANAS,NAO DISPONIVEL,FRANCISCO ALBERISCO,-21.60111233,-48.38934804,OUTROS,0,0,0,0,0,0,0,0,0,0,0,14.0,0,0,Sem vítimas,True
1334348,SINISTRO NAO FATAL,2022-08-28,2022,8,28,09:00,Domingo,MANHA,VIAS URBANAS,PUBLICO,RUA SAO LOURENCO,-21.60147588,-48.36047721,COLISAO,0,1,1,0,0,0,0,0,0,1,1,9.0,1,2,Com feridos leves,True
2173516,SINISTRO NAO FATAL,2022-08-29,2022,8,29,13:40,Segunda-feira,TARDE,VIAS URBANAS,PUBLICO,AVENIDA SETE DE SETEMBRO,-21.60461784,-48.36624084,COLISAO,0,1,0,0,0,0,0,0,0,1,0,13.0,1,1,Com feridos leves,False
1971494,NOTIFICACAO,2022-08-30,2022,8,30,11:29,Terça-feira,MANHA,VIAS URBANAS,NAO DISPONIVEL,AVENIDA SIQUEIRA CAMPOS,-21.5981558,-48.36391276,OUTROS,0,0,0,0,0,0,0,0,0,0,0,11.0,0,0,Sem vítimas,False
2135881,SINISTRO NAO FATAL,2022-08-30,2022,8,30,13:09,Terça-feira,TARDE,VIAS URBANAS,PUBLICO,RUA JOAO MARQUEZAN,-21.60116841,-48.39026188,COLISAO,0,1,1,0,0,0,0,0,1,0,1,13.0,1,2,Com feridos graves,False
2124945,SINISTRO NAO FATAL,2022-09-01,2022,9,1,12:10,Quinta-feira,TARDE,VIAS URBANAS,PUBLICO,RUA DURVAL DE SOUZA,-21.60044681,-48.3880362,COLISAO,0,1,1,0,0,0,0,0,0,1,1,12.0,1,2,Com feridos leves,False
2247576,NOTIFICACAO,2022-09-01,2022,9,1,15:33,Quinta-feira,TARDE,VIAS URBANAS,NAO DISPONIVEL,AVENIDA BALDAN,-21.61362631,-48.36955784,OUTROS,0,0,0,0,0,0,0,0,0,0,0,15.0,0,0,Sem vítimas,False
2231383,SINISTRO NAO FATAL,2022-09-02,2022,9,2,13:21,Sexta-feira,TARDE,VIAS URBANAS,NAO DISPONIVEL,RUA AUGUSTO BELLINI,-21.62312247,-48.35235336,COLISAO,0,1,1,0,0,0,0,0,1,0,1,13.0,1,2,Com feridos graves,False
2244105,NOTIFICACAO,2022-09-02,2022,9,2,13:23,Sexta-feira,TARDE,VIAS URBANAS,NAO DISPONIVEL,RUA ALEXANDRE DOS SANTOS PIRES,-21.62432898,-48.35141664,OUTROS,0,0,0,0,0,0,0,0,0,0,0,13.0,0,0,Sem vítimas,False
1405884,SINISTRO NAO FATAL,2022-09-03,2022,9,3,13:04,Sábado,TARDE,VIAS URBANAS,PUBLICO,AVENIDA LUDWIG ECKES,-21.60015105,-48.38351293,COLISAO,0,0,1,0,0,0,0,0,0,1,1,13.0,1,1,Com feridos leves,True
1738597,NOTIFICACAO,2022-09-03,2022,9,3,20:24,Sábado,NOITE,VIAS URBANAS,NAO DISPONIVEL,RUA   TRABALHADORES,-21.59849374,-48.36298215,OUTROS,0,0,0,0,0,0,0,0,0,0,0,20.0,0,0,Sem vítimas,True
1754546,SINISTRO NAO FATAL,2022-09-03,2022,9,3,19:06,Sábado,NOITE,VIAS URBANAS,PUBLICO,AVENIDA DOUTOR LAERT TABALLO MENDES,-21.59637786,-48.37134607,OUTROS,0,1,0,0,0,0,0,0,0,1,0,19.0,1,1,Com feridos leves,True
2302926,SINISTRO NAO FATAL,2022-09-03,2022,9,3,19:20,Sábado,NOITE,VIAS URBANAS,PUBLICO,AVENIDA DOUTOR LAERT TABALLO MENDES,-21.59637786,-48.37134607,OUTROS,0,1,0,0,0,0,0,0,0,1,0,19.0,1,1,Com feridos leves,True
1773022,SINISTRO NAO FATAL,2022-09-04,2022,9,4,19:48,Domingo,NOITE,ESTRADAS E RODOVIAS,PUBLICO,SP 310,-21.5751029,-48.4577892,OUTROS,0,1,0,0,0,0,0,0,0,2,0,19.0,2,1,Com feridos leves,True
1265286,SINISTRO NAO FATAL,2022-09-06,2022,9,6,16:04,Terça-feira,TARDE,VIAS URBANAS,PUBLICO,SPINELLI,-21.58863852,-48.3721651,OUTROS,0,1,0,0,0,0,0,0,0,1,0,16.0,1,1,Com feridos leves,False
1668582,SINISTRO NAO FATAL,2022-09-07,2022,9,7,19:50,Quarta-feira,NOITE,VIAS URBANAS,PUBLICO,AVENIDA LUDWIG ECKES,-21.59570464,-48.38054253,ATROPELAMENTO,0,1,0,0,0,1,0,0,1,1,0,19.0,2,1,Com feridos graves,False
1583831,SINISTRO NAO FATAL,2022-09-08,2022,9,8,19:11,Quinta-feira,NOITE,VIAS URBANAS,PUBLICO,RUA RUI BARBOSA,-21.60135126,-48.36829909,NAO DISPONIVEL,1,0,1,0,0,0,0,0,0,0,1,19.0,0,2,Sem vítimas,False
1921337,SINISTRO NAO FATAL,2022-09-08,2022,9,8,06:08,Quinta-feira,MANHA,ESTRADAS E RODOVIAS,PUBLICO,SP 310,-21.64487122,-48.39026337,OUTROS,0,0,0,0,1,0,1,0,0,1,0,6.0,1,2,Com feridos leves,False
1957550,NOTIFICACAO,2022-09-08,2022,9,8,06:57,Quinta-feira,MANHA,VIAS URBANAS,NAO DISPONIVEL,VICINAL CALL SINCHER,-21.60111233,-48.38934804,OUTROS,0,0,0,0,0,0,0,0,0,0,0,6.0,0,0,Sem vítimas,False
1502941,SINISTRO NAO FATAL,2022-09-09,2022,9,9,17:56,Sexta-feira,TARDE,VIAS URBANAS,PUBLICO,VIA CAL FISHER,-21.5985363,-48.37139625,COLISAO,1,1,0,0,0,0,0,0,0,1,0,17.0,1,2,Com feridos leves,False
2456399,SINISTRO FATAL,2022-09-09,2022,9,9,14:10,Sexta-feira,TARDE,VIAS URBANAS,PUBLICO,AVENIDA SANTO ANTÔNIO,-21.5973885031,-48.3688782105,COLISAO,0,2,0,0,0,0,0,1,0,0,0,14.0,1,2,Com óbito,False
1493689,SINISTRO NAO FATAL,2022-09-10,2022,9,10,13:05,Sábado,TARDE,VIAS URBANAS,PUBLICO,AVENIDA SETE DE SETEMBRO,-21.60461784,-48.36624084,COLISAO,0,1,0,0,0,0,0,0,0,1,1,13.0,1,1,Com feridos leves,True
1800588,NOTIFICACAO,2022-09-10,2022,9,10,20:37,Sábado,NOITE,VIAS URBANAS,NAO DISPONIVEL,DO TRABALHADOR,-21.60135126,-48.36829909,OUTROS,0,0,0,0,0,0,0,0,0,0,0,20.0,0,0,Sem vítimas,True
1646287,SINISTRO NAO FATAL,2022-09-12,2022,9,12,22:36,Segunda-feira,NOITE,VIAS URBANAS,PUBLICO,AVENIDA VINTE E OITO DE AGOSTO,-21.59150288,-48.35701278,COLISAO,0,1,1,0,0,0,0,0,0,1,1,22.0,1,2,Com feridos leves,False
1856470,SINISTRO NAO FATAL,2022-09-12,2022,9,12,07:08,Segunda-feira,MANHA,VIAS URBANAS,PUBLICO,RUA  ALCEU TADEI,-21.60111233,-48.38934804,COLISAO,0,1,0,1,0,0,0,0,0,1,1,7.0,1,2,Com feridos leves,False
1345281,SINISTRO NAO FATAL,2022-09-13,2022,9,13,17:47,Terça-feira,TARDE,VIAS URBANAS,PUBLICO,AVENIDA BALDAN,-21.61293903,-48.37104712,COLISAO,0,1,1,0,0,0,0,0,0,1,1,17.0,1,2,Com feridos leves,False
1267823,SINISTRO NAO FATAL,2022-09-15,2022,9,15,16:32,Quinta-feira,TARDE,VIAS URBANAS,PUBLICO,AVENIDA TROLESI,-21.6109169,-48.35101951,COLISAO,1,2,0,0,0,0,0,0,0,2,1,16.0,2,3,Com feridos leves,False
1962504,SINISTRO NAO FATAL,2022-09-15,2022,9,15,08:55,Quinta-feira,MANHA,VIAS URBANAS,PUBLICO,AVENIDA VINTE E OITO DE AGOSTO,-21.5991067,-48.36104373,OUTROS,0,1,1,0,0,0,0,0,0,1,1,8.0,1,2,Com feridos leves,False
2027072,NOTIFICACAO,2022-09-15,2022,9,15,12:17,Quinta-feira,TARDE,ESTRADAS E RODOVIAS,NAO DISPONIVEL,SP 326,-21.68865228,-48.33856218,OUTROS,0,0,0,0,0,0,0,0,0,0,0,12.0,0,0,Sem vítimas,False
2209322,SINISTRO NAO FATAL,2022-09-16,2022,9,16,14:57,Sexta-feira,TARDE,VIAS URBANAS,PUBLICO,RUA PHILOMENA CIORLINO,-21.62333266,-48.34818163,COLISAO,0,1,1,0,0,0,0,0,0,1,1,14.0,1,2,Com feridos leves,False
2191056,SINISTRO NAO FATAL,2022-09-17,2022,9,17,11:29,Sábado,MANHA,VIAS URBANAS,PUBLICO,RUA PIAUI,-21.59867566,-48.34958648,COLISAO,0,1,1,0,0,0,0,0,0,1,1,11.0,1,2,Com feridos leves,True
1628124,SINISTRO NAO FATAL,2022-09-18,2022,9,18,16:37,Domingo,TARDE,VIAS URBANAS,PUBLICO,RUA SAO LOURENCO,-21.60006146,-48.36419721,COLISAO,0,1,1,0,0,0,0,0,0,2,1,16.0,2,2,Com feridos leves,True
1454873,SINISTRO NAO FATAL,2022-09-19,2022,9,19,18:42,Segunda-feira,NOITE,VIAS URBANAS,PUBLICO,RUA JOSE GONCALVES,-21.60525731,-48.37442872,COLISAO,0,1,1,0,0,0,0,0,0,1,1,18.0,1,2,Com feridos leves,False
2112526,SINISTRO NAO FATAL,2022-09-19,2022,9,19,13:27,Segunda-feira,TARDE,VIAS URBANAS,PUBLICO,RUA RUI BARBOSA,-21.60135126,-48.36829909,CHOQUE,0,0,1,0,0,0,0,0,0,1,1,13.0,1,1,Com feridos leves,False
1313711,SINISTRO NAO FATAL,2022-09-20,2022,9,20,16:52,Terça-feira,TARDE,VIAS URBANAS,PUBLICO,AVENIDA QUINZE DE NOVEMBRO,-21.59559848,-48.3602818,NAO DISPONIVEL,0,1,0,0,0,0,0,0,0,1,0,16.0,1,1,Com feridos leves,False
1379689,SINISTRO NAO FATAL,2022-09-22,2022,9,22,17:47,Quinta-feira,TARDE,VIAS URBANAS,PUBLICO,RUA JOSE BONIFACIO,-21.60298047,-48.367067,CHOQUE,0,1,0,0,0,0,1,0,1,0,1,17.0,1,2,Com feridos graves,False
1749051,NOTIFICACAO,2022-09-22,2022,9,22,00:27,Quinta-feira,MADRUGADA,VIAS URBANAS,NAO DISPONIVEL,AVENIDA SETE DE SETEMBRO,-21.60453522,-48.36619642,OUTROS,0,0,0,0,0,0,0,0,0,0,0,0.0,0,0,Sem vítimas,False
1846499,NOTIFICACAO,2022-09-22,2022,9,22,06:47,Quinta-feira,MANHA,VIAS URBANAS,NAO DISPONIVEL,AVENIDA BALDAN,-21.61362631,-48.36955784,OUTROS,0,0,0,0,0,0,0,0,0,0,0,6.0,0,0,Sem vítimas,False
2213256,SINISTRO NAO FATAL,2022-09-24,2022,9,24,11:56,Sábado,MANHA,VIAS URBANAS,PUBLICO,AVENIDA BALDAN,-21.61262645,-48.37172443,COLISAO,0,1,1,0,0,0,0,0,0,2,1,11.0,2,2,Com feridos leves,True
2231262,NOTIFICACAO,2022-09-24,2022,9,24,12:00,Sábado,TARDE,VIAS URBANAS,NAO DISPONIVEL,AVENIDA BALDAN,-21.61032578,-48.37673105,OUTROS,0,0,0,0,0,0,0,0,0,0,0,12.0,0,0,Sem vítimas,True
1613879,NOTIFICACAO,2022-09-25,2022,9,25,16:02,Domingo,TARDE,VIAS URBANAS,NAO DISPONIVEL,RUA SINHARINHA FROTA,-21.61323615,-48.34959649,OUTROS,0,0,0,0,0,0,0,0,0,0,0,16.0,0,0,Sem vítimas,True
1337349,SINISTRO NAO FATAL,2022-09-26,2022,9,26,17:24,Segunda-feira,TARDE,VIAS URBANAS,PUBLICO,AVENIDA BALDAN,-21.61293903,-48.37104712,COLISAO,0,1,1,0,0,0,0,0,0,1,1,17.0,1,2,Com feridos leves,False
1440804,SINISTRO NAO FATAL,2022-09-26,2022,9,26,19:07,Segunda-feira,NOITE,VIAS URBANAS,PUBLICO,AVENIDA SETE DE SETEMBRO,-21.60453522,-48.36619642,COLISAO,0,1,0,0,0,0,0,0,0,2,0,19.0,2,1,Com feridos leves,False
1608718,NOTIFICACAO,2022-09-27,2022,9,27,22:41,Terça-feira,NOITE,VIAS URBANAS,PUBLICO,AVENIDA BALDAN,-21.61293903,-48.37104712,OUTROS,0,0,0,0,0,0,0,0,0,0,0,22.0,0,0,Sem vítimas,False
1317587,SINISTRO NAO FATAL,2022-09-29,2022,9,29,17:22,Quinta-feira,TARDE,VIAS URBANAS,PUBLICO,AVENIDA MILTON MARCHESAN,-21.59863259,-48.38149636,COLISAO,0,1,3,0,0,0,0,0,1,0,3,17.0,1,4,Com feridos graves,False
1740966,SINISTRO NAO FATAL,2022-09-29,2022,9,29,06:12,Quinta-feira,MANHA,VIAS URBANAS,PUBLICO,AVENIDA MARLENE DAVID DOS SANTOS,-21.63064902,-48.33970658,COLISAO,0,1,0,0,0,0,0,0,0,1,0,6.0,1,1,Com feridos leves,False
2076879,SINISTRO NAO FATAL,2022-09-29,2022,9,29,11:16,Quinta-feira,MANHA,VIAS URBANAS,PUBLICO,RUA MAJOR JOAQUIM GABRIEL DE CARVALHO,-21.59830109,-48.3588789,COLISAO,0,2,0,0,0,0,0,0,0,2,0,11.0,2,2,Com feridos leves,False
1592065,NOTIFICACAO,2022-09-30,2022,9,30,02:24,Sexta-feira,MADRUGADA,VIAS URBANAS,NAO DISPONIVEL,JOAO MARQUEZAN,-21.60111233,-48.38934804,OUTROS,0,0,0,0,0,0,0,0,0,0,0,2.0,0,0,Sem vítimas,False
2121410,SINISTRO NAO FATAL,2022-09-30,2022,9,30,13:16,Sexta-feira,TARDE,VIAS URBANAS,PUBLICO,RUA SAO LORENÇO,-21.60111233,-48.38934804,COLISAO,0,1,1,0,0,0,0,0,0,1,1,13.0,1,2,Com feridos leves,False
2137640,NOTIFICACAO,2022-09-30,2022,9,30,13:24,Sexta-feira,TARDE,VIAS URBANAS,NAO DISPONIVEL,AVENIDA SAO LOURENCO,-21.60111233,-48.38934804,OUTROS,0,0,0,0,0,0,0,0,0,0,0,13.0,0,0,Sem vítimas,False
1591098,SINISTRO NAO FATAL,2022-10-01,2022,10,1,18:10,Sábado,NOITE,VIAS URBANAS,PUBLICO,AVENIDA PADRE NELSON ANTONIO ROMAO,-21.6084,-48.3629,OUTROS,0,0,0,0,0,0,0,0,0,0,0,18.0,0,0,Sem vítimas,True
1994141,SINISTRO NAO FATAL,2022-10-04,2022,10,4,09:37,Terça-feira,MANHA,VIAS URBANAS,PUBLICO,AVENIDA SETE DE SETEMBRO,-21.60461784,-48.36624084,COLISAO,0,1,0,0,0,0,0,0,0,1,0,9.0,1,1,Com feridos leves,False
1295197,SINISTRO NAO FATAL,2022-10-05,2022,10,5,16:14,Quarta-feira,TARDE,VIAS URBANAS,PUBLICO,RUA RUI BARBOSA,-21.60135126,-48.36829909,OUTROS,0,1,0,0,0,0,0,0,0,2,0,16.0,2,1,Com feridos leves,False
1393841,SINISTRO NAO FATAL,2022-10-05,2022,10,5,17:48,Quarta-feira,TARDE,VIAS URBANAS,PUBLICO,RUA JOSE ARTIMONTE,-21.60565583,-48.34832684,COLISAO,1,0,1,0,0,0,0,0,0,1,1,17.0,1,2,Com feridos leves,False
1886958,SINISTRO NAO FATAL,2022-10-06,2022,10,6,06:29,Quinta-feira,MANHA,VIAS URBANAS,PUBLICO,RUA RUI BARBOSA,-21.60135126,-48.36829909,NAO DISPONIVEL,0,1,0,0,0,0,0,0,0,1,0,6.0,1,1,Com feridos leves,False
2212364,NOTIFICACAO,2022-10-06,2022,10,6,01:03,Quinta-feira,MADRUGADA,VIAS URBANAS,NAO DISPONIVEL,LUIGI VICHIESTE,-21.60111233,-48.38934804,OUTROS,0,0,0,0,0,0,0,0,0,0,0,1.0,0,0,Sem vítimas,False
1557983,SINISTRO NAO FATAL,2022-10-07,2022,10,7,18:40,Sexta-feira,NOITE,VIAS URBANAS,PUBLICO,AVENIDA TROLESI,-21.61083609,-48.3509771,COLISAO,0,1,1,0,0,0,0,0,0,2,1,18.0,2,2,Com feridos leves,False
1332686,NOTIFICACAO,2022-10-08,2022,10,8,11:07,Sábado,MANHA,VIAS URBANAS,PUBLICO,RUA AFONSO MACAGNAN,-21.60795856,-48.36802541,NAO DISPONIVEL,0,0,0,0,0,0,0,0,0,0,0,11.0,0,0,Sem vítimas,True
1732197,NOTIFICACAO,2022-10-09,2022,10,9,19:10,Domingo,NOITE,VIAS URBANAS,NAO DISPONIVEL,RUA OTONE CORREA,-21.59624881,-48.34679054,OUTROS,0,0,0,0,0,0,0,0,0,0,0,19.0,0,0,Sem vítimas,True
1761027,NOTIFICACAO,2022-10-09,2022,10,9,18:46,Domingo,NOITE,ESTRADAS E RODOVIAS,NAO DISPONIVEL,SP 310,-21.60111233,-48.38934804,OUTROS,0,0,0,0,0,0,0,0,0,0,0,18.0,0,0,Sem vítimas,True
1765911,SINISTRO NAO FATAL,2022-10-09,2022,10,9,18:28,Domingo,NOITE,ESTRADAS E RODOVIAS,PUBLICO,SP 310,-21.66434888,-48.36918796,COLISAO,0,0,1,0,1,0,1,0,0,2,2,18.0,2,3,Com feridos leves,True
2299393,NOTIFICACAO,2022-10-09,2022,10,9,17:09,Domingo,TARDE,VIAS URBANAS,NAO DISPONIVEL,AVENIDA LUDWIG ECKES,-21.59837625,-48.38252176,OUTROS,0,0,0,0,0,0,0,0,0,0,0,17.0,0,0,Sem vítimas,True
2030018,NOTIFICACAO,2022-10-12,2022,10,12,05:54,Quarta-feira,MADRUGADA,ESTRADAS E RODOVIAS,NAO DISPONIVEL,SP 310,-21.62423516,-48.41008399,OUTROS,0,0,0,0,0,0,0,0,0,0,0,5.0,0,0,Sem vítimas,False
1711366,SINISTRO NAO FATAL,2022-10-13,2022,10,13,21:32,Quinta-feira,NOITE,VIAS URBANAS,PUBLICO,MATAO SENT MOTUCA,-21.60111233,-48.38934804,OUTROS,0,0,0,0,1,0,0,0,0,1,0,21.0,1,1,Com feridos leves,False
1479260,SINISTRO NAO FATAL,2022-10-15,2022,10,15,16:05,Sábado,TARDE,VIAS URBANAS,PUBLICO,RUA PIAUI,-21.59959329,-48.3456167,COLISAO,0,1,1,0,0,0,0,0,1,1,1,16.0,2,2,Com feridos graves,True
2025511,SINISTRO NAO FATAL,2022-10-15,2022,10,15,05:29,Sábado,MADRUGADA,VIAS URBANAS,PUBLICO,VICINAL BUENO ANDRADE MATAO,-21.60111233,-48.38934804,OUTROS,0,0,1,0,0,0,0,0,0,1,0,5.0,1,1,Com feridos leves,True
1553425,NOTIFICACAO,2022-10-16,2022,10,16,14:30,Domingo,TARDE,VIAS URBANAS,PUBLICO,RUA SAO LOURENCO,-21.59705406,-48.36886772,NAO DISPONIVEL,0,0,0,0,0,0,0,0,0,0,0,14.0,0,0,Sem vítimas,True
1553317,SINISTRO NAO FATAL,2022-10-17,2022,10,17,19:56,Segunda-feira,NOITE,VIAS URBANAS,PUBLICO,RUA SAO LOURENCO,-21.59727404,-48.36896377,COLISAO,0,1,1,0,0,0,0,0,0,2,0,19.0,2,2,Com feridos leves,False
1552381,SINISTRO NAO FATAL,2022-10-18,2022,10,18,20:51,Terça-feira,NOITE,VIAS URBANAS,PUBLICO,DO TRABALHADOR,-21.58819372,-48.35883149,COLISAO,0,1,1,0,0,0,0,0,1,1,0,20.0,2,2,Com feridos graves,False
1882563,SINISTRO NAO FATAL,2022-10-18,2022,10,18,07:22,Terça-feira,MANHA,VIAS URBANAS,PUBLICO,RUA JOAO PESSOA,-21.59870436,-48.3718326,COLISAO,0,1,1,0,0,0,0,0,0,1,2,7.0,1,2,Com feridos leves,False
1885099,SINISTRO NAO FATAL,2022-10-18,2022,10,18,09:03,Terça-feira,MANHA,VIAS URBANAS,PUBLICO,RUA SINHARINHA FROTA,-21.60254291,-48.37252027,COLISAO,0,1,0,0,0,0,0,0,0,1,1,9.0,1,1,Com feridos leves,False
2317340,NOTIFICACAO,2022-10-18,2022,10,18,08:25,Terça-feira,MANHA,VIAS URBANAS,NAO DISPONIVEL,AVENIDA SETE DE SETEMBRO,-21.60453522,-48.36619642,OUTROS,0,0,0,0,0,0,0,0,0,0,0,8.0,0,0,Sem vítimas,False
1953044,NOTIFICACAO,2022-10-20,2022,10,20,00:00,Quinta-feira,MADRUGADA,VIAS URBANAS,NAO DISPONIVEL,RUA ADELINO BESSI,-21.62939595,-48.33831386,OUTROS,0,0,0,0,0,0,0,0,0,0,0,0.0,0,0,Sem vítimas,False
2044837,NOTIFICACAO,2022-10-20,2022,10,20,08:09,Quinta-feira,MANHA,VIAS URBANAS,PUBLICO,AVENIDA SETE DE SETEMBRO,-21.60461784,-48.36624084,OUTROS,0,0,0,0,0,0,0,0,0,0,0,8.0,0,0,Sem vítimas,False
1773418,SINISTRO NAO FATAL,2022-10-21,2022,10,21,23:46,Sexta-feira,NOITE,VIAS URBANAS,PUBLICO,RUA PEDRO TROLLI,-21.60130013,-48.39240848,CHOQUE,0,1,0,0,0,0,0,0,0,1,0,23.0,1,1,Com feridos leves,False
1306839,SINISTRO NAO FATAL,2022-10-22,2022,10,22,10:56,Sábado,MANHA,VIAS URBANAS,PUBLICO,AVENIDA TIRADENTES,-21.60622911,-48.36375529,COLISAO,0,1,1,0,0,0,0,0,0,1,1,10.0,1,2,Com feridos leves,True
1363032,SINISTRO NAO FATAL,2022-10-22,2022,10,22,11:51,Sábado,MANHA,VIAS URBANAS,PUBLICO,AVENIDA BALDAN,-21.62047312,-48.35472592,COLISAO,0,1,1,0,0,0,0,0,0,1,1,11.0,1,2,Com feridos leves,True
1327251,NOTIFICACAO,2022-10-23,2022,10,23,09:47,Domingo,MANHA,ESTRADAS E RODOVIAS,NAO DISPONIVEL,SP 326,-21.6082371725,-48.3352345704,OUTROS,0,0,0,0,0,0,0,0,0,0,0,9.0,0,0,Sem vítimas,True
2456557,SINISTRO FATAL,2022-10-23,2022,10,23,09:40,Domingo,MANHA,ESTRADAS E RODOVIAS,PUBLICO,SP 326,-21.6259396417,-48.3361241025,CHOQUE,0,1,0,0,0,0,0,1,0,0,0,9.0,1,1,Com óbito,True
1439223,NOTIFICACAO,2022-10-25,2022,10,25,19:01,Terça-feira,NOITE,VIAS URBANAS,NAO DISPONIVEL,RUA IZIDORO ADAIL BOTTESINI,-21.6154855,-48.35512222,ATROPELAMENTO,0,0,0,0,0,0,0,0,0,0,0,19.0,0,0,Sem vítimas,False
1934104,SINISTRO NAO FATAL,2022-10-26,2022,10,26,07:59,Quarta-feira,MANHA,VIAS URBANAS,PUBLICO,AVENIDA BALDAN,-21.61032578,-48.37673105,COLISAO,0,0,2,0,0,0,0,0,0,1,1,7.0,1,2,Com feridos leves,False
1525950,SINISTRO NAO FATAL,2022-10-28,2022,10,28,18:41,Sexta-feira,NOITE,VIAS URBANAS,NAO DISPONIVEL,AVENIDA SAO PAULO,-21.6005275,-48.35138095,COLISAO,0,1,1,0,0,0,0,0,0,1,1,18.0,1,2,Com feridos leves,False
2140664,SINISTRO NAO FATAL,2022-10-28,2022,10,28,11:52,Sexta-feira,MANHA,VIAS URBANAS,PUBLICO,RUA RUI BARBOSA,-21.60135126,-48.36829909,COLISAO,0,2,0,0,0,0,0,0,0,1,1,11.0,1,2,Com feridos leves,False
1544572,NOTIFICACAO,2022-10-29,2022,10,29,15:31,Sábado,TARDE,VIAS URBANAS,NAO DISPONIVEL,AVENIDA MALZAM,-21.60116719,-48.39024201,OUTROS,0,0,0,0,0,0,0,0,0,0,0,15.0,0,0,Sem vítimas,True
1760882,SINISTRO NAO FATAL,2022-10-30,2022,10,30,19:27,Domingo,NOITE,VIAS URBANAS,PUBLICO,RUA SINHARINHA FROTA,-21.60932949,-48.35795791,COLISAO,0,0,1,0,0,0,0,0,1,0,1,19.0,1,1,Com feridos graves,True
1877101,SINISTRO NAO FATAL,2022-10-30,2022,10,30,22:02,Domingo,NOITE,VIAS URBANAS,PUBLICO,RUA AMERICO VEZZANI,-21.58633634,-48.37515626,COLISAO,0,0,1,0,0,0,0,0,0,1,1,22.0,1,1,Com feridos leves,True
1507709,NOTIFICACAO,2022-10-31,2022,10,31,17:57,Segunda-feira,TARDE,VIAS URBANAS,NAO DISPONIVEL,SAO LORENÇO,-21.60111233,-48.38934804,OUTROS,0,0,0,0,0,0,0,0,0,0,0,17.0,0,0,Sem vítimas,False
2038994,SINISTRO NAO FATAL,2022-10-31,2022,10,31,03:30,Segunda-feira,MADRUGADA,ESTRADAS E RODOVIAS,PUBLICO,SP 310,-21.54710894,-48.49468058,COLISAO,0,0,0,0,2,0,2,0,0,1,1,3.0,1,4,Com feridos leves,False
2238058,SINISTRO NAO FATAL,2022-11-01,2022,11,1,15:41,Terça-feira,TARDE,VIAS URBANAS,PUBLICO,RUA RUI BARBOSA,-21.60135126,-48.36829909,COLISAO,0,1,1,0,0,0,0,0,0,1,1,15.0,1,2,Com feridos leves,False
1550706,SINISTRO NAO FATAL,2022-11-04,2022,11,4,20:50,Sexta-feira,NOITE,VIAS URBANAS,PUBLICO,AVENIDA VINTE E OITO DE AGOSTO,-21.60464601,-48.36399605,COLISAO,0,1,1,0,0,0,0,0,0,1,1,20.0,1,2,Com feridos leves,False
1270246,SINISTRO NAO FATAL,2022-11-05,2022,11,5,12:49,Sábado,TARDE,VIAS URBANAS,NAO DISPONIVEL,ABIB GABRIEL,-21.60111233,-48.38934804,OUTROS,0,1,0,0,0,0,0,0,0,2,0,12.0,2,1,Com feridos leves,True
1508772,NOTIFICACAO,2022-11-05,2022,11,5,16:54,Sábado,TARDE,VIAS URBANAS,PUBLICO,ESTRADA VICINAL MATAO X MUTUCA,-21.60110746,-48.38926858,OUTROS,0,0,0,0,0,0,0,0,0,0,0,16.0,0,0,Sem vítimas,True
1501488,SINISTRO NAO FATAL,2022-11-07,2022,11,7,17:53,Segunda-feira,TARDE,VIAS URBANAS,PUBLICO,AVENIDA BALDAN,-21.61293903,-48.37104712,COLISAO,0,1,1,0,0,0,0,0,0,1,1,17.0,1,2,Com feridos leves,False
1516829,SINISTRO NAO FATAL,2022-11-07,2022,11,7,18:04,Segunda-feira,NOITE,VIAS URBANAS,PUBLICO,AVENIDA ARARAQUARA,-21.61327923,-48.358283,COLISAO,0,2,0,0,0,0,0,0,0,1,1,18.0,1,2,Com feridos leves,False
2284140,NOTIFICACAO,2022-11-07,2022,11,7,18:07,Segunda-feira,NOITE,VIAS URBANAS,NAO DISPONIVEL,AVENIDA ARARAQUARA,-21.60745253,-48.35741186,OUTROS,0,0,0,0,0,0,0,0,0,0,0,18.0,0,0,Sem vítimas,False
1467438,SINISTRO NAO FATAL,2022-11-09,2022,11,9,18:25,Quarta-feira,NOITE,VIAS URBANAS,PUBLICO,RUA AMERICO VEZZANI,-21.5859194,-48.37071947,COLISAO,0,1,1,0,0,0,0,0,0,1,2,18.0,1,2,Com feridos leves,False
1606894,SINISTRO NAO FATAL,2022-11-09,2022,11,9,20:36,Quarta-feira,NOITE,VIAS URBANAS,PUBLICO,AV JOSE ESQUETINI,-21.60316965,-48.38917786,COLISAO,0,1,0,1,0,0,0,0,0,1,1,20.0,1,2,Com feridos leves,False
2121672,SINISTRO NAO FATAL,2022-11-10,2022,11,10,11:29,Quinta-feira,MANHA,VIAS URBANAS,PUBLICO,RUA JUNDIAI,-21.61198108,-48.35607221,COLISAO,0,1,1,0,0,0,0,0,0,1,1,11.0,1,2,Com feridos leves,False
1495676,SINISTRO NAO FATAL,2022-11-11,2022,11,11,17:44,Sexta-feira,TARDE,VIAS URBANAS,PUBLICO,AVENIDA LUDWIG ECKES,-21.59470439,-48.38047124,COLISAO,0,2,0,0,0,0,0,0,0,2,0,17.0,2,2,Com feridos leves,False
1765908,SINISTRO NAO FATAL,2022-11-12,2022,11,12,21:14,Sábado,NOITE,VIAS URBANAS,NAO DISPONIVEL,RUA OTONE CORREA,-21.59289198,-48.35774278,COLISAO,0,1,1,0,0,0,0,0,0,2,1,21.0,2,2,Com feridos leves,True
1590579,SINISTRO NAO FATAL,2022-11-13,2022,11,13,15:06,Domingo,TARDE,VIAS URBANAS,PUBLICO,AVENIDA SETE DE SETEMBRO,-21.60461784,-48.36624084,NAO DISPONIVEL,0,0,1,0,0,0,0,0,0,1,2,15.0,1,1,Com feridos leves,True
1418039,SINISTRO NAO FATAL,2022-11-14,2022,11,14,16:49,Segunda-feira,TARDE,VIAS URBANAS,PUBLICO,AVENIDA BALDAN,-21.62021047,-48.35528296,OUTROS,0,1,0,0,0,0,0,0,0,1,0,16.0,1,1,Com feridos leves,False
2006315,SINISTRO NAO FATAL,2022-11-14,2022,11,14,08:01,Segunda-feira,MANHA,VIAS URBANAS,PUBLICO,AVENIDA SAO PAULO,-21.59758161,-48.3506059,NAO DISPONIVEL,0,1,0,0,0,0,0,0,0,1,1,8.0,1,1,Com feridos leves,False
2137132,SINISTRO NAO FATAL,2022-11-14,2022,11,14,11:11,Segunda-feira,MANHA,VIAS URBANAS,PUBLICO,AVENIDA TROLESI,-21.61083609,-48.3509771,CHOQUE,0,0,1,0,1,0,1,0,0,1,2,11.0,1,3,Com feridos leves,False
2456512,SINISTRO FATAL,2022-11-15,2022,11,15,23:00,Terça-feira,NOITE,VIAS URBANAS,PUBLICO,AVENIDA TROLESI,,,COLISAO,1,1,0,0,0,0,0,1,0,0,0,23.0,1,2,Com óbito,False
2342721,SINISTRO NAO FATAL,2022-11-16,2022,11,16,06:48,Quarta-feira,MANHA,VIAS URBANAS,PUBLICO,AVENIDA LUDWIG ECKES,-21.5962998165,-48.3808822645,COLISAO,0,2,1,0,0,0,0,0,0,2,1,6.0,2,3,Com feridos leves,False
1271930,SINISTRO NAO FATAL,2022-11-18,2022,11,18,15:03,Sexta-feira,TARDE,VIAS URBANAS,PUBLICO,AVENIDA QUINZE DE NOVEMBRO,-21.613865583,-48.369857572,COLISAO,1,0,1,0,0,0,0,0,0,1,1,15.0,1,2,Com feridos leves,False
1698504,SINISTRO NAO FATAL,2022-11-19,2022,11,19,18:56,Sábado,NOITE,VIAS URBANAS,PUBLICO,AVENIDA LUDWIG ECKES,-21.5988325072,-48.3827765633,ATROPELAMENTO,0,0,1,0,0,2,0,0,1,0,1,18.0,1,1,Com feridos graves,True
2032108,SINISTRO NAO FATAL,2022-11-20,2022,11,20,03:19,Domingo,MADRUGADA,VIAS URBANAS,PUBLICO,AVENIDA PADRE NELSON ANTONIO ROMAO,-21.6025328756,-48.3606663419,OUTROS,0,0,1,0,0,0,0,0,0,1,0,3.0,1,1,Com feridos leves,True
1482043,SINISTRO NAO FATAL,2022-11-22,2022,11,22,19:17,Terça-feira,NOITE,VIAS URBANAS,PUBLICO,AVENIDA LUDWIG ECKES,-21.5957046446,-48.3805425258,COLISAO,0,1,0,0,1,0,0,0,0,1,1,19.0,1,2,Com feridos leves,False
1933181,NOTIFICACAO,2022-11-23,2022,11,23,00:42,Quarta-feira,MADRUGADA,VIAS URBANAS,PUBLICO,AVENIDA LUDWIG ECKES,-21.5947524602,-48.3804980877,OUTROS,0,0,0,0,0,0,0,0,0,0,0,0.0,0,0,Sem vítimas,False
1295692,SINISTRO NAO FATAL,2022-11-24,2022,11,24,15:32,Quinta-feira,TARDE,VIAS URBANAS,PUBLICO,AVENIDA PINDORAMA,-21.619048303,-48.352441709,COLISAO,0,1,1,0,0,0,0,0,0,2,1,15.0,2,2,Com feridos leves,False
1429281,SINISTRO NAO FATAL,2022-11-24,2022,11,24,18:13,Quinta-feira,NOITE,VIAS URBANAS,PUBLICO,AVENIDA SETE DE SETEMBRO,-21.6045352209,-48.3661964225,COLISAO,1,1,0,0,0,0,0,0,0,2,0,18.0,2,2,Com feridos leves,False
1871923,NOTIFICACAO,2022-11-24,2022,11,24,06:38,Quinta-feira,MANHA,VIAS URBANAS,NAO DISPONIVEL,RUA BATISTA GANDIN,-21.631292937,-48.339287962,OUTROS,0,0,0,0,0,0,0,0,0,0,0,6.0,0,0,Sem vítimas,False
2149709,NOTIFICACAO,2022-11-24,2022,11,24,11:52,Quinta-feira,MANHA,VIAS URBANAS,NAO DISPONIVEL,AVENIDA TROLESI,-21.6102539586,-48.3506716327,OUTROS,0,0,0,0,0,0,0,0,0,0,0,11.0,0,0,Sem vítimas,False
1584240,SINISTRO NAO FATAL,2022-11-26,2022,11,26,17:50,Sábado,TARDE,ESTRADAS E RODOVIAS,PUBLICO,SP 326,-21.634991022,-48.336576709,COLISAO,0,2,0,0,0,0,0,0,0,2,0,17.0,2,2,Com feridos leves,True
2121228,NOTIFICACAO,2022-11-27,2022,11,27,05:53,Domingo,MADRUGADA,ESTRADAS E RODOVIAS,NAO DISPONIVEL,SP  BRASI,-21.6173134,-48.3628769,NAO DISPONIVEL,0,0,0,0,0,0,0,0,0,0,0,5.0,0,0,Sem vítimas,True
2191605,SINISTRO NAO FATAL,2022-11-27,2022,11,27,07:21,Domingo,MANHA,ESTRADAS E RODOVIAS,PUBLICO,SP 310,-21.644871223,-48.390263372,OUTROS,0,0,1,0,0,0,0,0,0,1,0,7.0,1,1,Com feridos leves,True
1585928,NOTIFICACAO,2022-11-28,2022,11,28,20:07,Segunda-feira,NOITE,ESTRADAS E RODOVIAS,NAO DISPONIVEL,SP 310,-21.631116914,-48.403479582,OUTROS,0,0,0,0,0,0,0,0,0,0,0,20.0,0,0,Sem vítimas,False
2060041,SINISTRO NAO FATAL,2022-11-28,2022,11,28,11:57,Segunda-feira,MANHA,VIAS URBANAS,PUBLICO,RUA SINHARINHA FROTA,-21.602509729,-48.372592075,COLISAO,0,1,1,0,0,0,0,0,0,1,2,11.0,1,2,Com feridos leves,False
2249100,SINISTRO NAO FATAL,2022-11-28,2022,11,28,15:15,Segunda-feira,TARDE,VIAS URBANAS,PUBLICO,RUA SIPRIANO FERREIRA,-21.6011123324,-48.3893480448,COLISAO,0,0,1,0,1,0,3,0,0,1,1,15.0,1,5,Com feridos leves,False
1893165,SINISTRO NAO FATAL,2022-11-29,2022,11,29,08:20,Terça-feira,MANHA,VIAS URBANAS,PUBLICO,AVENIDA LUDWIG ECKES,-21.5957046446,-48.3805425258,COLISAO,0,1,0,0,0,0,0,0,0,1,0,8.0,1,1,Com feridos leves,False
2069845,SINISTRO NAO FATAL,2022-11-29,2022,11,29,11:18,Terça-feira,MANHA,VIAS URBANAS,PRIVADO,AVENIDA SETE DE SETEMBRO,-21.6092788714,-48.3687186724,ATROPELAMENTO,0,0,1,0,0,1,0,0,0,1,1,11.0,1,1,Com feridos leves,False
2165504,NOTIFICACAO,2022-11-29,2022,11,29,14:05,Terça-feira,TARDE,VIAS URBANAS,NAO DISPONIVEL,RUA ALEXANDRE DOS SANTOS PIRES,-21.621330275,-48.353721176,NAO DISPONIVEL,0,0,0,0,0,0,0,0,0,0,0,14.0,0,0,Sem vítimas,False
1641158,NOTIFICACAO,2022-11-30,2022,11,30,22:49,Quarta-feira,NOITE,VIAS URBANAS,PUBLICO,AVENIDA TROLESI,-21.592577509,-48.341338639,OUTROS,0,0,0,0,0,0,0,0,0,0,0,22.0,0,0,Sem vítimas,False
1329624,SINISTRO NAO FATAL,2022-12-02,2022,12,2,15:05,Sexta-feira,TARDE,VIAS URBANAS,PUBLICO,AVENIDA JOSE CERQUEIRA,-21.5942742943,-48.3745967055,COLISAO,0,0,1,0,0,0,0,0,0,1,1,15.0,1,1,Com feridos leves,False
1349103,SINISTRO NAO FATAL,2022-12-02,2022,12,2,15:31,Sexta-feira,TARDE,VIAS URBANAS,PUBLICO,AVENIDA TOLEDO MALTA,-21.6033246989,-48.3688171886,COLISAO,1,0,1,0,0,0,0,0,1,0,1,15.0,1,2,Com feridos graves,False
1491751,NOTIFICACAO,2022-12-03,2022,12,3,15:13,Sábado,TARDE,VIAS URBANAS,NAO DISPONIVEL,AVENIDA JOSE CERQUEIRA,-21.594176777,-48.373549132,OUTROS,0,0,0,0,0,0,0,0,0,0,0,15.0,0,0,Sem vítimas,True
1747277,SINISTRO NAO FATAL,2022-12-03,2022,12,3,21:30,Sábado,NOITE,VIAS URBANAS,PUBLICO,AVENIDA PADRE NELSON ANTONIO ROMAO,-21.6016430763,-48.3603848598,COLISAO,0,1,1,0,0,0,0,0,0,1,1,21.0,1,2,Com feridos leves,True
1497146,SINISTRO NAO FATAL,2022-12-04,2022,12,4,15:17,Domingo,TARDE,ESTRADAS E RODOVIAS,PUBLICO,SP  R ELIAS RAIMUNDO DE BRIT,-21.6226826,-48.3390045,NAO DISPONIVEL,0,1,0,0,0,0,0,0,0,1,0,15.0,1,1,Com feridos leves,True
1683845,SINISTRO NAO FATAL,2022-12-04,2022,12,4,18:51,Domingo,NOITE,VIAS URBANAS,PUBLICO,AVENIDA BALDAN,-21.610325783,-48.376731053,COLISAO,0,1,1,0,0,0,0,0,0,1,1,18.0,1,2,Com feridos leves,True
2021055,SINISTRO NAO FATAL,2022-12-04,2022,12,4,05:55,Domingo,MADRUGADA,VIAS URBANAS,PUBLICO,AV ANTONIO TANAKA  MATÃO  AV ANTONIO TANAKA,-21.6186466,-48.37055,COLISAO,0,0,1,0,0,0,0,0,0,2,0,5.0,2,1,Com feridos leves,True
1301392,SINISTRO NAO FATAL,2022-12-05,2022,12,5,15:47,Segunda-feira,TARDE,VIAS URBANAS,PUBLICO,AVENIDA MILTON MARCHESAN,-21.599018579,-48.3814564075,COLISAO,0,1,1,0,0,0,0,0,0,1,1,15.0,1,2,Com feridos leves,False
2137404,SINISTRO NAO FATAL,2022-12-05,2022,12,5,11:28,Segunda-feira,MANHA,VIAS URBANAS,PUBLICO,RUA CATANDUVA,-21.611160999,-48.350741139,COLISAO,0,1,1,0,0,0,0,0,0,1,2,11.0,1,2,Com feridos leves,False
1371171,NOTIFICACAO,2022-12-06,2022,12,6,17:28,Terça-feira,TARDE,ESTRADAS E RODOVIAS,NAO DISPONIVEL,SP  BRASIL,-21.6012669,-48.3613548,NAO DISPONIVEL,0,0,0,0,0,0,0,0,0,0,0,17.0,0,0,Sem vítimas,False
1449948,SINISTRO NAO FATAL,2022-12-06,2022,12,6,19:14,Terça-feira,NOITE,ESTRADAS E RODOVIAS,PUBLICO,SP 326,-21.590233747,-48.334337378,OUTROS,0,1,0,0,0,0,0,0,0,1,0,19.0,1,1,Com feridos leves,False
1896306,SINISTRO NAO FATAL,2022-12-06,2022,12,6,06:42,Terça-feira,MANHA,VIAS URBANAS,PUBLICO,R S LOURENCO X AV LAERTE JOSÉ TARALLO MENDES SE,-21.6014758781,-48.3604772057,COLISAO,0,1,1,0,0,0,0,0,0,1,1,6.0,1,2,Com feridos leves,False
1911765,SINISTRO NAO FATAL,2022-12-06,2022,12,6,06:59,Terça-feira,MANHA,VIAS URBANAS,PUBLICO,AVENIDA BALDAN,-21.616147432,-48.3641007743,COLISAO,0,1,1,0,0,0,0,0,0,1,1,6.0,1,2,Com feridos leves,False
2005615,SINISTRO NAO FATAL,2022-12-09,2022,12,9,08:08,Sexta-feira,MANHA,VIAS URBANAS,PUBLICO,AVENIDA FRANCISCO MASTROPIETRO,-21.593644798,-48.346683727,COLISAO,0,1,3,0,0,0,0,0,0,1,3,8.0,1,4,Com feridos leves,False
1336543,SINISTRO NAO FATAL,2022-12-11,2022,12,11,11:40,Domingo,MANHA,VIAS URBANAS,PUBLICO,AVENIDA TROLESI,-21.6089537603,-48.3499933464,COLISAO,0,1,0,0,0,0,0,0,0,2,0,11.0,2,1,Com feridos leves,True
2257290,SINISTRO NAO FATAL,2022-12-13,2022,12,13,16:28,Terça-feira,TARDE,VIAS URBANAS,PUBLICO,AVENIDA MANOEL MINGORANCI,-21.592926316,-48.372818165,COLISAO,0,1,1,0,0,0,0,0,0,1,1,16.0,1,2,Com feridos leves,False
1702789,NOTIFICACAO,2022-12-14,2022,12,14,23:17,Quarta-feira,NOITE,ESTRADAS E RODOVIAS,PUBLICO,SP  BRASIL,-21.6012669,-48.3613548,OUTROS,0,0,0,0,0,0,0,0,0,0,0,23.0,0,0,Sem vítimas,False
2123415,SINISTRO NAO FATAL,2022-12-15,2022,12,15,12:40,Quinta-feira,TARDE,VIAS URBANAS,PUBLICO,R JOSÉ BONIFÁCIO X AV TIRADENTES,-21.6048775,-48.3641548,COLISAO,0,1,1,0,0,0,0,0,0,1,1,12.0,1,2,Com feridos leves,False
1337861,SINISTRO NAO FATAL,2022-12-16,2022,12,16,16:46,Sexta-feira,TARDE,VIAS URBANAS,PUBLICO,AVENIDA DOUTOR LAERT TABALLO MENDES,-21.595601956,-48.370894037,COLISAO,0,1,0,0,0,0,0,0,0,1,0,16.0,1,1,Com feridos leves,False
1510917,NOTIFICACAO,2022-12-16,2022,12,16,18:52,Sexta-feira,NOITE,VIAS URBANAS,NAO DISPONIVEL,RUA SAO LOURENCO,-21.6012417401,-48.3613227249,OUTROS,0,0,0,0,0,0,0,0,0,0,0,18.0,0,0,Sem vítimas,False
1789034,SINISTRO NAO FATAL,2022-12-16,2022,12,16,23:57,Sexta-feira,NOITE,VIAS URBANAS,PUBLICO,AVENIDA BALDAN,-21.620473121,-48.354725924,COLISAO,0,1,1,0,0,0,0,0,0,1,2,23.0,1,2,Com feridos leves,False
1363088,NOTIFICACAO,2022-12-19,2022,12,19,17:04,Segunda-feira,TARDE,ESTRADAS E RODOVIAS,NAO DISPONIVEL,SP 326,-21.608136832,-48.335226419,ATROPELAMENTO,0,0,0,0,0,0,0,0,0,0,0,17.0,0,0,Sem vítimas,False
1642119,SINISTRO NAO FATAL,2022-12-19,2022,12,19,22:15,Segunda-feira,NOITE,VIAS URBANAS,PUBLICO,AV SETE SETEMBRO,-21.6269850582,-48.3462532174,OUTROS,0,1,0,0,0,0,0,0,0,1,0,22.0,1,1,Com feridos leves,False
1940786,SINISTRO NAO FATAL,2022-12-19,2022,12,19,07:18,Segunda-feira,MANHA,VIAS URBANAS,PUBLICO,AVENIDA VINTE E OITO DE AGOSTO,-21.5985570474,-48.3608196188,COLISAO,0,1,1,0,0,0,0,0,0,1,1,7.0,1,2,Com feridos leves,False
2456568,SINISTRO FATAL,2022-12-19,2022,12,19,17:00,Segunda-feira,TARDE,ESTRADAS E RODOVIAS,PUBLICO,SP 326,-21.6062783726,-48.3351327811,COLISAO,1,0,1,0,0,0,0,1,0,0,0,17.0,1,2,Com óbito,False
1322408,NOTIFICACAO,2022-12-21,2022,12,21,17:14,Quarta-feira,TARDE,ESTRADAS E RODOVIAS,NAO DISPONIVEL,SP  BRASIL,-21.6012669,-48.3613548,NAO DISPONIVEL,0,0,0,0,0,0,0,0,0,0,0,17.0,0,0,Sem vítimas,False
1327435,NOTIFICACAO,2022-12-21,2022,12,21,17:24,Quarta-feira,TARDE,VIAS URBANAS,NAO DISPONIVEL,VIA AUGUSTO BAMBOZZI  MATAO  VIA AUGUSTO BAMBOZZ,-21.6324177,-48.3673058,OUTROS,0,0,0,0,0,0,0,0,0,0,0,17.0,0,0,Sem vítimas,False
1332488,NOTIFICACAO,2022-12-21,2022,12,21,17:25,Quarta-feira,TARDE,VIAS URBANAS,NAO DISPONIVEL,CARDIMIX  VIA AUGUSTO BAMBOZZI  450,-21.62701,-48.37868,OUTROS,0,0,0,0,0,0,0,0,0,0,0,17.0,0,0,Sem vítimas,False
1337019,SINISTRO NAO FATAL,2022-12-21,2022,12,21,17:33,Quarta-feira,TARDE,VIAS URBANAS,NAO DISPONIVEL,SPITAL CARLOS FERNANDO MALZONI  AV SETE DE SET,-21.6051159,-48.3680573,OUTROS,0,1,1,0,0,0,0,0,0,1,1,17.0,1,2,Com feridos leves,False
1671195,SINISTRO NAO FATAL,2022-12-21,2022,12,21,23:33,Quarta-feira,NOITE,VIAS URBANAS,PUBLICO,VIA CARL FISCHER,-21.5985363026,-48.371396253,OUTROS,0,1,0,0,0,0,0,0,0,1,0,23.0,1,1,Com feridos leves,False
1692605,NOTIFICACAO,2022-12-22,2022,12,22,23:12,Quinta-feira,NOITE,VIAS URBANAS,NAO DISPONIVEL,RUA SINHARINHA FROTA,-21.6047559865,-48.3677316277,OUTROS,0,0,0,0,0,0,0,0,0,0,0,23.0,0,0,Sem vítimas,False
1723759,SINISTRO NAO FATAL,2022-12-22,2022,12,22,23:23,Quinta-feira,NOITE,VIAS URBANAS,PUBLICO,AVENIDA ANIBAL RIBEIRO,-21.621829394,-48.342603676,COLISAO,0,1,1,0,0,0,0,0,0,1,1,23.0,1,2,Com feridos leves,False
1266197,NOTIFICACAO,2022-12-23,2022,12,23,14:36,Sexta-feira,TARDE,VIAS URBANAS,PUBLICO,VIA NELSIADES VOLTURA,-21.6011123324,-48.3893480448,OUTROS,0,0,0,0,0,0,0,0,0,0,0,14.0,0,0,Sem vítimas,False
1690443,SINISTRO NAO FATAL,2022-12-23,2022,12,23,22:06,Sexta-feira,NOITE,VIAS URBANAS,PUBLICO,RUA RUI BARBOSA,-21.6013512637,-48.3682990904,OUTROS,1,0,1,0,0,0,0,0,0,1,1,22.0,1,2,Com feridos leves,False
1951899,SINISTRO NAO FATAL,2022-12-23,2022,12,23,06:56,Sexta-feira,MANHA,VIAS URBANAS,PUBLICO,AVENIDA LUDWIG ECKES,-21.5957046446,-48.3805425258,COLISAO,0,0,2,0,0,0,0,0,0,2,0,6.0,2,2,Com feridos leves,False
1988096,NOTIFICACAO,2022-12-23,2022,12,23,07:34,Sexta-feira,MANHA,VIAS URBANAS,NAO DISPONIVEL,RUA SINHARINHA FROTA,-21.6047559865,-48.3677316277,OUTROS,0,0,0,0,0,0,0,0,0,0,0,7.0,0,0,Sem vítimas,False
1755551,SINISTRO NAO FATAL,2022-12-25,2022,12,25,17:10,Domingo,TARDE,VIAS URBANAS,PUBLICO,RUA SAO LOURENCO X AV JOSÉ CERQUEIRA,-21.597575714,-48.367983784,OUTROS,0,0,1,0,0,0,0,0,0,0,3,17.0,0,1,Sem vítimas,True
1825372,SINISTRO NAO FATAL,2022-12-25,2022,12,25,22:52,Domingo,NOITE,VIAS URBANAS,PUBLICO,AVENIDA BALDAN,-21.6126264541,-48.3717244273,CHOQUE,0,0,2,0,0,0,0,0,0,1,1,22.0,1,2,Com feridos leves,True
1513380,NOTIFICACAO,2022-12-26,2022,12,26,19:58,Segunda-feira,NOITE,VIAS URBANAS,NAO DISPONIVEL,RUA SINHARINHA FROTA,-21.6047559865,-48.3677316277,NAO DISPONIVEL,0,0,0,0,0,0,0,0,0,0,0,19.0,0,0,Sem vítimas,False
1660224,NOTIFICACAO,2022-12-26,2022,12,26,23:15,Segunda-feira,NOITE,VIAS URBANAS,NAO DISPONIVEL,SPITAL CARLOS FERNANDO MALZONI  AV SETE DE SET,-21.6051159,-48.3680573,ATROPELAMENTO,0,0,0,0,0,0,0,0,0,0,0,23.0,0,0,Sem vítimas,False
2244610,NOTIFICACAO,2022-12-27,2022,12,27,15:14,Terça-feira,TARDE,VIAS URBANAS,PUBLICO,RUA SINHARINHA FROTA,-21.6047559865,-48.3677316277,OUTROS,0,0,0,0,0,0,0,0,0,0,0,15.0,0,0,Sem vítimas,False
1304209,NOTIFICACAO,2022-12-29,2022,12,29,15:43,Quinta-feira,TARDE,VIAS URBANAS,NAO DISPONIVEL,RUA SINHARINHA FROTA,-21.6047559865,-48.3677316277,OUTROS,0,0,0,0,0,0,0,0,0,0,0,15.0,0,0,Sem vítimas,False
1366542,SINISTRO NAO FATAL,2022-12-30,2022,12,30,15:03,Sexta-feira,TARDE,ESTRADAS E RODOVIAS,PUBLICO,SP  BRASIL,-21.5932636,-48.360157,COLISAO,0,1,1,0,0,0,0,0,0,1,1,15.0,1,2,Com feridos leves,False
2180526,NOTIFICACAO,2022-12-30,2022,12,30,12:53,Sexta-feira,TARDE,VIAS URBANAS,NAO DISPONIVEL,RUA SINHARINHA FROTA,-21.60475599,-48.36773163,NAO DISPONIVEL,0,0,0,0,0,0,0,0,0,0,0,12.0,0,0,Sem vítimas,False
1722877,SINISTRO NAO FATAL,2022-12-31,2022,12,31,20:20,Sábado,NOITE,VIAS URBANAS,PUBLICO,RUA ELÍAS RAIMUNDO DE BRITO,-21.61421477,-48.34929821,COLISAO,0,0,1,0,0,0,0,0,0,1,1,20.0,1,1,Com feridos leves,True
2009014,SINISTRO NAO FATAL,2022-12-31,2022,12,31,03:32,Sábado,MADRUGADA,VIAS URBANAS,PUBLICO,VIA CLITO BASTIA,-21.62319663,-48.33406198,OUTROS,0,0,1,0,0,0,0,0,1,1,0,3.0,2,1,Com feridos graves,True
1324898,SINISTRO NAO FATAL,2023-01-01,2023,1,1,06:11,Domingo,MANHA,VIAS URBANAS,PUBLICO,VICINAL MATAO P BUENO,-21.60111233,-48.38934804,COLISAO,0,0,1,0,0,0,0,0,0,1,0,6.0,1,1,Com feridos leves,True
1915739,SINISTRO NAO FATAL,2023-01-02,2023,1,2,07:09,Segunda-feira,MANHA,VIAS URBANAS,PUBLICO,AV LAERT JOSE TARALO MENDES,-21.60111233,-48.38934804,OUTROS,0,1,0,0,0,0,0,0,0,1,0,7.0,1,1,Com feridos leves,False
1958733,SINISTRO NAO FATAL,2023-01-04,2023,1,4,08:30,Quarta-feira,MANHA,ESTRADAS E RODOVIAS,PUBLICO,SP 310,-21.5551124,-48.4835021,COLISAO,0,1,0,0,1,0,0,0,1,0,2,8.0,1,2,Com feridos graves,False
1989694,NOTIFICACAO,2023-01-04,2023,1,4,10:41,Quarta-feira,MANHA,VIAS URBANAS,PUBLICO,RUA SINHARINHA FROTA,-21.60475599,-48.36773163,NAO DISPONIVEL,0,0,0,0,0,0,0,0,0,0,0,10.0,0,0,Sem vítimas,False
1559708,NOTIFICACAO,2023-01-05,2023,1,5,23:08,Quinta-feira,NOITE,VIAS URBANAS,NAO DISPONIVEL,RUA SAO LOURENCO,-21.60150932,-48.36040515,OUTROS,0,0,0,0,0,0,0,0,0,0,0,23.0,0,0,Sem vítimas,False
2062012,SINISTRO NAO FATAL,2023-01-05,2023,1,5,13:40,Quinta-feira,TARDE,ESTRADAS E RODOVIAS,PUBLICO,SP 310,-21.58300203,-48.44977046,COLISAO,0,0,2,0,0,0,0,0,0,2,0,13.0,2,2,Com feridos leves,False
2212672,NOTIFICACAO,2023-01-05,2023,1,5,15:55,Quinta-feira,TARDE,VIAS URBANAS,NAO DISPONIVEL,RUA SINHARINHA FROTA,-21.60475599,-48.36773163,OUTROS,0,0,0,0,0,0,0,0,0,0,0,15.0,0,0,Sem vítimas,False
2111223,SINISTRO NAO FATAL,2023-01-06,2023,1,6,13:12,Sexta-feira,TARDE,VIAS URBANAS,NAO DISPONIVEL,RUA JOSE DA CUNHA,-21.6317636,-48.35323686,COLISAO,0,0,1,0,0,0,0,0,0,1,3,13.0,1,1,Com feridos leves,False
2456586,SINISTRO FATAL,2023-01-07,2023,1,7,11:13,Sábado,MANHA,ESTRADAS E RODOVIAS,PUBLICO,SP 310,-21.5242703185,-48.5278453389,CHOQUE,0,0,1,0,0,0,0,1,0,0,0,11.0,1,1,Com óbito,True
1406342,NOTIFICACAO,2023-01-08,2023,1,8,13:08,Domingo,TARDE,VIAS URBANAS,PUBLICO,RUA SINHARINHA FROTA,-21.60475599,-48.36773163,OUTROS,0,0,0,0,0,0,0,0,0,0,0,13.0,0,0,Sem vítimas,True
1994856,SINISTRO NAO FATAL,2023-01-08,2023,1,8,02:52,Domingo,MADRUGADA,VIAS URBANAS,PUBLICO,AVENIDA BALDAN,-21.61844398,-48.35912109,COLISAO,0,2,1,0,0,0,0,0,1,0,3,2.0,1,3,Com feridos graves,True
1471972,SINISTRO NAO FATAL,2023-01-09,2023,1,9,19:36,Segunda-feira,NOITE,ESTRADAS E RODOVIAS,NAO DISPONIVEL,SP  BRASIL,-21.6012669,-48.3613548,COLISAO,0,0,1,0,1,0,0,0,0,1,1,19.0,1,2,Com feridos leves,False
1538116,NOTIFICACAO,2023-01-09,2023,1,9,20:40,Segunda-feira,NOITE,VIAS URBANAS,NAO DISPONIVEL,RUA RUI BARBOSA,-21.60135126,-48.36829909,OUTROS,0,0,0,0,0,0,0,0,0,0,0,20.0,0,0,Sem vítimas,False
1602764,NOTIFICACAO,2023-01-09,2023,1,9,20:40,Segunda-feira,NOITE,ESTRADAS E RODOVIAS,PUBLICO,SP 326,-21.6260395,-48.33612905,ATROPELAMENTO,0,0,0,0,0,4,0,0,0,4,0,20.0,4,0,Com feridos leves,False
1616329,SINISTRO NAO FATAL,2023-01-10,2023,1,10,22:27,Terça-feira,NOITE,VIAS URBANAS,PUBLICO,AVENIDA TROLESI,-21.6109169,-48.35101951,COLISAO,0,1,1,0,0,0,0,0,0,1,1,22.0,1,2,Com feridos leves,False
1944652,SINISTRO NAO FATAL,2023-01-11,2023,1,11,09:37,Quarta-feira,MANHA,ESTRADAS E RODOVIAS,PUBLICO,SP  BRASIL,-21.6012669,-48.3613548,OUTROS,0,0,1,0,0,0,0,0,0,0,1,9.0,0,1,Sem vítimas,False
1969455,SINISTRO NAO FATAL,2023-01-11,2023,1,11,09:35,Quarta-feira,MANHA,ESTRADAS E RODOVIAS,PUBLICO,SP 310,-21.57612714,-48.45638165,COLISAO,0,0,1,0,1,0,1,0,1,0,1,9.0,1,3,Com feridos graves,False
2099398,NOTIFICACAO,2023-01-11,2023,1,11,10:51,Quarta-feira,MANHA,VIAS URBANAS,NAO DISPONIVEL,SPITAL CARLOS FERNANDO MALZONI  AV SETE DE SET,-21.6051159,-48.3680573,OUTROS,0,0,0,0,0,0,0,0,0,0,0,10.0,0,0,Sem vítimas,False
1332253,SINISTRO NAO FATAL,2023-01-12,2023,1,12,16:43,Quinta-feira,TARDE,VIAS URBANAS,PUBLICO,RUA SINHARINHA FROTA,-21.60476423,-48.36771379,COLISAO,0,0,1,0,0,0,0,0,0,1,1,16.0,1,1,Com feridos leves,False
1372720,SINISTRO NAO FATAL,2023-01-12,2023,1,12,17:33,Quinta-feira,TARDE,VIAS URBANAS,PUBLICO,VIA NARCIZO BALDAN,-21.60770092,-48.35415934,COLISAO,0,1,1,0,0,0,0,0,1,0,1,17.0,1,2,Com feridos graves,False
1383675,NOTIFICACAO,2023-01-12,2023,1,12,17:33,Quinta-feira,TARDE,VIAS URBANAS,NAO DISPONIVEL,RUA JOAO PESSOA,-21.59896353,-48.37126361,OUTROS,0,0,0,0,0,0,0,0,0,0,0,17.0,0,0,Sem vítimas,False
1423555,SINISTRO NAO FATAL,2023-01-13,2023,1,13,17:28,Sexta-feira,TARDE,VIAS URBANAS,PUBLICO,AVENIDA TROLESI,-21.60660973,-48.34833798,COLISAO,0,1,1,0,0,0,0,0,0,1,1,17.0,1,2,Com feridos leves,False
1464297,NOTIFICACAO,2023-01-13,2023,1,13,17:41,Sexta-feira,TARDE,ESTRADAS E RODOVIAS,NAO DISPONIVEL,SP  BRASIL,-21.6012669,-48.3613548,OUTROS,0,0,0,0,0,0,0,0,0,0,0,17.0,0,0,Sem vítimas,False
1689541,SINISTRO NAO FATAL,2023-01-14,2023,1,14,19:49,Sábado,NOITE,VIAS URBANAS,NAO DISPONIVEL,VIA CLITO BASTIA,-21.62328895,-48.33318675,OUTROS,0,1,0,0,0,0,0,0,1,0,0,19.0,1,1,Com feridos graves,True
1689617,SINISTRO NAO FATAL,2023-01-14,2023,1,14,19:51,Sábado,NOITE,ESTRADAS E RODOVIAS,PUBLICO,SP  BRASIL,-21.6012669,-48.3613548,OUTROS,0,1,0,0,0,0,0,0,0,1,0,19.0,1,1,Com feridos leves,True
1718936,NOTIFICACAO,2023-01-14,2023,1,14,19:53,Sábado,NOITE,VIAS URBANAS,NAO DISPONIVEL,MATAO SENT SILVANIA,-21.60111233,-48.38934804,OUTROS,0,0,0,0,0,0,0,0,0,0,0,19.0,0,0,Sem vítimas,True
2152858,SINISTRO NAO FATAL,2023-01-14,2023,1,14,10:39,Sábado,MANHA,VIAS URBANAS,NAO DISPONIVEL,RUA PERNAMBUCO,-21.59983112,-48.34814455,COLISAO,0,1,1,0,0,0,0,0,0,1,1,10.0,1,2,Com feridos leves,True
2164215,NOTIFICACAO,2023-01-14,2023,1,14,11:07,Sábado,MANHA,VIAS URBANAS,NAO DISPONIVEL,SPITAL CARLOS FERNANDO MALZONI  AV SETE DE SET,-21.6051159,-48.3680573,OUTROS,0,0,0,0,0,0,0,0,0,0,0,11.0,0,0,Sem vítimas,True
2171750,NOTIFICACAO,2023-01-14,2023,1,14,10:23,Sábado,MANHA,VIAS URBANAS,NAO DISPONIVEL,AVENIDA MATO GROSSO,-21.59436142,-48.34600921,OUTROS,0,0,0,0,0,0,0,0,0,0,0,10.0,0,0,Sem vítimas,True
2228196,NOTIFICACAO,2023-01-14,2023,1,14,10:44,Sábado,MANHA,VIAS URBANAS,NAO DISPONIVEL,RUA PERNAMBUCO,-21.5996162,-48.34551757,NAO DISPONIVEL,0,0,0,0,0,0,0,0,0,0,0,10.0,0,0,Sem vítimas,True
1501113,SINISTRO NAO FATAL,2023-01-15,2023,1,15,12:18,Domingo,TARDE,VIAS URBANAS,PRIVADO,RUA SINHARINHA FROTA,-21.60475599,-48.36773163,OUTROS,0,1,0,0,0,0,0,0,0,1,0,12.0,1,1,Com feridos leves,True
1483252,SINISTRO NAO FATAL,2023-01-16,2023,1,16,18:25,Segunda-feira,NOITE,VIAS URBANAS,PUBLICO,RUA OTONE CORREA,-21.59039464,-48.36419418,COLISAO,0,1,1,0,0,0,0,0,0,1,1,18.0,1,2,Com feridos leves,False
1720164,SINISTRO NAO FATAL,2023-01-17,2023,1,17,04:11,Terça-feira,MADRUGADA,VIAS URBANAS,PUBLICO,SP 310,-21.6347084,-48.40003,COLISAO,0,0,1,0,1,0,1,0,0,1,1,4.0,1,3,Com feridos leves,False
2017943,NOTIFICACAO,2023-01-17,2023,1,17,11:40,Terça-feira,MANHA,VIAS URBANAS,NAO DISPONIVEL,AVENIDA MARLENE DAVID DOS SANTOS,-21.62846163,-48.33931957,NAO DISPONIVEL,0,0,0,0,0,0,0,0,0,0,0,11.0,0,0,Sem vítimas,False
2088919,SINISTRO NAO FATAL,2023-01-17,2023,1,17,11:15,Terça-feira,MANHA,VIAS URBANAS,PUBLICO,AVENIDA MARLENE DAVID DOS SANTOS,-21.62846163,-48.33931957,COLISAO,0,0,1,0,0,0,0,0,0,1,1,11.0,1,1,Com feridos leves,False
2221339,SINISTRO NAO FATAL,2023-01-17,2023,1,17,12:50,Terça-feira,TARDE,ESTRADAS E RODOVIAS,PUBLICO,SP 310,-21.55806229,-48.47873202,OUTROS,0,1,0,0,0,0,0,0,0,2,0,12.0,2,1,Com feridos leves,False
1763711,SINISTRO NAO FATAL,2023-01-19,2023,1,19,06:05,Quinta-feira,MANHA,ESTRADAS E RODOVIAS,PUBLICO,SP 310,-21.52516565,-48.52654489,CHOQUE,0,0,1,0,0,0,0,0,0,0,0,6.0,0,1,Sem vítimas,False
1619878,NOTIFICACAO,2023-01-20,2023,1,20,22:04,Sexta-feira,NOITE,VIAS URBANAS,NAO DISPONIVEL,RUA SINHARINHA FROTA,-21.60475599,-48.36773163,NAO DISPONIVEL,0,0,0,0,0,0,0,0,0,0,0,22.0,0,0,Sem vítimas,False
1369254,SINISTRO NAO FATAL,2023-01-21,2023,1,21,12:47,Sábado,TARDE,VIAS URBANAS,NAO DISPONIVEL,RUA SILVIO MOREIRA DE MELO,-21.62260533,-48.34717936,COLISAO,0,1,1,0,0,0,0,0,0,1,1,12.0,1,2,Com feridos leves,True
1416811,SINISTRO NAO FATAL,2023-01-21,2023,1,21,13:35,Sábado,TARDE,ESTRADAS E RODOVIAS,PUBLICO,SP  BRASIL,-21.5538205,-48.4848232,COLISAO,0,0,2,0,0,0,0,0,0,3,2,13.0,3,2,Com feridos leves,True
1706002,NOTIFICACAO,2023-01-22,2023,1,22,18:55,Domingo,NOITE,VIAS URBANAS,NAO DISPONIVEL,RUA SAO LOURENCO,-21.60147588,-48.36047721,NAO DISPONIVEL,0,0,0,0,0,0,0,0,0,0,0,18.0,0,0,Sem vítimas,True
1826669,NOTIFICACAO,2023-01-22,2023,1,22,21:31,Domingo,NOITE,VIAS URBANAS,NAO DISPONIVEL,SPITAL CARLOS FERNANDO MALZONI  AV SETE DE SET,-21.6051159,-48.3680573,ATROPELAMENTO,0,0,0,0,0,0,0,0,0,0,0,21.0,0,0,Sem vítimas,True
1905000,NOTIFICACAO,2023-01-23,2023,1,23,07:08,Segunda-feira,MANHA,VIAS URBANAS,NAO DISPONIVEL,RUA CESARIO MOTTA,-21.60150556,-48.37249571,OUTROS,0,0,0,0,0,0,0,0,0,0,0,7.0,0,0,Sem vítimas,False
1989965,NOTIFICACAO,2023-01-23,2023,1,23,07:24,Segunda-feira,MANHA,VIAS URBANAS,NAO DISPONIVEL,RUA CESARIO MOTTA,-21.60569326,-48.36346738,ATROPELAMENTO,0,0,0,0,0,0,0,0,0,0,0,7.0,0,0,Sem vítimas,False
1323508,SINISTRO NAO FATAL,2023-01-25,2023,1,25,15:13,Quarta-feira,TARDE,VIAS URBANAS,PUBLICO,RUA ANTÔNIO BOVO,-21.61613002,-48.35873662,COLISAO,0,0,2,0,0,0,0,0,0,3,0,15.0,3,2,Com feridos leves,False
1994015,SINISTRO NAO FATAL,2023-01-26,2023,1,26,08:06,Quinta-feira,MANHA,VIAS URBANAS,PUBLICO,RUA ELÍAS RAIMUNDO DE BRITO,-21.62033344,-48.34427324,NAO DISPONIVEL,0,1,1,0,0,0,0,0,0,1,1,8.0,1,2,Com feridos leves,False
2113332,SINISTRO NAO FATAL,2023-01-26,2023,1,26,11:00,Quinta-feira,MANHA,VIAS URBANAS,PUBLICO,AVENIDA FRANCISCO MASTROPIETRO,-21.59536067,-48.34388214,COLISAO,0,0,1,0,0,0,0,0,0,1,0,11.0,1,1,Com feridos leves,False
1376363,NOTIFICACAO,2023-01-27,2023,1,27,17:22,Sexta-feira,TARDE,VIAS URBANAS,NAO DISPONIVEL,RUA JOSE GONCALVES,-21.60391437,-48.38517392,OUTROS,0,0,0,0,0,0,0,0,0,0,0,17.0,0,0,Sem vítimas,False
1894359,SINISTRO NAO FATAL,2023-01-27,2023,1,27,06:20,Sexta-feira,MANHA,VIAS URBANAS,PUBLICO,AVENIDA BALDAN,-21.61032578,-48.37673105,COLISAO,0,1,1,0,0,0,0,0,0,1,1,6.0,1,2,Com feridos leves,False
1640780,SINISTRO NAO FATAL,2023-01-28,2023,1,28,17:43,Sábado,TARDE,VIAS URBANAS,PUBLICO,RUA JOSE GONCALVES,-21.60341099,-48.3903756,CHOQUE,0,0,1,0,0,0,0,0,0,1,1,17.0,1,1,Com feridos leves,True
1669219,NOTIFICACAO,2023-01-28,2023,1,28,18:58,Sábado,NOITE,VIAS URBANAS,NAO DISPONIVEL,PRONTO ATENDIMENTO 24 HORAS MATÃO  UNIMED ARARAQU,-21.6089,-48.3662071,ATROPELAMENTO,0,0,0,0,0,0,0,0,0,0,0,18.0,0,0,Sem vítimas,True
1839370,NOTIFICACAO,2023-01-28,2023,1,28,23:37,Sábado,NOITE,VIAS URBANAS,NAO DISPONIVEL,AVENIDA BALDAN,-21.61032578,-48.37673105,OUTROS,0,0,0,0,0,0,0,0,0,0,0,23.0,0,0,Sem vítimas,True
1530468,SINISTRO NAO FATAL,2023-01-29,2023,1,29,15:42,Domingo,TARDE,VIAS URBANAS,PUBLICO,SPITAL CARLOS FERNANDO MALZONI  AV SETE DE SET,-21.6051159,-48.3680573,OUTROS,0,1,0,0,0,0,0,0,0,1,0,15.0,1,1,Com feridos leves,True
1278970,NOTIFICACAO,2023-01-30,2023,1,30,14:20,Segunda-feira,TARDE,VIAS URBANAS,NAO DISPONIVEL,AVENIDA SETE DE SETEMBRO,-21.59842725,-48.36294767,ATROPELAMENTO,0,0,0,0,0,0,0,0,0,0,0,14.0,0,0,Sem vítimas,False
1550794,SINISTRO NAO FATAL,2023-01-30,2023,1,30,17:35,Segunda-feira,TARDE,VIAS URBANAS,PUBLICO,RUA RUI BARBOSA,-21.60135126,-48.36829909,OUTROS,0,1,0,0,0,0,0,0,1,0,0,17.0,1,1,Com feridos graves,False
1445348,SINISTRO NAO FATAL,2023-01-31,2023,1,31,19:05,Terça-feira,NOITE,ESTRADAS E RODOVIAS,PUBLICO,SP  BRASIL,-21.6012669,-48.3613548,CHOQUE,0,0,0,0,0,0,1,0,0,2,0,19.0,2,1,Com feridos leves,False
2177676,NOTIFICACAO,2023-01-31,2023,1,31,13:46,Terça-feira,TARDE,VIAS URBANAS,NAO DISPONIVEL,RUA SINHARINHA FROTA,-21.60475599,-48.36773163,NAO DISPONIVEL,0,0,0,0,0,0,0,0,0,0,0,13.0,0,0,Sem vítimas,False
1327321,SINISTRO NAO FATAL,2023-02-01,2023,2,1,17:21,Quarta-feira,TARDE,VIAS URBANAS,PUBLICO,RUA SAO LOURENCO,-21.60044064,-48.36288336,COLISAO,0,1,1,0,0,0,0,0,0,1,1,17.0,1,2,Com feridos leves,False
1417191,NOTIFICACAO,2023-02-01,2023,2,1,18:58,Quarta-feira,NOITE,VIAS URBANAS,NAO DISPONIVEL,SPITAL CARLOS FERNANDO MALZONI  AV SETE DE SET,-21.6051159,-48.3680573,NAO DISPONIVEL,0,0,0,0,0,0,0,0,0,0,0,18.0,0,0,Sem vítimas,False
1442655,NOTIFICACAO,2023-02-01,2023,2,1,19:16,Quarta-feira,NOITE,VIAS URBANAS,NAO DISPONIVEL,AVENIDA PADRE NELSON ANTONIO ROMAO,-21.61003083,-48.36413105,OUTROS,0,0,0,0,0,0,0,0,0,0,0,19.0,0,0,Sem vítimas,False
2019607,SINISTRO NAO FATAL,2023-02-02,2023,2,2,09:21,Quinta-feira,MANHA,VIAS URBANAS,PUBLICO,AVENIDA BALDAN,-21.61032578,-48.37673105,CHOQUE,0,0,1,0,0,0,0,0,0,1,0,9.0,1,1,Com feridos leves,False
1458741,NOTIFICACAO,2023-02-03,2023,2,3,17:57,Sexta-feira,TARDE,VIAS URBANAS,NAO DISPONIVEL,AVENIDA ARARAQUARA,-21.61324148,-48.35827765,OUTROS,0,0,0,0,0,0,0,0,0,0,0,17.0,0,0,Sem vítimas,False
1465559,NOTIFICACAO,2023-02-03,2023,2,3,17:53,Sexta-feira,TARDE,VIAS URBANAS,NAO DISPONIVEL,RUA RUI BARBOSA,-21.60135126,-48.36829909,OUTROS,0,0,0,0,0,0,0,0,0,0,0,17.0,0,0,Sem vítimas,False
2140564,NOTIFICACAO,2023-02-04,2023,2,4,09:18,Sábado,MANHA,VIAS URBANAS,NAO DISPONIVEL,RUA SINHARINHA FROTA,-21.60475599,-48.36773163,NAO DISPONIVEL,0,0,0,0,0,0,0,0,0,0,0,9.0,0,0,Sem vítimas,True
1796420,SINISTRO NAO FATAL,2023-02-05,2023,2,5,22:30,Domingo,NOITE,VIAS URBANAS,PUBLICO,AVENIDA BALDAN,-21.61032578,-48.37673105,COLISAO,0,1,1,0,0,0,0,0,0,1,1,22.0,1,2,Com feridos leves,True
1936893,NOTIFICACAO,2023-02-06,2023,2,6,07:48,Segunda-feira,MANHA,VIAS URBANAS,NAO DISPONIVEL,RUA SINHARINHA FROTA,-21.60475599,-48.36773163,OUTROS,0,0,0,0,0,0,0,0,0,0,0,7.0,0,0,Sem vítimas,False
1982569,SINISTRO NAO FATAL,2023-02-06,2023,2,6,09:47,Segunda-feira,MANHA,VIAS URBANAS,PUBLICO,RUA CONSTANTINO BASTIA,-21.60216965,-48.37776418,ATROPELAMENTO,0,0,1,0,0,1,0,0,0,1,1,9.0,1,1,Com feridos leves,False
2039639,NOTIFICACAO,2023-02-06,2023,2,6,09:31,Segunda-feira,MANHA,VIAS URBANAS,NAO DISPONIVEL,RUA SINHARINHA FROTA,-21.60475599,-48.36773163,NAO DISPONIVEL,0,0,0,0,0,0,0,0,0,0,0,9.0,0,0,Sem vítimas,False
2220842,NOTIFICACAO,2023-02-07,2023,2,7,13:55,Terça-feira,TARDE,VIAS URBANAS,NAO DISPONIVEL,RUA SAO LOURENCO,-21.59561159,-48.37087713,OUTROS,0,0,0,0,0,0,0,0,0,0,0,13.0,0,0,Sem vítimas,False
2058095,SINISTRO NAO FATAL,2023-02-08,2023,2,8,11:55,Quarta-feira,MANHA,VIAS URBANAS,PUBLICO,VIA ORLANDO JOSE SCUTTI,-21.62512965,-48.35462913,OUTROS,0,1,0,0,0,0,0,0,0,1,0,11.0,1,1,Com feridos leves,False
2456445,SINISTRO FATAL,2023-02-08,2023,2,8,16:45,Quarta-feira,TARDE,VIAS URBANAS,PUBLICO,AVENIDA ALBERTO BENASSI,-21.6147000412,-48.3638416026,COLISAO,0,2,0,0,0,0,0,1,0,0,0,16.0,1,2,Com óbito,False
1478118,SINISTRO NAO FATAL,2023-02-09,2023,2,9,18:20,Quinta-feira,NOITE,VIAS URBANAS,NAO DISPONIVEL,AVENIDA BORTOLO BIAVA,-21.60900328,-48.36161808,COLISAO,0,1,1,0,0,0,0,0,0,1,1,18.0,1,2,Com feridos leves,False
1969540,SINISTRO NAO FATAL,2023-02-09,2023,2,9,08:33,Quinta-feira,MANHA,VIAS URBANAS,PUBLICO,VIA CAL FISHER,-21.59855126,-48.37138209,COLISAO,0,0,1,0,1,0,0,0,0,1,1,8.0,1,2,Com feridos leves,False
1773015,NOTIFICACAO,2023-02-10,2023,2,10,04:09,Sexta-feira,MADRUGADA,VIAS URBANAS,NAO DISPONIVEL,AVENIDA LUDWIG ECKES,-21.58827496,-48.37633651,OUTROS,0,0,0,0,0,0,0,0,0,0,0,4.0,0,0,Sem vítimas,False
1919892,SINISTRO NAO FATAL,2023-02-10,2023,2,10,07:32,Sexta-feira,MANHA,VIAS URBANAS,PUBLICO,AVENIDA PROF LAERT J T MENDES,-21.60135126,-48.36829909,OUTROS,0,1,0,0,0,0,0,0,0,1,0,7.0,1,1,Com feridos leves,False
1970073,NOTIFICACAO,2023-02-10,2023,2,10,09:15,Sexta-feira,MANHA,VIAS URBANAS,NAO DISPONIVEL,RUA SINHARINHA FROTA,-21.60475599,-48.36773163,OUTROS,0,0,0,0,0,0,0,0,0,0,0,9.0,0,0,Sem vítimas,False
2053738,NOTIFICACAO,2023-02-11,2023,2,11,09:04,Sábado,MANHA,VIAS URBANAS,NAO DISPONIVEL,AVENIDA TROLESI,-21.61255831,-48.35148202,OUTROS,0,0,0,0,0,0,0,0,0,0,0,9.0,0,0,Sem vítimas,True
2092654,SINISTRO NAO FATAL,2023-02-11,2023,2,11,09:06,Sábado,MANHA,VIAS URBANAS,PUBLICO,RUA SINHARINHA FROTA,-21.61255831,-48.35148202,COLISAO,0,0,2,0,0,0,0,0,0,1,1,9.0,1,2,Com feridos leves,True
2166482,NOTIFICACAO,2023-02-11,2023,2,11,09:21,Sábado,MANHA,VIAS URBANAS,NAO DISPONIVEL,AVENIDA TROLESI,-21.6109169,-48.35101951,OUTROS,0,0,0,0,0,0,0,0,0,0,0,9.0,0,0,Sem vítimas,True
2182813,NOTIFICACAO,2023-02-11,2023,2,11,09:57,Sábado,MANHA,VIAS URBANAS,NAO DISPONIVEL,RUA SINHARINHA FROTA,-21.60475599,-48.36773163,OUTROS,0,0,0,0,0,0,0,0,0,0,0,9.0,0,0,Sem vítimas,True
1362547,NOTIFICACAO,2023-02-12,2023,2,12,11:50,Domingo,MANHA,VIAS URBANAS,NAO DISPONIVEL,RUA SINHARINHA FROTA,-21.60475599,-48.36773163,NAO DISPONIVEL,0,0,0,0,0,0,0,0,0,0,0,11.0,0,0,Sem vítimas,True
1576276,NOTIFICACAO,2023-02-12,2023,2,12,15:32,Domingo,TARDE,VIAS URBANAS,NAO DISPONIVEL,AVENIDA ANGELIM RE,-21.60003504,-48.38219728,OUTROS,0,0,0,0,0,0,0,0,0,0,0,15.0,0,0,Sem vítimas,True
1638528,NOTIFICACAO,2023-02-12,2023,2,12,16:20,Domingo,TARDE,ESTRADAS E RODOVIAS,NAO DISPONIVEL,SP  BRASIL,-21.6012669,-48.3613548,NAO DISPONIVEL,0,0,0,0,0,0,0,0,0,0,0,16.0,0,0,Sem vítimas,True
1716543,NOTIFICACAO,2023-02-12,2023,2,12,19:13,Domingo,NOITE,VIAS URBANAS,NAO DISPONIVEL,RUA PRUDENTE DE MORAES,-21.60722376,-48.34946495,NAO DISPONIVEL,0,0,0,0,0,0,0,0,0,0,0,19.0,0,0,Sem vítimas,True
2227227,SINISTRO NAO FATAL,2023-02-12,2023,2,12,08:50,Domingo,MANHA,ESTRADAS E RODOVIAS,PUBLICO,SP 326,-21.59023375,-48.33433738,OUTROS,0,0,1,0,0,0,0,0,0,1,1,8.0,1,1,Com feridos leves,True
1883270,SINISTRO NAO FATAL,2023-02-14,2023,2,14,08:06,Terça-feira,MANHA,VIAS URBANAS,PUBLICO,RUA SINHARINHA FROTA,-21.60475599,-48.36773163,OUTROS,0,1,0,0,0,0,0,0,0,1,0,8.0,1,1,Com feridos leves,False
1492190,SINISTRO NAO FATAL,2023-02-15,2023,2,15,18:24,Quarta-feira,NOITE,VIAS URBANAS,PUBLICO,AVENIDA TROLESI,-21.61255831,-48.35148202,COLISAO,0,1,1,0,0,0,0,0,0,1,1,18.0,1,2,Com feridos leves,False
1950923,SINISTRO NAO FATAL,2023-02-15,2023,2,15,08:11,Quarta-feira,MANHA,VIAS URBANAS,PUBLICO,AVENIDA TROLESI,-21.61025396,-48.35067163,OUTROS,0,0,1,0,0,0,0,0,0,1,0,8.0,1,1,Com feridos leves,False
1581967,SINISTRO NAO FATAL,2023-02-16,2023,2,16,18:15,Quinta-feira,NOITE,ESTRADAS E RODOVIAS,PUBLICO,SP 326,-21.6260395,-48.33612905,COLISAO,0,1,1,0,0,0,0,0,0,1,1,18.0,1,2,Com feridos leves,False
1610122,NOTIFICACAO,2023-02-16,2023,2,16,20:30,Quinta-feira,NOITE,VIAS URBANAS,NAO DISPONIVEL,PRONTO ATENDIMENTO 24 HORAS MATÃO  UNIMED ARARAQU,-21.6089,-48.3662071,NAO DISPONIVEL,0,0,0,0,0,0,0,0,0,0,0,20.0,0,0,Sem vítimas,False
1669918,SINISTRO NAO FATAL,2023-02-17,2023,2,17,20:52,Sexta-feira,NOITE,VIAS URBANAS,PUBLICO,AVENIDA FRANCISCO MASTROPIETRO,-21.58773284,-48.35891147,COLISAO,0,1,1,0,0,0,0,0,0,1,1,20.0,1,2,Com feridos leves,False
1820993,SINISTRO NAO FATAL,2023-02-17,2023,2,17,04:15,Sexta-feira,MADRUGADA,ESTRADAS E RODOVIAS,PUBLICO,SP 310,-21.52516565,-48.52654489,COLISAO,0,0,0,0,2,0,1,0,0,1,2,4.0,1,3,Com feridos leves,False
1583565,SINISTRO NAO FATAL,2023-02-18,2023,2,18,16:00,Sábado,TARDE,ESTRADAS E RODOVIAS,PUBLICO,SP 310,-21.5735297,-48.4574621,OUTROS,0,1,0,0,0,0,0,0,0,1,1,16.0,1,1,Com feridos leves,True
2046662,NOTIFICACAO,2023-02-20,2023,2,20,09:07,Segunda-feira,MANHA,VIAS URBANAS,NAO DISPONIVEL,DO TRABALHADOR,-21.60111233,-48.38934804,OUTROS,0,0,0,0,0,0,0,0,0,0,0,9.0,0,0,Sem vítimas,False
2051733,SINISTRO NAO FATAL,2023-02-20,2023,2,20,09:15,Segunda-feira,MANHA,VIAS URBANAS,NAO DISPONIVEL,RUA CASTRO ALVES,-21.59963669,-48.35957118,ATROPELAMENTO,0,0,0,0,1,1,0,0,1,0,2,9.0,1,1,Com feridos graves,False
1447874,SINISTRO NAO FATAL,2023-02-23,2023,2,23,18:38,Quinta-feira,NOITE,ESTRADAS E RODOVIAS,PUBLICO,SP 326,-21.68865228,-48.33856218,OUTROS,0,1,0,0,0,0,0,0,0,1,0,18.0,1,1,Com feridos leves,False
1869059,NOTIFICACAO,2023-02-23,2023,2,23,09:37,Quinta-feira,MANHA,VIAS URBANAS,NAO DISPONIVEL,AVENIDA JOSE ENGE,-21.60842053,-48.35641823,OUTROS,0,0,0,0,0,0,0,0,0,0,0,9.0,0,0,Sem vítimas,False
2125172,NOTIFICACAO,2023-02-24,2023,2,24,12:11,Sexta-feira,TARDE,VIAS URBANAS,NAO DISPONIVEL,AVENIDA SAO PAULO,-21.59060175,-48.34879932,OUTROS,0,0,0,0,0,0,0,0,0,0,0,12.0,0,0,Sem vítimas,False
2164851,SINISTRO NAO FATAL,2023-02-24,2023,2,24,12:07,Sexta-feira,TARDE,ESTRADAS E RODOVIAS,PUBLICO,SP  BRASIL,-21.6012669,-48.3613548,COLISAO,0,1,1,0,0,0,0,0,0,1,1,12.0,1,2,Com feridos leves,False
1264536,NOTIFICACAO,2023-02-25,2023,2,25,11:38,Sábado,MANHA,VIAS URBANAS,PUBLICO,RUA SINHARINHA FROTA,-21.60475599,-48.36773163,ATROPELAMENTO,0,0,0,0,0,1,0,0,0,0,1,11.0,0,0,Sem vítimas,True
1559720,NOTIFICACAO,2023-02-26,2023,2,26,14:40,Domingo,TARDE,VIAS URBANAS,NAO DISPONIVEL,VIA CLITO BASTIA,-21.62290619,-48.33411401,OUTROS,0,0,0,0,0,0,0,0,0,0,0,14.0,0,0,Sem vítimas,True
1569236,NOTIFICACAO,2023-02-26,2023,2,26,14:29,Domingo,TARDE,ESTRADAS E RODOVIAS,NAO DISPONIVEL,SP  BRASIL,-21.6012669,-48.3613548,OUTROS,0,0,0,0,0,0,0,0,0,0,0,14.0,0,0,Sem vítimas,True
1581374,SINISTRO NAO FATAL,2023-02-26,2023,2,26,14:28,Domingo,TARDE,ESTRADAS E RODOVIAS,PUBLICO,SP  BRASIL,-21.6242565,-48.3266343,COLISAO,0,1,1,0,0,0,0,0,0,1,2,14.0,1,2,Com feridos leves,True
1398730,SINISTRO NAO FATAL,2023-02-28,2023,2,28,17:51,Terça-feira,TARDE,VIAS URBANAS,PUBLICO,AVENIDA VINTE E OITO DE AGOSTO,-21.609963,-48.3659261,COLISAO,0,1,1,0,0,0,0,0,0,1,1,17.0,1,2,Com feridos leves,False
1514229,SINISTRO NAO FATAL,2023-02-28,2023,2,28,19:53,Terça-feira,NOITE,VIAS URBANAS,PUBLICO,RUA SAO LOURENCO,-21.60191954,-48.35514518,COLISAO,0,1,1,0,0,0,0,0,0,1,1,19.0,1,2,Com feridos leves,False
2057038,SINISTRO NAO FATAL,2023-03-01,2023,3,1,12:10,Quarta-feira,TARDE,VIAS URBANAS,PUBLICO,AVENIDA QUINZE DE NOVEMBRO,-21.60004212,-48.36267271,COLISAO,0,1,1,0,0,0,0,0,0,1,2,12.0,1,2,Com feridos leves,False
1502880,SINISTRO NAO FATAL,2023-03-02,2023,3,2,18:59,Quinta-feira,NOITE,VIAS URBANAS,PUBLICO,RUA JABOTICABAL,-21.60840151,-48.35093924,OUTROS,1,0,0,0,1,0,0,0,1,0,1,18.0,1,2,Com feridos graves,False
2108130,SINISTRO NAO FATAL,2023-03-02,2023,3,2,11:45,Quinta-feira,MANHA,VIAS URBANAS,PUBLICO,RUA ONZE,-21.5465368,-48.4960443,CHOQUE,0,0,0,0,1,0,1,0,0,1,1,11.0,1,2,Com feridos leves,False
2250793,NOTIFICACAO,2023-03-02,2023,3,2,14:23,Quinta-feira,TARDE,VIAS URBANAS,NAO DISPONIVEL,RUA SINHARINHA FROTA,-21.60475599,-48.36773163,OUTROS,0,0,0,0,0,0,0,0,0,0,0,14.0,0,0,Sem vítimas,False
1898957,SINISTRO NAO FATAL,2023-03-03,2023,3,3,07:04,Sexta-feira,MANHA,VIAS URBANAS,PUBLICO,AVENIDA BALDAN,-21.61790471,-48.36029444,COLISAO,0,1,1,0,0,0,0,0,0,1,1,7.0,1,2,Com feridos leves,False
1971141,NOTIFICACAO,2023-03-03,2023,3,3,07:21,Sexta-feira,MANHA,VIAS URBANAS,NAO DISPONIVEL,AVENIDA BALDAN,-21.61262645,-48.37172443,OUTROS,0,0,0,0,0,0,0,0,0,0,0,7.0,0,0,Sem vítimas,False
1982127,SINISTRO NAO FATAL,2023-03-03,2023,3,3,09:09,Sexta-feira,MANHA,VIAS URBANAS,PUBLICO,AVENIDA PADRE NELSON ANTONIO ROMAO,-21.60732644,-48.36203016,COLISAO,0,1,1,0,0,0,0,0,0,1,2,9.0,1,2,Com feridos leves,False
1652006,NOTIFICACAO,2023-03-04,2023,3,4,00:58,Sábado,MADRUGADA,ESTRADAS E RODOVIAS,NAO DISPONIVEL,SP 310,-21.54163886,-48.50265974,OUTROS,0,0,0,0,0,0,0,0,0,0,0,0.0,0,0,Sem vítimas,True
1711419,NOTIFICACAO,2023-03-04,2023,3,4,21:13,Sábado,NOITE,VIAS URBANAS,NAO DISPONIVEL,"DISTRITO DE SILVÂNIA  AV PADRE BASTIA, 10",-21.6398182,-48.29603,OUTROS,0,0,0,0,0,0,0,0,0,0,0,21.0,0,0,Sem vítimas,True
1752337,SINISTRO NAO FATAL,2023-03-04,2023,3,4,21:01,Sábado,NOITE,VIAS URBANAS,PUBLICO,VIA CLITO BASTIA,-21.623781,-48.32849829,COLISAO,0,1,1,0,0,0,0,0,0,1,1,21.0,1,2,Com feridos leves,True
2118242,NOTIFICACAO,2023-03-04,2023,3,4,09:56,Sábado,MANHA,VIAS URBANAS,NAO DISPONIVEL,DE MATAO A SILVANIA,-21.60111233,-48.38934804,OUTROS,0,0,0,0,0,0,0,0,0,0,0,9.0,0,0,Sem vítimas,True
1741189,SINISTRO NAO FATAL,2023-03-05,2023,3,5,21:02,Domingo,NOITE,VIAS URBANAS,PUBLICO,RUA AMERICO VEZZANI,-21.58578272,-48.36926532,ATROPELAMENTO,0,0,1,0,0,2,0,0,0,2,1,21.0,2,1,Com feridos leves,True
1750554,SINISTRO NAO FATAL,2023-03-05,2023,3,5,20:38,Domingo,NOITE,VIAS URBANAS,PUBLICO,RUA RUI BARBOSA,-21.6238794,-48.3279394,COLISAO,0,0,2,0,0,0,0,0,0,3,3,20.0,3,2,Com feridos leves,True
1794157,NOTIFICACAO,2023-03-05,2023,3,5,21:05,Domingo,NOITE,VIAS URBANAS,NAO DISPONIVEL,RUA AMERICO VEZZANI,-21.58602849,-48.37188016,OUTROS,0,0,0,0,0,0,0,0,0,0,0,21.0,0,0,Sem vítimas,True
1455059,SINISTRO NAO FATAL,2023-03-06,2023,3,6,18:57,Segunda-feira,NOITE,VIAS URBANAS,PUBLICO,AVENIDA RINCAO,-21.61679091,-48.35205275,COLISAO,0,1,1,0,0,0,0,0,0,2,1,18.0,2,2,Com feridos leves,False
1412308,NOTIFICACAO,2023-03-07,2023,3,7,18:28,Terça-feira,NOITE,VIAS URBANAS,NAO DISPONIVEL,AVENIDA BALDAN,-21.61032578,-48.37673105,OUTROS,0,0,0,0,0,0,0,0,0,0,0,18.0,0,0,Sem vítimas,False
2071050,SINISTRO NAO FATAL,2023-03-07,2023,3,7,11:08,Terça-feira,MANHA,VIAS URBANAS,PUBLICO,RUA OTONE CORREA,-21.59289198,-48.35774278,COLISAO,0,1,1,0,0,0,0,0,1,0,2,11.0,1,2,Com feridos graves,False
1898080,NOTIFICACAO,2023-03-09,2023,3,9,07:09,Quinta-feira,MANHA,ESTRADAS E RODOVIAS,NAO DISPONIVEL,SP 310,-21.65175001,-48.38365554,OUTROS,0,0,0,0,0,0,0,0,0,0,0,7.0,0,0,Sem vítimas,False
1426327,NOTIFICACAO,2023-03-10,2023,3,10,17:35,Sexta-feira,TARDE,ESTRADAS E RODOVIAS,NAO DISPONIVEL,SP 373,-21.68865228,-48.33856218,OUTROS,0,0,0,0,0,0,0,0,0,0,0,17.0,0,0,Sem vítimas,False
1709600,SINISTRO NAO FATAL,2023-03-10,2023,3,10,02:30,Sexta-feira,MADRUGADA,ESTRADAS E RODOVIAS,PUBLICO,SP 326,-21.57232923,-48.33347645,COLISAO,0,0,0,0,2,0,1,0,1,0,1,2.0,1,3,Com feridos graves,False
2182164,NOTIFICACAO,2023-03-10,2023,3,10,12:39,Sexta-feira,TARDE,VIAS URBANAS,NAO DISPONIVEL,AVENIDA CAMPOS SALLES,-21.60311459,-48.36762594,OUTROS,0,0,0,0,0,0,0,0,0,0,0,12.0,0,0,Sem vítimas,False
1291445,SINISTRO NAO FATAL,2023-03-11,2023,3,11,12:47,Sábado,TARDE,ESTRADAS E RODOVIAS,PUBLICO,SP  BRASIL,-21.6012669,-48.3613548,CHOQUE,0,0,1,0,0,0,0,0,0,1,0,12.0,1,1,Com feridos leves,True
1297663,NOTIFICACAO,2023-03-11,2023,3,11,12:49,Sábado,TARDE,ESTRADAS E RODOVIAS,NAO DISPONIVEL,SP 310,-21.58983385,-48.44310809,OUTROS,0,0,0,0,0,0,0,0,0,0,0,12.0,0,0,Sem vítimas,True
1829068,SINISTRO NAO FATAL,2023-03-12,2023,3,12,23:57,Domingo,NOITE,VIAS URBANAS,PUBLICO,RUA AMERICO VEZZANI,-21.5859471,-48.37101423,COLISAO,0,0,0,0,1,0,0,0,0,1,4,23.0,1,1,Com feridos leves,True
1554651,SINISTRO NAO FATAL,2023-03-13,2023,3,13,20:48,Segunda-feira,NOITE,VIAS URBANAS,PUBLICO,AVENIDA SAO PAULO,-21.6005275,-48.35138095,CHOQUE,0,0,1,0,0,0,0,0,0,1,0,20.0,1,1,Com feridos leves,False
1555500,SINISTRO NAO FATAL,2023-03-13,2023,3,13,20:46,Segunda-feira,NOITE,VIAS URBANAS,PUBLICO,RUA SAO LOURENCO,-21.5990652,-48.3664754,COLISAO,0,0,2,0,0,0,0,0,0,1,1,20.0,1,2,Com feridos leves,False
1615636,SINISTRO NAO FATAL,2023-03-13,2023,3,13,21:05,Segunda-feira,NOITE,ESTRADAS E RODOVIAS,PUBLICO,SP  BRASIL,-21.6012669,-48.3613548,OUTROS,0,1,0,0,0,0,0,0,0,1,0,21.0,1,1,Com feridos leves,False
1453715,NOTIFICACAO,2023-03-14,2023,3,14,19:16,Terça-feira,NOITE,VIAS URBANAS,NAO DISPONIVEL,RUA SINHARINHA FROTA,-21.60475599,-48.36773163,OUTROS,0,0,0,0,0,0,0,0,0,0,0,19.0,0,0,Sem vítimas,False
2163504,NOTIFICACAO,2023-03-15,2023,3,15,15:13,Quarta-feira,TARDE,VIAS URBANAS,NAO DISPONIVEL,RUA SAO LOURENCO,-21.59516303,-48.37338315,ATROPELAMENTO,0,0,0,0,0,0,0,0,0,0,0,15.0,0,0,Sem vítimas,False
2164657,SINISTRO NAO FATAL,2023-03-15,2023,3,15,15:01,Quarta-feira,TARDE,VIAS URBANAS,PUBLICO,RUA SINHARINHA FROTA,-21.60475599,-48.36773163,ATROPELAMENTO,0,0,1,0,0,1,0,0,0,1,1,15.0,1,1,Com feridos leves,False
2207646,NOTIFICACAO,2023-03-15,2023,3,15,15:27,Quarta-feira,TARDE,VIAS URBANAS,NAO DISPONIVEL,RUA SAO LOURENCO,-21.60209126,-48.35610174,NAO DISPONIVEL,0,0,0,0,0,0,0,0,0,0,0,15.0,0,0,Sem vítimas,False
2217837,NOTIFICACAO,2023-03-15,2023,3,15,15:46,Quarta-feira,TARDE,VIAS URBANAS,NAO DISPONIVEL,RUA SINHARINHA FROTA,-21.60475599,-48.36773163,ATROPELAMENTO,0,0,0,0,0,0,0,0,0,0,0,15.0,0,0,Sem vítimas,False
1466195,NOTIFICACAO,2023-03-16,2023,3,16,18:00,Quinta-feira,NOITE,VIAS URBANAS,NAO DISPONIVEL,RUA SAO LOURENCO,-21.60427276,-48.3476183,OUTROS,0,0,0,0,0,0,0,0,0,0,0,18.0,0,0,Sem vítimas,False
1485517,NOTIFICACAO,2023-03-16,2023,3,16,18:22,Quinta-feira,NOITE,VIAS URBANAS,NAO DISPONIVEL,RUA SAO LOURENCO,-21.60147588,-48.36047721,NAO DISPONIVEL,0,0,0,0,0,0,0,0,0,0,0,18.0,0,0,Sem vítimas,False
1657915,SINISTRO NAO FATAL,2023-03-16,2023,3,16,21:22,Quinta-feira,NOITE,VIAS URBANAS,PUBLICO,AVENIDA FRANCISCO MASTROPIETRO,-21.59576362,-48.34302437,COLISAO,0,1,0,0,0,0,0,0,1,1,0,21.0,2,1,Com feridos graves,False
1716588,NOTIFICACAO,2023-03-16,2023,3,16,23:31,Quinta-feira,NOITE,VIAS URBANAS,NAO DISPONIVEL,RUA SINHARINHA FROTA,-21.60475599,-48.36773163,NAO DISPONIVEL,0,0,0,0,0,0,0,0,0,0,0,23.0,0,0,Sem vítimas,False
1778788,SINISTRO NAO FATAL,2023-03-17,2023,3,17,23:25,Sexta-feira,NOITE,VIAS URBANAS,PUBLICO,ESTRADA DOBRADA  MATÃO,-21.58473217,-48.36863907,OUTROS,0,1,0,0,0,0,0,0,0,1,0,23.0,1,1,Com feridos leves,False
1787110,NOTIFICACAO,2023-03-17,2023,3,17,23:54,Sexta-feira,NOITE,VIAS URBANAS,NAO DISPONIVEL,FRENTE AO CB,-21.60111233,-48.38934804,OUTROS,0,0,0,0,0,0,0,0,0,0,0,23.0,0,0,Sem vítimas,False
1955694,NOTIFICACAO,2023-03-17,2023,3,17,07:37,Sexta-feira,MANHA,VIAS URBANAS,NAO DISPONIVEL,RUA SINHARINHA FROTA,-21.60475599,-48.36773163,NAO DISPONIVEL,0,0,0,0,0,0,0,0,0,0,0,7.0,0,0,Sem vítimas,False
1373286,SINISTRO NAO FATAL,2023-03-18,2023,3,18,12:42,Sábado,TARDE,VIAS URBANAS,PUBLICO,SPITAL CARLOS FERNANDO MALZONI  AV SETE DE SET,-21.6051159,-48.3680573,COLISAO,0,0,1,0,0,0,0,0,0,1,1,12.0,1,1,Com feridos leves,True
1664131,NOTIFICACAO,2023-03-20,2023,3,20,21:10,Segunda-feira,NOITE,VIAS URBANAS,NAO DISPONIVEL,PRONTO ATENDIMENTO 24 HORAS MATÃO  UNIMED ARARAQU,-21.6089,-48.3662071,ATROPELAMENTO,0,0,0,0,0,0,0,0,0,0,0,21.0,0,0,Sem vítimas,False
2201812,SINISTRO NAO FATAL,2023-03-20,2023,3,20,12:20,Segunda-feira,TARDE,ESTRADAS E RODOVIAS,NAO DISPONIVEL,SP  BRASIL,-21.6012669,-48.3613548,COLISAO,0,1,0,1,0,0,0,0,0,1,1,12.0,1,2,Com feridos leves,False
1887945,SINISTRO NAO FATAL,2023-03-21,2023,3,21,07:02,Terça-feira,MANHA,ESTRADAS E RODOVIAS,PUBLICO,SP  BRASIL,-21.6012669,-48.3613548,COLISAO,0,1,1,0,0,0,0,0,1,1,1,7.0,2,2,Com feridos graves,False
2005522,NOTIFICACAO,2023-03-21,2023,3,21,09:35,Terça-feira,MANHA,VIAS URBANAS,NAO DISPONIVEL,RUA SINHARINHA FROTA,-21.60475599,-48.36773163,NAO DISPONIVEL,0,0,0,0,0,0,0,0,0,0,0,9.0,0,0,Sem vítimas,False
2088676,SINISTRO NAO FATAL,2023-03-21,2023,3,21,11:43,Terça-feira,MANHA,VIAS URBANAS,PUBLICO,RUA PRUDENTE DE MORAES,-21.59969849,-48.36741071,COLISAO,0,1,2,0,0,0,0,0,0,1,2,11.0,1,3,Com feridos leves,False
1269793,NOTIFICACAO,2023-03-22,2023,3,22,15:11,Quarta-feira,TARDE,VIAS URBANAS,NAO DISPONIVEL,RUA SINHARINHA FROTA,-21.60475599,-48.36773163,OUTROS,0,0,0,0,0,0,0,0,0,0,0,15.0,0,0,Sem vítimas,False
1296197,NOTIFICACAO,2023-03-22,2023,3,22,15:32,Quarta-feira,TARDE,VIAS URBANAS,NAO DISPONIVEL,AVENIDA TROLESI,-21.61255831,-48.35148202,OUTROS,0,0,0,0,0,0,0,0,0,0,0,15.0,0,0,Sem vítimas,False
1545764,NOTIFICACAO,2023-03-22,2023,3,22,19:20,Quarta-feira,NOITE,VIAS URBANAS,NAO DISPONIVEL,RUA SINHARINHA FROTA,-21.60475599,-48.36773163,OUTROS,0,0,0,0,0,0,0,0,0,0,0,19.0,0,0,Sem vítimas,False
2188440,SINISTRO NAO FATAL,2023-03-22,2023,3,22,14:23,Quarta-feira,TARDE,VIAS URBANAS,PUBLICO,AVENIDA QUINZE DE NOVEMBRO,-21.60681324,-48.36627017,COLISAO,0,1,0,0,0,0,0,0,0,1,0,14.0,1,1,Com feridos leves,False
1988276,NOTIFICACAO,2023-03-23,2023,3,23,09:46,Quinta-feira,MANHA,VIAS URBANAS,NAO DISPONIVEL,AVENIDA LUDWIG ECKES,-21.59559246,-48.38047849,NAO DISPONIVEL,0,0,0,0,0,0,0,0,0,0,0,9.0,0,0,Sem vítimas,False
1730197,SINISTRO NAO FATAL,2023-03-25,2023,3,25,18:51,Sábado,NOITE,ESTRADAS E RODOVIAS,PUBLICO,SP  BRASI,-21.6173134,-48.3628769,COLISAO,1,0,1,0,0,0,0,0,0,1,1,18.0,1,2,Com feridos leves,True
1837309,SINISTRO NAO FATAL,2023-03-25,2023,3,25,01:35,Sábado,MADRUGADA,VIAS URBANAS,PUBLICO,SPITAL CARLOS FERNANDO MALZONI  AV SETE DE SET,-21.6051159,-48.3680573,COLISAO,0,0,2,0,0,0,0,0,0,1,2,1.0,1,2,Com feridos leves,True
1667230,NOTIFICACAO,2023-03-26,2023,3,26,17:56,Domingo,TARDE,VIAS URBANAS,PUBLICO,RUA SINHARINHA FROTA,-21.60475599,-48.36773163,OUTROS,0,0,0,0,0,0,0,0,0,0,0,17.0,0,0,Sem vítimas,True
1782812,SINISTRO NAO FATAL,2023-03-26,2023,3,26,22:09,Domingo,NOITE,VIAS URBANAS,PUBLICO,AVENIDA DOUTOR LAERT TABALLO MENDES,-21.60159204,-48.37219447,COLISAO,0,2,0,0,0,0,0,0,0,2,0,22.0,2,2,Com feridos leves,True
1272341,SINISTRO NAO FATAL,2023-03-27,2023,3,27,15:00,Segunda-feira,TARDE,VIAS URBANAS,PUBLICO,RUA SAO LOURENCO,-21.60046882,-48.36332025,COLISAO,0,1,1,0,0,0,0,0,0,1,1,15.0,1,2,Com feridos leves,False
1926795,SINISTRO NAO FATAL,2023-03-29,2023,3,29,09:02,Quarta-feira,MANHA,VIAS URBANAS,NAO DISPONIVEL,AVENIDA SAO PAULO,-21.59906861,-48.35099818,COLISAO,1,0,1,0,0,0,0,0,0,1,1,9.0,1,2,Com feridos leves,False
1775235,SINISTRO NAO FATAL,2023-03-31,2023,3,31,22:33,Sexta-feira,NOITE,VIAS URBANAS,PUBLICO,AVENIDA VEREADOR LUIZ FALCONI,-21.58756965,-48.37442412,OUTROS,0,1,0,0,0,0,0,0,1,0,1,22.0,1,1,Com feridos graves,False
1492899,NOTIFICACAO,2023-04-01,2023,4,1,14:32,Sábado,TARDE,VIAS URBANAS,NAO DISPONIVEL,RUA TITO BURINI,-21.63090566,-48.33741723,ATROPELAMENTO,0,0,0,0,0,0,0,0,0,0,0,14.0,0,0,Sem vítimas,True
1588347,NOTIFICACAO,2023-04-01,2023,4,1,15:46,Sábado,TARDE,VIAS URBANAS,NAO DISPONIVEL,SPITAL CARLOS FERNANDO MALZONI  AV SETE DE SET,-21.6051159,-48.3680573,NAO DISPONIVEL,0,0,0,0,0,0,0,0,0,0,0,15.0,0,0,Sem vítimas,True
1450310,SINISTRO NAO FATAL,2023-04-03,2023,4,3,17:30,Segunda-feira,TARDE,ESTRADAS E RODOVIAS,PUBLICO,SP  BRASIL,-21.6012669,-48.3613548,COLISAO,0,1,1,0,0,0,0,0,0,2,1,17.0,2,2,Com feridos leves,False
1472989,NOTIFICACAO,2023-04-03,2023,4,3,18:24,Segunda-feira,NOITE,VIAS URBANAS,NAO DISPONIVEL,VIA CLITO BASTIA,-21.62328895,-48.33318675,OUTROS,0,0,0,0,0,0,0,0,0,0,0,18.0,0,0,Sem vítimas,False
1582262,SINISTRO NAO FATAL,2023-04-03,2023,4,3,17:30,Segunda-feira,TARDE,ESTRADAS E RODOVIAS,PUBLICO,SP 326,-21.6260395,-48.33612905,OUTROS,0,1,0,0,0,0,0,0,1,1,0,17.0,2,1,Com feridos graves,False
1589378,NOTIFICACAO,2023-04-03,2023,4,3,20:40,Segunda-feira,NOITE,VIAS URBANAS,NAO DISPONIVEL,AVENIDA LUDWIG ECKES,-21.59837625,-48.38252176,OUTROS,0,0,0,0,0,0,0,0,0,0,0,20.0,0,0,Sem vítimas,False
1617089,SINISTRO NAO FATAL,2023-04-03,2023,4,3,20:52,Segunda-feira,NOITE,ESTRADAS E RODOVIAS,PUBLICO,SP  BRASIL,-21.6012669,-48.3613548,CHOQUE,0,1,0,0,1,0,1,0,1,0,1,20.0,1,3,Com feridos graves,False
1379453,SINISTRO NAO FATAL,2023-04-04,2023,4,4,17:09,Terça-feira,TARDE,VIAS URBANAS,NAO DISPONIVEL,AVENIDA ANTONIO GORGATTI,-21.61837081,-48.36227501,COLISAO,1,1,0,0,0,0,0,0,0,1,1,17.0,1,2,Com feridos leves,False
1383428,NOTIFICACAO,2023-04-04,2023,4,4,17:22,Terça-feira,TARDE,VIAS URBANAS,NAO DISPONIVEL,AVENIDA ANTONIO GORGATTI,-21.62205535,-48.36021772,OUTROS,0,0,0,0,0,0,0,0,0,0,0,17.0,0,0,Sem vítimas,False
1621075,NOTIFICACAO,2023-04-04,2023,4,4,20:55,Terça-feira,NOITE,VIAS URBANAS,NAO DISPONIVEL,AVENIDA FRANCISCO MASTROPIETRO,-21.58856936,-48.35805865,ATROPELAMENTO,0,0,0,0,0,0,0,0,0,0,0,20.0,0,0,Sem vítimas,False
2179245,SINISTRO NAO FATAL,2023-04-04,2023,4,4,12:56,Terça-feira,TARDE,VIAS URBANAS,PUBLICO,AVENIDA BALDAN,-21.62047312,-48.35472592,COLISAO,0,1,1,0,0,0,0,0,0,1,1,12.0,1,2,Com feridos leves,False
2197273,NOTIFICACAO,2023-04-04,2023,4,4,13:27,Terça-feira,TARDE,VIAS URBANAS,NAO DISPONIVEL,RUA SINHARINHA FROTA,-21.60475599,-48.36773163,OUTROS,0,0,0,0,0,0,0,0,0,0,0,13.0,0,0,Sem vítimas,False
1915482,NOTIFICACAO,2023-04-08,2023,4,8,02:54,Sábado,MADRUGADA,VIAS URBANAS,NAO DISPONIVEL,LOTEAMENTO RESIDENCIAL LAS PALMAS  AV SETE DE SE,-21.6012383,-48.36536,NAO DISPONIVEL,0,0,0,0,0,0,0,0,0,0,0,2.0,0,0,Sem vítimas,True
1650596,NOTIFICACAO,2023-04-09,2023,4,9,16:50,Domingo,TARDE,VIAS URBANAS,NAO DISPONIVEL,AVENIDA MATO GROSSO,-21.59439731,-48.34602,ATROPELAMENTO,0,0,0,0,0,0,0,0,0,0,0,16.0,0,0,Sem vítimas,True
1667374,NOTIFICACAO,2023-04-09,2023,4,9,17:03,Domingo,TARDE,VIAS URBANAS,NAO DISPONIVEL,AVENIDA QUINZE DE NOVEMBRO,-21.58915607,-48.35685184,OUTROS,0,0,0,0,0,0,0,0,0,0,0,17.0,0,0,Sem vítimas,True
1968788,SINISTRO NAO FATAL,2023-04-10,2023,4,10,08:08,Segunda-feira,MANHA,VIAS URBANAS,NAO DISPONIVEL,RUA SAO LOURENCO,-21.60147588,-48.36047721,OUTROS,0,1,0,0,0,0,0,0,0,1,0,8.0,1,1,Com feridos leves,False
1903358,NOTIFICACAO,2023-04-11,2023,4,11,07:05,Terça-feira,MANHA,VIAS URBANAS,NAO DISPONIVEL,RUA ELÍAS RAIMUNDO DE BRITO,-21.62019659,-48.34443413,OUTROS,0,0,0,0,0,0,0,0,0,0,0,7.0,0,0,Sem vítimas,False
2133783,SINISTRO NAO FATAL,2023-04-11,2023,4,11,12:25,Terça-feira,TARDE,ESTRADAS E RODOVIAS,PUBLICO,SP  BRASIL,-21.6012669,-48.3613548,COLISAO,0,1,1,0,0,0,0,0,0,1,1,12.0,1,2,Com feridos leves,False
1499238,SINISTRO NAO FATAL,2023-04-12,2023,4,12,17:57,Quarta-feira,TARDE,VIAS URBANAS,PUBLICO,LUIGI VIDIEPE,-21.60111233,-48.38934804,COLISAO,1,1,0,0,0,0,0,0,0,2,0,17.0,2,2,Com feridos leves,False
1923467,SINISTRO NAO FATAL,2023-04-12,2023,4,12,08:07,Quarta-feira,MANHA,VIAS URBANAS,PUBLICO,RUA ITALO FERREIRA,-21.60831064,-48.36928517,COLISAO,0,1,1,0,0,0,0,0,0,1,1,8.0,1,2,Com feridos leves,False
2202568,NOTIFICACAO,2023-04-12,2023,4,12,12:29,Quarta-feira,TARDE,VIAS URBANAS,NAO DISPONIVEL,AVENIDA TROLESI,-21.61083609,-48.3509771,OUTROS,0,0,0,0,0,0,0,0,0,0,0,12.0,0,0,Sem vítimas,False
1338461,NOTIFICACAO,2023-04-13,2023,4,13,15:43,Quinta-feira,TARDE,VIAS URBANAS,NAO DISPONIVEL,RUA SAO LOURENCO,-21.59942856,-48.36555966,OUTROS,0,0,0,0,0,0,0,0,0,0,0,15.0,0,0,Sem vítimas,False
1933114,NOTIFICACAO,2023-04-14,2023,4,14,08:10,Sexta-feira,MANHA,ESTRADAS E RODOVIAS,NAO DISPONIVEL,SP 310,-21.61049204,-48.42331644,OUTROS,0,0,0,0,0,0,0,0,0,0,0,8.0,0,0,Sem vítimas,False
2038458,SINISTRO NAO FATAL,2023-04-14,2023,4,14,08:48,Sexta-feira,MANHA,VIAS URBANAS,PUBLICO,AVENIDA SAO PAULO,-21.59378674,-48.34960464,COLISAO,0,1,1,0,0,0,0,0,0,1,1,8.0,1,2,Com feridos leves,False
2062717,NOTIFICACAO,2023-04-14,2023,4,14,09:40,Sexta-feira,MANHA,VIAS URBANAS,NAO DISPONIVEL,RUA SINHARINHA FROTA,-21.60475599,-48.36773163,NAO DISPONIVEL,0,0,0,0,0,0,0,0,0,0,0,9.0,0,0,Sem vítimas,False
1559398,NOTIFICACAO,2023-04-15,2023,4,15,16:14,Sábado,TARDE,VIAS URBANAS,NAO DISPONIVEL,AVENIDA BALDAN,-21.61614743,-48.36410077,NAO DISPONIVEL,0,0,0,0,0,0,0,0,0,0,0,16.0,0,0,Sem vítimas,True
1562672,NOTIFICACAO,2023-04-15,2023,4,15,16:01,Sábado,TARDE,ESTRADAS E RODOVIAS,NAO DISPONIVEL,SP  BRASIL,-21.6012669,-48.3613548,OUTROS,0,0,0,0,0,0,0,0,0,0,0,16.0,0,0,Sem vítimas,True
1436599,SINISTRO NAO FATAL,2023-04-17,2023,4,17,01:07,Segunda-feira,MADRUGADA,VIAS URBANAS,PUBLICO,AVENIDA TROLESI,-21.6158173,-48.35363459,CHOQUE,0,0,2,0,0,0,0,0,0,1,1,1.0,1,2,Com feridos leves,False
2139122,NOTIFICACAO,2023-04-17,2023,4,17,00:38,Segunda-feira,MADRUGADA,VIAS URBANAS,NAO DISPONIVEL,AVENIDA LUDWIG ECKES,-21.59623395,-48.38084466,OUTROS,0,0,0,0,0,0,0,0,0,0,0,0.0,0,0,Sem vítimas,False
1310570,SINISTRO NAO FATAL,2023-04-18,2023,4,18,15:41,Terça-feira,TARDE,VIAS URBANAS,PUBLICO,AVENIDA BALDAN,-21.61293903,-48.37104712,COLISAO,0,1,1,0,0,0,0,0,0,1,1,15.0,1,2,Com feridos leves,False
1547432,SINISTRO NAO FATAL,2023-04-18,2023,4,18,19:33,Terça-feira,NOITE,VIAS URBANAS,NAO DISPONIVEL,ANTONIO TANAKA,-21.60111233,-48.38934804,OUTROS,0,1,0,0,0,0,0,0,0,1,1,19.0,1,1,Com feridos leves,False
1908038,NOTIFICACAO,2023-04-18,2023,4,18,07:07,Terça-feira,MANHA,VIAS URBANAS,PRIVADO,SPITAL CARLOS FERNANDO MALZONI  AV SETE DE SET,-21.6051159,-48.3680573,COLISAO,0,0,0,0,0,0,0,0,0,1,0,7.0,1,0,Com feridos leves,False
1911321,NOTIFICACAO,2023-04-18,2023,4,18,07:13,Terça-feira,MANHA,VIAS URBANAS,NAO DISPONIVEL,AVENIDA TROLESI,-21.61090074,-48.35101103,NAO DISPONIVEL,0,0,0,0,0,0,0,0,0,0,0,7.0,0,0,Sem vítimas,False
1976602,NOTIFICACAO,2023-04-18,2023,4,18,08:32,Terça-feira,MANHA,VIAS URBANAS,NAO DISPONIVEL,AVENIDA TROLESI,-21.59642056,-48.34337197,NAO DISPONIVEL,0,0,0,0,0,0,0,0,0,0,0,8.0,0,0,Sem vítimas,False
2038632,NOTIFICACAO,2023-04-18,2023,4,18,09:57,Terça-feira,MANHA,VIAS URBANAS,PUBLICO,RUA SINHARINHA FROTA,-21.60475599,-48.36773163,NAO DISPONIVEL,0,0,0,0,0,0,0,0,0,0,0,9.0,0,0,Sem vítimas,False
1315918,NOTIFICACAO,2023-04-19,2023,4,19,16:16,Quarta-feira,TARDE,VIAS URBANAS,NAO DISPONIVEL,AVENIDA LAURINDO PINOTTI,-21.58678486,-48.35331433,OUTROS,0,0,0,0,0,0,0,0,0,0,0,16.0,0,0,Sem vítimas,False
1420754,SINISTRO NAO FATAL,2023-04-19,2023,4,19,18:10,Quarta-feira,NOITE,ESTRADAS E RODOVIAS,NAO DISPONIVEL,SP  BRASIL,-21.6012669,-48.3613548,COLISAO,0,1,1,0,0,0,0,0,0,1,1,18.0,1,2,Com feridos leves,False
1467929,NOTIFICACAO,2023-04-19,2023,4,19,18:39,Quarta-feira,NOITE,VIAS URBANAS,NAO DISPONIVEL,"TENDA ATACADO  MATÃO  R SÃO LOURENÇO, 594",-21.6016788,-48.3561172,NAO DISPONIVEL,0,0,0,0,0,0,0,0,0,0,0,18.0,0,0,Sem vítimas,False
1976601,NOTIFICACAO,2023-04-19,2023,4,19,09:56,Quarta-feira,MANHA,ESTRADAS E RODOVIAS,NAO DISPONIVEL,SP 326,-21.68865228,-48.33856218,ATROPELAMENTO,0,0,0,0,0,0,0,0,0,0,0,9.0,0,0,Sem vítimas,False
2456392,SINISTRO FATAL,2023-04-19,2023,4,19,09:49,Quarta-feira,MANHA,ESTRADAS E RODOVIAS,PUBLICO,SP 326,-21.618598264,-48.335754636,COLISAO,1,0,1,0,0,0,0,1,0,0,0,9.0,1,2,Com óbito,False
1317637,NOTIFICACAO,2023-04-22,2023,4,22,12:42,Sábado,TARDE,VIAS URBANAS,NAO DISPONIVEL,AVENIDA LUDWIG ECKES,-21.59570464,-48.38054253,OUTROS,0,0,0,0,0,0,0,0,0,0,0,12.0,0,0,Sem vítimas,True
1325543,SINISTRO NAO FATAL,2023-04-22,2023,4,22,12:45,Sábado,TARDE,ESTRADAS E RODOVIAS,NAO DISPONIVEL,SP  BRASIL,-21.6012669,-48.3613548,CHOQUE,0,1,1,0,0,0,0,0,0,1,2,12.0,1,2,Com feridos leves,True
1487041,NOTIFICACAO,2023-04-22,2023,4,22,15:20,Sábado,TARDE,VIAS URBANAS,NAO DISPONIVEL,PRONTO ATENDIMENTO 24 HORAS MATÃO  UNIMED ARARAQU,-21.6089,-48.3662071,NAO DISPONIVEL,0,0,0,0,0,0,0,0,0,0,0,15.0,0,0,Sem vítimas,True
1691454,NOTIFICACAO,2023-04-23,2023,4,23,18:39,Domingo,NOITE,ESTRADAS E RODOVIAS,NAO DISPONIVEL,SP  BRASIL,-21.6012669,-48.3613548,OUTROS,0,0,0,0,0,0,0,0,0,0,0,18.0,0,0,Sem vítimas,True
1705052,SINISTRO NAO FATAL,2023-04-23,2023,4,23,18:29,Domingo,NOITE,VIAS URBANAS,NAO DISPONIVEL,RUA SAO LOURENÇO,-21.60111233,-48.38934804,COLISAO,0,2,0,0,0,0,0,0,0,1,1,18.0,1,2,Com feridos leves,True
1758296,NOTIFICACAO,2023-04-23,2023,4,23,20:07,Domingo,NOITE,VIAS URBANAS,NAO DISPONIVEL,RUA ITAPOLIS,-21.60937668,-48.3599928,OUTROS,0,0,0,0,0,0,0,0,0,0,0,20.0,0,0,Sem vítimas,True
1382130,NOTIFICACAO,2023-04-24,2023,4,24,01:07,Segunda-feira,MADRUGADA,VIAS URBANAS,PUBLICO,RUA SEBASTIAO JUNQUEIRA,-21.63203367,-48.33702244,OUTROS,0,0,0,0,0,0,0,0,0,0,0,1.0,0,0,Sem vítimas,False
1529541,NOTIFICACAO,2023-04-24,2023,4,24,18:59,Segunda-feira,NOITE,VIAS URBANAS,NAO DISPONIVEL,RUA ALEXANDRE DOS SANTOS PIRES,-21.62469458,-48.35113279,OUTROS,0,0,0,0,0,0,0,0,0,0,0,18.0,0,0,Sem vítimas,False
2109225,SINISTRO NAO FATAL,2023-04-25,2023,4,25,13:03,Terça-feira,TARDE,VIAS URBANAS,PUBLICO,AVENIDA SIQUEIRA CAMPOS,-21.59808929,-48.36387779,COLISAO,0,1,1,0,0,0,0,0,0,1,2,13.0,1,2,Com feridos leves,False
2456597,SINISTRO FATAL,2023-04-26,2023,4,26,01:50,Quarta-feira,MADRUGADA,ESTRADAS E RODOVIAS,PUBLICO,SP 310,-21.6139637671,-48.419972756,OUTROS,0,0,0,0,1,0,0,1,0,0,0,1.0,1,1,Com óbito,False
1402053,SINISTRO NAO FATAL,2023-04-27,2023,4,27,17:36,Quinta-feira,TARDE,VIAS URBANAS,PUBLICO,RUA RUI BARBOSA,-21.60275956,-48.36526349,COLISAO,0,1,0,0,0,0,0,0,0,0,2,17.0,0,1,Sem vítimas,False
1589809,SINISTRO NAO FATAL,2023-04-28,2023,4,28,19:14,Sexta-feira,NOITE,ESTRADAS E RODOVIAS,PUBLICO,SP 326,-21.5991853,-48.33477694,OUTROS,0,1,0,0,0,0,0,0,1,0,0,19.0,1,1,Com feridos graves,False
1640027,SINISTRO NAO FATAL,2023-04-29,2023,4,29,19:03,Sábado,NOITE,VIAS URBANAS,PUBLICO,AVENIDA JOSE DA COSTA FILHO,-21.6028535,-48.3762771,COLISAO,0,1,1,0,0,0,0,0,0,1,1,19.0,1,2,Com feridos leves,True
1816257,SINISTRO NAO FATAL,2023-04-29,2023,4,29,22:35,Sábado,NOITE,VIAS URBANAS,NAO DISPONIVEL,VIA AUGUSTO BAMBOSI,-21.60111233,-48.38934804,COLISAO,0,0,1,0,0,0,0,0,0,0,1,22.0,0,1,Sem vítimas,True
1321294,NOTIFICACAO,2023-04-30,2023,4,30,09:48,Domingo,MANHA,VIAS URBANAS,NAO DISPONIVEL,AVENIDA QUINZE DE NOVEMBRO,-21.60914458,-48.3675043,OUTROS,0,0,0,0,0,0,0,0,0,0,0,9.0,0,0,Sem vítimas,True
1759855,NOTIFICACAO,2023-04-30,2023,4,30,18:15,Domingo,NOITE,VIAS URBANAS,NAO DISPONIVEL,RUA OTONE CORREA,-21.59510125,-48.35174988,OUTROS,0,0,0,0,0,0,0,0,0,0,0,18.0,0,0,Sem vítimas,True
1782747,SINISTRO NAO FATAL,2023-04-30,2023,4,30,01:05,Domingo,MADRUGADA,VIAS URBANAS,PUBLICO,AVENIDA BALDAN,-21.61262645,-48.37172443,COLISAO,0,1,1,0,0,0,0,0,0,1,1,1.0,1,2,Com feridos leves,True
1807058,NOTIFICACAO,2023-04-30,2023,4,30,22:46,Domingo,NOITE,VIAS URBANAS,NAO DISPONIVEL,RUA VICTORIO CHIOZZINI,-21.5871962,-48.37739615,OUTROS,0,0,0,0,0,0,0,0,0,0,0,22.0,0,0,Sem vítimas,True
1491339,SINISTRO NAO FATAL,2023-05-01,2023,5,1,15:47,Segunda-feira,TARDE,VIAS URBANAS,PUBLICO,RUA SINHARINHA FROTA,-21.61229824,-48.35161966,COLISAO,0,1,2,0,0,0,0,0,0,1,2,15.0,1,3,Com feridos leves,False
1645984,NOTIFICACAO,2023-05-01,2023,5,1,18:48,Segunda-feira,NOITE,ESTRADAS E RODOVIAS,NAO DISPONIVEL,SP  BRASIL,-21.6012669,-48.3613548,OUTROS,0,0,0,0,0,0,0,0,0,0,0,18.0,0,0,Sem vítimas,False
1696702,SINISTRO NAO FATAL,2023-05-01,2023,5,1,18:30,Segunda-feira,NOITE,ESTRADAS E RODOVIAS,PUBLICO,SP 310,-21.55767585,-48.48038117,COLISAO,0,0,2,0,0,0,0,0,0,1,1,18.0,1,2,Com feridos leves,False
1888377,NOTIFICACAO,2023-05-02,2023,5,2,06:59,Terça-feira,MANHA,VIAS URBANAS,NAO DISPONIVEL,RUA JOSE DA CUNHA,-21.6317636,-48.35323686,OUTROS,0,0,0,0,0,0,0,0,0,0,0,6.0,0,0,Sem vítimas,False
1889613,NOTIFICACAO,2023-05-02,2023,5,2,07:08,Terça-feira,MANHA,VIAS URBANAS,NAO DISPONIVEL,RUA JABOTICABAL,-21.60840151,-48.35093924,NAO DISPONIVEL,0,0,0,0,0,0,0,0,0,0,0,7.0,0,0,Sem vítimas,False
1960005,SINISTRO NAO FATAL,2023-05-02,2023,5,2,00:15,Terça-feira,MADRUGADA,VIAS URBANAS,NAO DISPONIVEL,AVENIDA FRANCISCO MASTROPIETRO,-21.59246818,-48.35003901,CHOQUE,0,0,1,0,0,0,0,0,0,0,1,0.0,0,1,Sem vítimas,False
2007526,NOTIFICACAO,2023-05-02,2023,5,2,00:35,Terça-feira,MADRUGADA,ESTRADAS E RODOVIAS,NAO DISPONIVEL,SP  BRASIL,-21.6012669,-48.3613548,OUTROS,0,0,0,0,0,0,0,0,0,0,0,0.0,0,0,Sem vítimas,False
1944521,SINISTRO NAO FATAL,2023-05-04,2023,5,4,08:32,Quinta-feira,MANHA,VIAS URBANAS,PUBLICO,AVENIDA TROLESI,-21.61025396,-48.35067163,COLISAO,0,1,1,0,0,0,0,0,0,1,1,8.0,1,2,Com feridos leves,False
2118555,SINISTRO NAO FATAL,2023-05-04,2023,5,4,12:39,Quinta-feira,TARDE,VIAS URBANAS,PUBLICO,AVENIDA PADRE NELSON ANTONIO ROMAO,-21.60732644,-48.36203016,COLISAO,0,1,1,0,0,0,0,0,0,1,1,12.0,1,2,Com feridos leves,False
2155974,SINISTRO NAO FATAL,2023-05-04,2023,5,4,13:21,Quinta-feira,TARDE,VIAS URBANAS,PUBLICO,RUA SINHARINHA FROTA,-21.60250973,-48.37259207,COLISAO,0,1,1,0,0,0,0,0,0,1,1,13.0,1,2,Com feridos leves,False
2238139,NOTIFICACAO,2023-05-04,2023,5,4,13:29,Quinta-feira,TARDE,VIAS URBANAS,NAO DISPONIVEL,RUA SINHARINHA FROTA,-21.60475599,-48.36773163,NAO DISPONIVEL,0,0,0,0,0,0,0,0,0,0,0,13.0,0,0,Sem vítimas,False
1773084,SINISTRO NAO FATAL,2023-05-05,2023,5,5,23:09,Sexta-feira,NOITE,ESTRADAS E RODOVIAS,PUBLICO,SP  BRASIL,-21.6012669,-48.3613548,CHOQUE,0,0,1,0,0,0,0,0,0,2,0,23.0,2,1,Com feridos leves,False
2514886,SINISTRO NAO FATAL,2023-05-05,2023,5,5,23:40,Sexta-feira,NOITE,ESTRADAS E RODOVIAS,PUBLICO,SP 310,-21.52516565,-48.52654489,COLISAO,0,0,1,0,1,0,2,0,0,1,1,23.0,1,4,Com feridos leves,False
1703307,NOTIFICACAO,2023-05-06,2023,5,6,18:23,Sábado,NOITE,VIAS URBANAS,NAO DISPONIVEL,AVENIDA SETE DE SETEMBRO,-21.60453522,-48.36619642,OUTROS,0,0,0,0,0,0,0,0,0,0,0,18.0,0,0,Sem vítimas,True
1303221,SINISTRO NAO FATAL,2023-05-08,2023,5,8,14:46,Segunda-feira,TARDE,VIAS URBANAS,PUBLICO,RUA CARLOS GUILHERME EDUARDO FISCHER,-21.60124174,-48.36132272,COLISAO,0,2,0,0,0,0,0,0,0,2,0,14.0,2,2,Com feridos leves,False
2137727,NOTIFICACAO,2023-05-08,2023,5,8,12:43,Segunda-feira,TARDE,VIAS URBANAS,NAO DISPONIVEL,RUA SINHARINHA FROTA,-21.60290787,-48.37173062,OUTROS,0,0,0,0,0,0,0,0,0,0,0,12.0,0,0,Sem vítimas,False
2235778,NOTIFICACAO,2023-05-08,2023,5,8,12:42,Segunda-feira,TARDE,VIAS URBANAS,NAO DISPONIVEL,AVENIDA BALDAN,-21.61293903,-48.37104712,OUTROS,0,0,0,0,0,0,0,0,0,0,0,12.0,0,0,Sem vítimas,False
1479657,NOTIFICACAO,2023-05-10,2023,5,10,18:30,Quarta-feira,NOITE,ESTRADAS E RODOVIAS,NAO DISPONIVEL,SP  BRASIL,-21.6012669,-48.3613548,OUTROS,0,0,0,0,0,0,0,0,0,0,0,18.0,0,0,Sem vítimas,False
2236075,SINISTRO NAO FATAL,2023-05-10,2023,5,10,13:19,Quarta-feira,TARDE,VIAS URBANAS,NAO DISPONIVEL,RUA SAO LOURENCO,-21.60104571,-48.36206979,COLISAO,0,1,1,0,0,0,0,0,0,1,1,13.0,1,2,Com feridos leves,False
1302016,SINISTRO NAO FATAL,2023-05-12,2023,5,12,15:11,Sexta-feira,TARDE,VIAS URBANAS,PUBLICO,AVENIDA BALDAN,-21.61721446,-48.36263602,COLISAO,0,1,0,0,1,0,0,0,1,0,2,15.0,1,2,Com feridos graves,False
1937342,SINISTRO NAO FATAL,2023-05-12,2023,5,12,07:34,Sexta-feira,MANHA,VIAS URBANAS,PUBLICO,VIA CLITO BASTIA,-21.62290619,-48.33411401,OUTROS,0,0,1,0,0,0,0,0,0,1,1,7.0,1,1,Com feridos leves,False
1505943,SINISTRO NAO FATAL,2023-05-13,2023,5,13,15:47,Sábado,TARDE,VIAS URBANAS,PUBLICO,AVENIDA AURÉLIO DIAS,-21.62953766,-48.3356462,COLISAO,0,1,1,0,0,0,0,0,0,1,2,15.0,1,2,Com feridos leves,True
1558636,SINISTRO NAO FATAL,2023-05-13,2023,5,13,16:58,Sábado,TARDE,VIAS URBANAS,PUBLICO,RUA SAO LOURENCO,-21.59732307,-48.36888004,COLISAO,0,1,1,0,0,0,0,0,0,1,2,16.0,1,2,Com feridos leves,True
1787718,NOTIFICACAO,2023-05-13,2023,5,13,21:38,Sábado,NOITE,VIAS URBANAS,NAO DISPONIVEL,AVENIDA ADÉLINO MINGOSSI,-21.5865908,-48.3547454,OUTROS,0,0,0,0,0,0,0,0,0,0,0,21.0,0,0,Sem vítimas,True
2227671,SINISTRO NAO FATAL,2023-05-13,2023,5,13,11:25,Sábado,MANHA,VIAS URBANAS,NAO DISPONIVEL,AVENIDA SAO PAULO,-21.59132151,-48.34897464,COLISAO,0,1,1,0,0,0,0,0,0,2,1,11.0,2,2,Com feridos leves,True
2456485,SINISTRO FATAL,2023-05-14,2023,5,14,,Domingo,NAO DISPONIVEL,NAO DISPONIVEL,NAO DISPONIVEL,,,,OUTROS,0,0,0,0,0,0,1,1,0,0,0,,1,1,Com óbito,True
1471094,SINISTRO NAO FATAL,2023-05-16,2023,5,16,19:58,Terça-feira,NOITE,VIAS URBANAS,PUBLICO,AVENIDA PADRE NELSON ANTONIO ROMAO,-21.60477371,-48.36116233,COLISAO,0,0,2,0,0,0,0,0,0,1,1,19.0,1,2,Com feridos leves,False
1484834,SINISTRO NAO FATAL,2023-05-17,2023,5,17,18:47,Quarta-feira,NOITE,VIAS URBANAS,NAO DISPONIVEL,AVENIDA JOÃO MARCHESAN,-21.608004,-48.38236,COLISAO,0,0,1,0,0,0,1,0,0,2,1,18.0,2,2,Com feridos leves,False
1528365,NOTIFICACAO,2023-05-17,2023,5,17,19:06,Quarta-feira,NOITE,VIAS URBANAS,NAO DISPONIVEL,AVENIDA JOÃO MARCHESAN,-21.613253,-48.370857,OUTROS,0,0,0,0,0,0,0,0,0,0,0,19.0,0,0,Sem vítimas,False
1588177,NOTIFICACAO,2023-05-17,2023,5,17,20:56,Quarta-feira,NOITE,VIAS URBANAS,NAO DISPONIVEL,RUA ALEXANDRE DOS SANTOS PIRES,-21.62321281,-48.35228322,OUTROS,0,0,0,0,0,0,0,0,0,0,0,20.0,0,0,Sem vítimas,False
1627553,SINISTRO NAO FATAL,2023-05-17,2023,5,17,21:00,Quarta-feira,NOITE,VIAS URBANAS,NAO DISPONIVEL,RUA ERMANO ROSSI,-21.629189,-48.35246,OUTROS,0,1,0,0,0,0,0,0,0,1,0,21.0,1,1,Com feridos leves,False
1355613,SINISTRO NAO FATAL,2023-05-18,2023,5,18,16:25,Quinta-feira,TARDE,VIAS URBANAS,PUBLICO,AVENIDA TROLESI,-21.60925084,-48.34971218,OUTROS,0,1,0,0,0,0,0,0,0,1,0,16.0,1,1,Com feridos leves,False
1875790,SINISTRO NAO FATAL,2023-05-18,2023,5,18,07:53,Quinta-feira,MANHA,VIAS URBANAS,PUBLICO,VIA NARCIZO BALDAN,-21.60744796,-48.35546513,COLISAO,0,1,1,0,0,0,0,0,0,1,1,7.0,1,2,Com feridos leves,False
1487698,SINISTRO NAO FATAL,2023-05-24,2023,5,24,17:13,Quarta-feira,TARDE,VIAS URBANAS,PUBLICO,AVENIDA BALDAN,-21.6199163,-48.35590368,COLISAO,1,0,1,0,0,0,0,0,0,1,1,17.0,1,2,Com feridos leves,False
1928013,NOTIFICACAO,2023-05-24,2023,5,24,07:38,Quarta-feira,MANHA,VIAS URBANAS,PUBLICO,PRONTO ATENDIMENTO 24 HORAS MATÃO  UNIMED ARARAQU,-21.6089,-48.366203,NAO DISPONIVEL,0,0,0,0,0,0,0,0,0,0,0,7.0,0,0,Sem vítimas,False
2000980,NOTIFICACAO,2023-05-24,2023,5,24,08:47,Quarta-feira,MANHA,VIAS URBANAS,NAO DISPONIVEL,RUA SAO LOURENCO,-21.600947,-48.36228429,OUTROS,0,0,0,0,0,0,0,0,0,0,0,8.0,0,0,Sem vítimas,False
1646991,SINISTRO NAO FATAL,2023-05-25,2023,5,25,20:37,Quinta-feira,NOITE,VIAS URBANAS,PUBLICO,AVENIDA QUINZE DE NOVEMBRO,-21.6084083,-48.36710982,COLISAO,0,1,1,0,0,0,0,0,0,1,1,20.0,1,2,Com feridos leves,False
1878895,SINISTRO NAO FATAL,2023-05-25,2023,5,25,06:42,Quinta-feira,MANHA,VIAS URBANAS,NAO DISPONIVEL,RUA LUCINDO GONÇALVES,-21.629736,-48.348633,COLISAO,0,1,1,0,0,0,0,0,0,1,1,6.0,1,2,Com feridos leves,False
1927284,SINISTRO NAO FATAL,2023-05-25,2023,5,25,08:26,Quinta-feira,MANHA,VIAS URBANAS,NAO DISPONIVEL,RUA SINHARINHA FROTA,-21.60475599,-48.36773163,COLISAO,0,1,0,0,0,0,0,0,0,1,0,8.0,1,1,Com feridos leves,False
1994309,SINISTRO NAO FATAL,2023-05-25,2023,5,25,09:02,Quinta-feira,MANHA,VIAS URBANAS,NAO DISPONIVEL,AV SAO LOURENCO,-21.60111233,-48.38934804,COLISAO,0,1,1,0,0,0,0,0,0,1,1,9.0,1,2,Com feridos leves,False
2006813,SINISTRO NAO FATAL,2023-05-25,2023,5,25,07:50,Quinta-feira,MANHA,VIAS URBANAS,PUBLICO,RUA JOSE GONCALVES,-21.60489234,-48.37749822,COLISAO,0,1,0,0,0,0,0,0,0,2,0,7.0,2,1,Com feridos leves,False
1959145,NOTIFICACAO,2023-05-26,2023,5,26,08:47,Sexta-feira,MANHA,VIAS URBANAS,NAO DISPONIVEL,AVENIDA JOSÉ CARLOS RUEDA,-21.592365,-48.349754,OUTROS,0,0,0,0,0,0,0,0,0,0,0,8.0,0,0,Sem vítimas,False
2050984,SINISTRO NAO FATAL,2023-05-26,2023,5,26,08:43,Sexta-feira,MANHA,VIAS URBANAS,PUBLICO,AVENIDA FRANCISCO MASTROPIETRO,-21.584534,-48.367256,COLISAO,0,1,1,0,0,0,0,0,0,1,1,8.0,1,2,Com feridos leves,False
2261195,SINISTRO NAO FATAL,2023-05-26,2023,5,26,13:45,Sexta-feira,TARDE,VIAS URBANAS,PUBLICO,AVENIDA SIQUEIRA CAMPOS,-21.60623258,-48.3682045,COLISAO,0,1,1,0,0,0,0,0,0,1,1,13.0,1,2,Com feridos leves,False
1590995,SINISTRO NAO FATAL,2023-05-29,2023,5,29,02:26,Segunda-feira,MADRUGADA,ESTRADAS E RODOVIAS,NAO DISPONIVEL,SP 310,-21.67656929,-48.35433097,CHOQUE,0,0,0,0,1,0,0,0,0,1,0,2.0,1,1,Com feridos leves,False
1837657,NOTIFICACAO,2023-05-29,2023,5,29,06:01,Segunda-feira,MANHA,ESTRADAS E RODOVIAS,NAO DISPONIVEL,SPA 302/326,-21.60754622,-48.35495437,NAO DISPONIVEL,0,0,0,0,0,0,0,0,0,0,0,6.0,0,0,Sem vítimas,False
2137670,NOTIFICACAO,2023-05-29,2023,5,29,12:37,Segunda-feira,TARDE,VIAS URBANAS,NAO DISPONIVEL,RUA JOSE BONIFACIO,-21.6044612,-48.3638972,OUTROS,0,0,0,0,0,0,0,0,0,0,0,12.0,0,0,Sem vítimas,False
2195604,SINISTRO NAO FATAL,2023-05-29,2023,5,29,12:22,Segunda-feira,TARDE,VIAS URBANAS,PUBLICO,RUA JOSE BONIFACIO,-21.60281402,-48.36742331,COLISAO,0,2,0,0,0,0,0,0,0,2,0,12.0,2,2,Com feridos leves,False
1270583,NOTIFICACAO,2023-05-30,2023,5,30,15:43,Terça-feira,TARDE,VIAS URBANAS,NAO DISPONIVEL,"MATÃO  MATÃO, STATE OF SÃO PAULO, BRAZIL",-21.601267,-48.361355,NAO DISPONIVEL,0,0,0,0,0,0,0,0,0,0,0,15.0,0,0,Sem vítimas,False
1312807,NOTIFICACAO,2023-05-30,2023,5,30,16:36,Terça-feira,TARDE,VIAS URBANAS,NAO DISPONIVEL,ANTONIO BORGATI,-21.59849374,-48.36298215,OUTROS,0,0,0,0,0,0,0,0,0,0,0,16.0,0,0,Sem vítimas,False
1904101,NOTIFICACAO,2023-05-30,2023,5,30,08:07,Terça-feira,MANHA,VIAS URBANAS,NAO DISPONIVEL,RUA SINHARINHA FROTA,-21.60475599,-48.36773163,NAO DISPONIVEL,0,0,0,0,0,0,0,0,0,0,0,8.0,0,0,Sem vítimas,False
2056820,NOTIFICACAO,2023-05-30,2023,5,30,12:26,Terça-feira,TARDE,VIAS URBANAS,NAO DISPONIVEL,RUA SINHARINHA FROTA,-21.605268,-48.367813,NAO DISPONIVEL,0,0,0,0,0,0,0,0,0,0,0,12.0,0,0,Sem vítimas,False
2074382,NOTIFICACAO,2023-05-30,2023,5,30,12:58,Terça-feira,TARDE,VIAS URBANAS,NAO DISPONIVEL,"MATÃO  MATÃO, STATE OF SÃO PAULO, BRAZIL",-21.647419,-48.35891,OUTROS,0,0,0,0,0,0,0,0,0,0,0,12.0,0,0,Sem vítimas,False
2102893,NOTIFICACAO,2023-05-30,2023,5,30,13:11,Terça-feira,TARDE,VIAS URBANAS,NAO DISPONIVEL,"MATÃO  MATÃO, STATE OF SÃO PAULO, BRAZIL",-21.601267,-48.361355,OUTROS,0,0,0,0,0,0,0,0,0,0,0,13.0,0,0,Sem vítimas,False
2131147,SINISTRO NAO FATAL,2023-05-30,2023,5,30,13:01,Terça-feira,TARDE,VIAS URBANAS,PUBLICO,RUA SAO LOURENCO,-21.59757571,-48.36798378,COLISAO,0,1,1,0,0,0,0,0,1,1,1,13.0,2,2,Com feridos graves,False
2160985,NOTIFICACAO,2023-05-30,2023,5,30,12:56,Terça-feira,TARDE,VIAS URBANAS,NAO DISPONIVEL,RUA SAO LOURENCO,-21.59951156,-48.36538098,OUTROS,0,0,0,0,0,0,0,0,0,0,0,12.0,0,0,Sem vítimas,False
2203937,NOTIFICACAO,2023-06-01,2023,6,1,13:39,Quinta-feira,TARDE,VIAS URBANAS,NAO DISPONIVEL,AVENIDA SAO PAULO,-21.59955865,-48.35112675,OUTROS,0,0,0,0,0,0,0,0,0,0,0,13.0,0,0,Sem vítimas,False
1536993,NOTIFICACAO,2023-06-02,2023,6,2,18:55,Sexta-feira,NOITE,VIAS URBANAS,NAO DISPONIVEL,RUA SINHARINHA FROTA,-21.605268,-48.367813,NAO DISPONIVEL,0,0,0,0,0,0,0,0,0,0,0,18.0,0,0,Sem vítimas,False
2255402,NOTIFICACAO,2023-06-02,2023,6,2,14:23,Sexta-feira,TARDE,VIAS URBANAS,NAO DISPONIVEL,RUA TABATINGA,-21.612617,-48.357246,NAO DISPONIVEL,0,0,0,0,0,0,0,0,0,0,0,14.0,0,0,Sem vítimas,False
1659056,NOTIFICACAO,2023-06-03,2023,6,3,17:41,Sábado,TARDE,VIAS URBANAS,NAO DISPONIVEL,RUA SINHARINHA FROTA,-21.605268,-48.367813,OUTROS,0,0,0,0,0,0,0,0,0,0,0,17.0,0,0,Sem vítimas,True
1726624,NOTIFICACAO,2023-06-04,2023,6,4,18:27,Domingo,NOITE,VIAS URBANAS,NAO DISPONIVEL,RUA SINHARINHA FROTA,-21.60475599,-48.36773163,OUTROS,0,0,0,0,0,0,0,0,0,0,0,18.0,0,0,Sem vítimas,True
1813204,NOTIFICACAO,2023-06-04,2023,6,4,19:39,Domingo,NOITE,VIAS URBANAS,NAO DISPONIVEL,RUA SINHARINHA FROTA,-21.60513745,-48.36690349,OUTROS,0,0,0,0,0,0,0,0,0,0,0,19.0,0,0,Sem vítimas,True
1356294,NOTIFICACAO,2023-06-05,2023,6,5,15:52,Segunda-feira,TARDE,VIAS URBANAS,NAO DISPONIVEL,RUA RUI BARBOSA,-21.60135126,-48.36829909,OUTROS,0,0,0,0,0,0,0,0,0,0,0,15.0,0,0,Sem vítimas,False
1408259,SINISTRO NAO FATAL,2023-06-06,2023,6,6,16:10,Terça-feira,TARDE,ESTRADAS E RODOVIAS,PUBLICO,SP 310,-21.66434888,-48.36918796,OUTROS,0,0,1,0,0,0,0,0,0,1,0,16.0,1,1,Com feridos leves,False
2184925,SINISTRO NAO FATAL,2023-06-06,2023,6,6,12:32,Terça-feira,TARDE,VIAS URBANAS,NAO DISPONIVEL,RUA CESARIO MOTTA,-21.60153888,-48.37242509,COLISAO,0,1,1,0,0,0,0,0,0,1,1,12.0,1,2,Com feridos leves,False
2456556,SINISTRO FATAL,2023-06-06,2023,6,6,19:00,Terça-feira,NOITE,ESTRADAS E RODOVIAS,PUBLICO,SPA 301/310,-21.5865315378,-48.4310534837,CHOQUE,0,0,1,0,0,0,0,1,0,0,0,19.0,1,1,Com óbito,False
1744966,SINISTRO NAO FATAL,2023-06-07,2023,6,7,22:03,Quarta-feira,NOITE,VIAS URBANAS,NAO DISPONIVEL,RUA SINHARINHA FROTA,-21.600212,-48.378014,ATROPELAMENTO,0,1,0,0,0,1,0,0,0,2,0,22.0,2,1,Com feridos leves,False
1384949,NOTIFICACAO,2023-06-08,2023,6,8,13:54,Quinta-feira,TARDE,VIAS URBANAS,NAO DISPONIVEL,AVENIDA BALDAN,-21.61032578,-48.37673105,OUTROS,0,0,0,0,0,0,0,0,0,0,0,13.0,0,0,Sem vítimas,False
1405652,SINISTRO NAO FATAL,2023-06-08,2023,6,8,13:53,Quinta-feira,TARDE,VIAS URBANAS,NAO DISPONIVEL,AVENIDA BALDAN,-21.61262645,-48.37172443,COLISAO,0,1,1,0,0,0,0,0,1,0,2,13.0,1,2,Com feridos graves,False
1560620,NOTIFICACAO,2023-06-09,2023,6,9,16:58,Sexta-feira,TARDE,VIAS URBANAS,NAO DISPONIVEL,RUA SINHARINHA FROTA,-21.60475599,-48.36773163,NAO DISPONIVEL,0,0,0,0,0,0,0,0,0,0,0,16.0,0,0,Sem vítimas,False
1590293,NOTIFICACAO,2023-06-09,2023,6,9,17:48,Sexta-feira,TARDE,VIAS URBANAS,NAO DISPONIVEL,AVENIDA TROLESI,-21.598482,-48.346107,OUTROS,0,0,0,0,0,0,0,0,0,0,0,17.0,0,0,Sem vítimas,False
1686878,SINISTRO NAO FATAL,2023-06-09,2023,6,9,19:30,Sexta-feira,NOITE,ESTRADAS E RODOVIAS,NAO DISPONIVEL,SP 326,-21.59849374,-48.36298215,OUTROS,0,1,0,0,0,0,0,0,0,2,0,19.0,2,1,Com feridos leves,False
1428626,NOTIFICACAO,2023-06-10,2023,6,10,13:00,Sábado,TARDE,VIAS URBANAS,NAO DISPONIVEL,DO LADO DA DS LABORATORIO,-21.59924176,-48.36336999,OUTROS,0,0,0,0,0,0,0,0,0,0,0,13.0,0,0,Sem vítimas,True
1430749,SINISTRO NAO FATAL,2023-06-10,2023,6,10,12:54,Sábado,TARDE,VIAS URBANAS,NAO DISPONIVEL,VIA CAL FISHER,-21.59787435,-48.37202322,COLISAO,0,1,1,0,0,0,0,0,2,1,1,12.0,3,2,Com feridos graves,True
1453047,SINISTRO NAO FATAL,2023-06-11,2023,6,11,10:02,Domingo,MANHA,VIAS URBANAS,NAO DISPONIVEL,RUA RUI BARBOSA,-21.60135126,-48.36829909,OUTROS,0,1,0,0,0,0,0,0,0,1,1,10.0,1,1,Com feridos leves,True
1490374,NOTIFICACAO,2023-06-11,2023,6,11,10:42,Domingo,MANHA,VIAS URBANAS,NAO DISPONIVEL,SPITAL CARLOS FERNANDO MALZONI  AV SETE DE SET,-21.605116,-48.368057,OUTROS,0,0,0,0,0,0,0,0,0,0,0,10.0,0,0,Sem vítimas,True
1534845,NOTIFICACAO,2023-06-11,2023,6,11,11:07,Domingo,MANHA,VIAS URBANAS,NAO DISPONIVEL,RUA SÃO LOURENÇO,-21.59429,-48.375652,OUTROS,0,0,0,0,0,0,0,0,0,0,0,11.0,0,0,Sem vítimas,True
1653390,SINISTRO NAO FATAL,2023-06-11,2023,6,11,13:55,Domingo,TARDE,VIAS URBANAS,NAO DISPONIVEL,"JARDIM CAMBUI  JARDIM CAMBUI, MATÃO  STATE OF SÃ",-21.615982,-48.355167,COLISAO,0,0,1,0,1,0,1,0,1,4,1,13.0,5,3,Com feridos graves,True
1710759,NOTIFICACAO,2023-06-11,2023,6,11,15:44,Domingo,TARDE,VIAS URBANAS,NAO DISPONIVEL,RUA SINHARINHA FROTA,-21.60475599,-48.36773163,OUTROS,0,0,0,0,0,0,0,0,0,0,0,15.0,0,0,Sem vítimas,True
2135047,NOTIFICACAO,2023-06-15,2023,6,15,13:21,Quinta-feira,TARDE,VIAS URBANAS,NAO DISPONIVEL,PRONTO ATENDIMENTO 24 HORAS MATÃO  UNIMED ARARAQU,-21.6089,-48.366203,ATROPELAMENTO,0,0,0,0,0,0,0,0,0,0,0,13.0,0,0,Sem vítimas,False
1387729,SINISTRO NAO FATAL,2023-06-16,2023,6,16,15:54,Sexta-feira,TARDE,VIAS URBANAS,PUBLICO,RUA ELÍAS RAIMUNDO DE BRITO,-21.62019659,-48.34443413,ATROPELAMENTO,0,2,0,0,0,2,0,0,0,3,1,15.0,3,2,Com feridos leves,False
1610671,NOTIFICACAO,2023-06-16,2023,6,16,19:13,Sexta-feira,NOITE,VIAS URBANAS,NAO DISPONIVEL,SPITAL CARLOS FERNANDO MALZONI  AV SETE DE SET,-21.605116,-48.368057,NAO DISPONIVEL,0,0,0,0,0,0,0,0,0,0,0,19.0,0,0,Sem vítimas,False
1863517,SINISTRO NAO FATAL,2023-06-16,2023,6,16,06:53,Sexta-feira,MANHA,VIAS URBANAS,NAO DISPONIVEL,VIA NARCIZO BALDAN,-21.60743285,-48.35554371,COLISAO,0,1,1,0,0,0,0,0,0,0,2,6.0,0,2,Sem vítimas,False
2076136,SINISTRO NAO FATAL,2023-06-17,2023,6,17,07:58,Sábado,MANHA,VIAS URBANAS,NAO DISPONIVEL,AVENIDA MÁRCIA FÁTIMA RIBEIRO,-21.606682,-48.378178,CHOQUE,0,1,0,0,0,0,0,0,0,1,0,7.0,1,1,Com feridos leves,True
1771060,SINISTRO NAO FATAL,2023-06-18,2023,6,18,19:56,Domingo,NOITE,VIAS URBANAS,PUBLICO,RUA SAO LOURENCO,-21.60124174,-48.36132272,COLISAO,0,1,1,0,0,0,0,0,0,1,1,19.0,1,2,Com feridos leves,True
2119364,NOTIFICACAO,2023-06-19,2023,6,19,11:22,Segunda-feira,MANHA,VIAS URBANAS,NAO DISPONIVEL,AVENIDA JOAO ROSSI,-21.58804987,-48.35630344,OUTROS,0,0,0,0,0,0,0,0,0,0,0,11.0,0,0,Sem vítimas,False
1485963,SINISTRO NAO FATAL,2023-06-20,2023,6,20,16:27,Terça-feira,TARDE,VIAS URBANAS,NAO DISPONIVEL,AVENIDA TROLESI,-21.61246361,-48.35143181,COLISAO,0,1,1,0,0,0,0,0,0,2,2,16.0,2,2,Com feridos leves,False
1281214,SINISTRO NAO FATAL,2023-06-22,2023,6,22,13:38,Quinta-feira,TARDE,VIAS URBANAS,PUBLICO,ALAMEDA DA SAUDADE,-21.59718879,-48.37924312,COLISAO,0,1,1,0,0,0,0,0,0,2,0,13.0,2,2,Com feridos leves,False
1433063,SINISTRO NAO FATAL,2023-06-22,2023,6,22,16:11,Quinta-feira,TARDE,VIAS URBANAS,PUBLICO,AVENIDA MONTE ALTO,-21.60883433,-48.35405606,OUTROS,0,1,0,0,1,0,0,0,0,1,1,16.0,1,2,Com feridos leves,False
1542937,SINISTRO NAO FATAL,2023-06-22,2023,6,22,17:15,Quinta-feira,TARDE,VIAS URBANAS,NAO DISPONIVEL,AVENIDA TROLESI,-21.61369764,-48.35250544,COLISAO,0,1,1,0,0,0,0,0,0,0,2,17.0,0,2,Sem vítimas,False
1319676,NOTIFICACAO,2023-06-23,2023,6,23,14:45,Sexta-feira,TARDE,VIAS URBANAS,NAO DISPONIVEL,AVENIDA MANOEL MINGORANCI,-21.59217881,-48.37327985,NAO DISPONIVEL,0,0,0,0,0,0,0,0,0,0,0,14.0,0,0,Sem vítimas,False
1707580,SINISTRO NAO FATAL,2023-06-24,2023,6,24,18:04,Sábado,NOITE,VIAS URBANAS,PUBLICO,AVENIDA FRANCISCO MASTROPIETRO,-21.584747,-48.36675,COLISAO,0,1,1,0,0,0,0,0,0,1,2,18.0,1,2,Com feridos leves,True
1709020,SINISTRO NAO FATAL,2023-06-25,2023,6,25,15:36,Domingo,TARDE,VIAS URBANAS,PUBLICO,RUA SAO LOURENCO,-21.59951156,-48.36538098,COLISAO,0,1,1,0,0,0,0,0,0,1,1,15.0,1,2,Com feridos leves,True
1584212,SINISTRO NAO FATAL,2023-06-26,2023,6,26,17:43,Segunda-feira,TARDE,VIAS URBANAS,PUBLICO,RUA CESARIO MOTTA,-21.60069244,-48.37421933,COLISAO,0,1,1,0,0,0,0,0,0,1,1,17.0,1,2,Com feridos leves,False
2456346,SINISTRO FATAL,2023-06-27,2023,6,27,20:32,Terça-feira,NOITE,ESTRADAS E RODOVIAS,PUBLICO,SP 326,-21.6501824947,-48.3373230734,ATROPELAMENTO,0,0,1,0,0,1,0,1,0,0,0,20.0,1,1,Com óbito,False
1390627,SINISTRO NAO FATAL,2023-06-28,2023,6,28,17:07,Quarta-feira,TARDE,VIAS URBANAS,PUBLICO,RUA OTONE CORREA,-21.59617756,-48.34709852,COLISAO,0,1,1,0,0,0,0,0,1,0,1,17.0,1,2,Com feridos graves,False
2198766,SINISTRO NAO FATAL,2023-06-28,2023,6,28,13:13,Quarta-feira,TARDE,VIAS URBANAS,PUBLICO,AVENIDA ANIBAL RIBEIRO,-21.62369996,-48.34087216,COLISAO,0,0,2,0,0,0,0,0,0,1,1,13.0,1,2,Com feridos leves,False
1591931,NOTIFICACAO,2023-06-29,2023,6,29,20:32,Quinta-feira,NOITE,VIAS URBANAS,NAO DISPONIVEL,PRONTO ATENDIMENTO 24 HORAS MATÃO  UNIMED ARARAQU,-21.6089,-48.366203,OUTROS,0,0,0,0,0,0,0,0,0,0,0,20.0,0,0,Sem vítimas,False
1616000,NOTIFICACAO,2023-06-29,2023,6,29,20:43,Quinta-feira,NOITE,VIAS URBANAS,NAO DISPONIVEL,"MATÃO  MATÃO, STATE OF SÃO PAULO, BRAZIL",-21.601267,-48.361355,OUTROS,0,0,0,0,0,0,0,0,0,0,0,20.0,0,0,Sem vítimas,False
1619066,SINISTRO NAO FATAL,2023-06-29,2023,6,29,20:47,Quinta-feira,NOITE,VIAS URBANAS,PUBLICO,AVENIDA BALDAN,-21.61032578,-48.37673105,COLISAO,0,1,1,0,0,0,0,0,0,1,1,20.0,1,2,Com feridos leves,False
1369444,SINISTRO NAO FATAL,2023-06-30,2023,6,30,16:41,Sexta-feira,TARDE,VIAS URBANAS,PUBLICO,"MATÃO  MATÃO, STATE OF SÃO PAULO, BRAZIL",-21.601267,-48.361355,COLISAO,0,1,1,0,0,0,0,0,0,2,3,16.0,2,2,Com feridos leves,False
1352192,NOTIFICACAO,2023-07-01,2023,7,1,12:17,Sábado,TARDE,VIAS URBANAS,NAO DISPONIVEL,SPITAL CARLOS FERNANDO MALZONI  AV SETE DE SET,-21.605116,-48.368057,NAO DISPONIVEL,0,0,0,0,0,0,0,0,0,0,0,12.0,0,0,Sem vítimas,True
1405646,SINISTRO NAO FATAL,2023-07-01,2023,7,1,12:10,Sábado,TARDE,ESTRADAS E RODOVIAS,PUBLICO,SP 310,-21.67044644,-48.36174914,OUTROS,0,0,0,0,1,0,1,0,0,1,0,12.0,1,2,Com feridos leves,True
1284268,SINISTRO NAO FATAL,2023-07-03,2023,7,3,05:20,Segunda-feira,MADRUGADA,ESTRADAS E RODOVIAS,PUBLICO,SP 310,-21.68837939,-48.33915641,COLISAO,0,0,0,0,2,0,3,0,0,1,1,5.0,1,5,Com feridos leves,False
1438938,SINISTRO NAO FATAL,2023-07-03,2023,7,3,17:16,Segunda-feira,TARDE,VIAS URBANAS,PUBLICO,RUA ARMANDO FECHIO,-21.62079046,-48.34868583,COLISAO,0,0,2,0,0,0,0,0,0,1,1,17.0,1,2,Com feridos leves,False
1558858,NOTIFICACAO,2023-07-03,2023,7,3,19:11,Segunda-feira,NOITE,VIAS URBANAS,NAO DISPONIVEL,RUA PRUDENTE DE MORAES,-21.6047829,-48.35644438,OUTROS,0,0,0,0,0,0,0,0,0,0,0,19.0,0,0,Sem vítimas,False
1920832,SINISTRO NAO FATAL,2023-07-03,2023,7,3,08:03,Segunda-feira,MANHA,VIAS URBANAS,PUBLICO,RUA VITÓRIO PINOTI,-21.600542,-48.38495,COLISAO,0,0,2,0,0,0,0,0,0,2,1,8.0,2,2,Com feridos leves,False
2239872,SINISTRO NAO FATAL,2023-07-04,2023,7,4,13:38,Terça-feira,TARDE,VIAS URBANAS,PUBLICO,RUA ARISTADEU BOLANSA,-21.59849374,-48.36298215,NAO DISPONIVEL,0,1,0,0,0,0,0,0,0,1,0,13.0,1,1,Com feridos leves,False
1827633,NOTIFICACAO,2023-07-05,2023,7,5,07:19,Quarta-feira,MANHA,VIAS URBANAS,NAO DISPONIVEL,"MATÃO  MATÃO, STATE OF SÃO PAULO, BRAZIL",-21.601267,-48.361355,OUTROS,0,0,0,0,0,0,0,0,0,0,0,7.0,0,0,Sem vítimas,False
1838956,SINISTRO NAO FATAL,2023-07-06,2023,7,6,06:52,Quinta-feira,MANHA,VIAS URBANAS,PUBLICO,AVENIDA ANGELIM RÉ,-21.59542,-48.38375,COLISAO,0,1,1,0,0,0,0,0,0,1,1,6.0,1,2,Com feridos leves,False
1670264,NOTIFICACAO,2023-07-07,2023,7,7,20:41,Sexta-feira,NOITE,VIAS URBANAS,NAO DISPONIVEL,RUA SINHARINHA FROTA,-21.605268,-48.367813,OUTROS,0,0,0,0,0,0,0,0,0,0,0,20.0,0,0,Sem vítimas,False
1531486,SINISTRO NAO FATAL,2023-07-08,2023,7,8,14:31,Sábado,TARDE,VIAS URBANAS,PUBLICO,AVENIDA MATO GROSSO DO SUL,-21.59534508,-48.34565222,COLISAO,0,1,1,0,0,0,0,0,0,1,1,14.0,1,2,Com feridos leves,True
1792311,SINISTRO NAO FATAL,2023-07-08,2023,7,8,22:12,Sábado,NOITE,VIAS URBANAS,PUBLICO,AVENIDA PADRE NELSON ANTONIO ROMAO,-21.60382804,-48.36072906,CHOQUE,0,1,1,0,0,0,0,0,1,0,1,22.0,1,2,Com feridos graves,True
1878933,SINISTRO NAO FATAL,2023-07-08,2023,7,8,23:55,Sábado,NOITE,ESTRADAS E RODOVIAS,PUBLICO,SP 326,-21.57232923,-48.33347645,OUTROS,0,0,1,0,0,0,0,0,0,1,0,23.0,1,1,Com feridos leves,True
1581784,NOTIFICACAO,2023-07-09,2023,7,9,12:25,Domingo,TARDE,VIAS URBANAS,NAO DISPONIVEL,AVENIDA TARALHO MENDES,-21.59849374,-48.36298215,OUTROS,0,0,0,0,0,0,0,0,0,0,0,12.0,0,0,Sem vítimas,True
1644810,SINISTRO NAO FATAL,2023-07-09,2023,7,9,13:38,Domingo,TARDE,VIAS URBANAS,PUBLICO,RUA SINHARINHA FROTA,-21.60475599,-48.36773163,COLISAO,0,1,1,0,0,0,0,0,0,1,1,13.0,1,2,Com feridos leves,True
1713710,SINISTRO NAO FATAL,2023-07-09,2023,7,9,16:31,Domingo,TARDE,ESTRADAS E RODOVIAS,PUBLICO,SP 310,-21.55806229,-48.47873202,COLISAO,0,0,1,0,0,0,1,0,1,0,2,16.0,1,2,Com feridos graves,True
1818360,SINISTRO NAO FATAL,2023-07-09,2023,7,9,23:00,Domingo,NOITE,ESTRADAS E RODOVIAS,PUBLICO,SP 310,-21.6835068843,-48.3458787221,COLISAO,0,0,1,0,0,0,0,0,0,1,1,23.0,1,1,Com feridos leves,True
1503690,SINISTRO NAO FATAL,2023-07-10,2023,7,10,15:09,Segunda-feira,TARDE,VIAS URBANAS,PUBLICO,"MATÃO  MATÃO, STATE OF SÃO PAULO, BRAZIL",-21.601267,-48.361355,COLISAO,0,1,0,0,0,0,0,0,0,1,0,15.0,1,1,Com feridos leves,False
1399281,NOTIFICACAO,2023-07-11,2023,7,11,02:27,Terça-feira,MADRUGADA,VIAS URBANAS,NAO DISPONIVEL,RUA SINHARINHA FROTA,-21.605268,-48.367813,OUTROS,0,0,0,0,0,0,0,0,0,0,0,2.0,0,0,Sem vítimas,False
2129531,NOTIFICACAO,2023-07-11,2023,7,11,11:31,Terça-feira,MANHA,VIAS URBANAS,PUBLICO,RUA SINHARINHA FROTA,-21.60475599,-48.36773163,ATROPELAMENTO,0,0,0,0,0,0,0,0,0,0,0,11.0,0,0,Sem vítimas,False
1332143,NOTIFICACAO,2023-07-12,2023,7,12,13:55,Quarta-feira,TARDE,VIAS URBANAS,NAO DISPONIVEL,AVENIDA JOAO ROSSI,-21.58804987,-48.35630344,NAO DISPONIVEL,0,0,0,0,0,0,0,0,0,0,0,13.0,0,0,Sem vítimas,False
2137942,SINISTRO NAO FATAL,2023-07-12,2023,7,12,09:30,Quarta-feira,MANHA,ESTRADAS E RODOVIAS,PUBLICO,SP 326,-21.60813683,-48.33522642,COLISAO,0,0,1,0,1,0,3,0,0,1,1,9.0,1,5,Com feridos leves,False
1553559,NOTIFICACAO,2023-07-13,2023,7,13,16:20,Quinta-feira,TARDE,VIAS URBANAS,NAO DISPONIVEL,RUA SINHARINHA FROTA,-21.60475599,-48.36773163,NAO DISPONIVEL,0,0,0,0,0,0,0,0,0,0,0,16.0,0,0,Sem vítimas,False
1828965,NOTIFICACAO,2023-07-13,2023,7,13,05:20,Quinta-feira,MADRUGADA,VIAS URBANAS,NAO DISPONIVEL,"MATÃO  MATÃO, STATE OF SÃO PAULO, BRAZIL",-21.647419,-48.35891,OUTROS,0,0,0,0,0,0,0,0,0,0,0,5.0,0,0,Sem vítimas,False
2229028,SINISTRO NAO FATAL,2023-07-13,2023,7,13,10:20,Quinta-feira,MANHA,ESTRADAS E RODOVIAS,PUBLICO,SP 310,-21.6733182,-48.3595296,OUTROS,0,0,0,0,1,0,1,0,0,1,0,10.0,1,2,Com feridos leves,False
1277802,SINISTRO NAO FATAL,2023-07-14,2023,7,14,00:45,Sexta-feira,MADRUGADA,ESTRADAS E RODOVIAS,PUBLICO,SP 310,-21.6098196,-48.4238519,COLISAO,0,0,0,0,2,0,1,0,0,1,2,0.0,1,3,Com feridos leves,False
1543020,NOTIFICACAO,2023-07-14,2023,7,14,19:13,Sexta-feira,NOITE,VIAS URBANAS,NAO DISPONIVEL,AVENIDA JOÃO ROSSI,-21.586863,-48.356686,OUTROS,0,0,0,0,0,0,0,0,0,0,0,19.0,0,0,Sem vítimas,False
1681372,NOTIFICACAO,2023-07-14,2023,7,14,21:26,Sexta-feira,NOITE,VIAS URBANAS,NAO DISPONIVEL,SALVADOR VOVO,-21.59849374,-48.36298215,OUTROS,0,0,0,0,0,0,0,0,0,0,0,21.0,0,0,Sem vítimas,False
1747835,NOTIFICACAO,2023-07-14,2023,7,14,23:34,Sexta-feira,NOITE,VIAS URBANAS,NAO DISPONIVEL,AVENIDA BALDAN,-21.61032578,-48.37673105,OUTROS,0,0,0,0,0,0,0,0,0,0,0,23.0,0,0,Sem vítimas,False
1861573,SINISTRO NAO FATAL,2023-07-14,2023,7,14,06:56,Sexta-feira,MANHA,VIAS URBANAS,PUBLICO,AVENIDA SETE DE SETEMBRO,-21.59842725,-48.36294767,ATROPELAMENTO,0,0,1,0,0,1,0,0,0,1,1,6.0,1,1,Com feridos leves,False
1356371,SINISTRO NAO FATAL,2023-07-15,2023,7,15,13:47,Sábado,TARDE,VIAS URBANAS,PUBLICO,RUA AMERICO VEZZANI,-21.58615649,-48.37324218,COLISAO,0,1,1,0,0,0,0,0,0,1,1,13.0,1,2,Com feridos leves,True
2521133,SINISTRO NAO FATAL,2023-07-15,2023,7,15,22:40,Sábado,NOITE,ESTRADAS E RODOVIAS,PUBLICO,SP 310,-21.55767585,-48.48038117,CHOQUE,0,0,1,0,0,0,0,0,0,1,0,22.0,1,1,Com feridos leves,True
1765520,SINISTRO NAO FATAL,2023-07-16,2023,7,16,18:30,Domingo,NOITE,ESTRADAS E RODOVIAS,PUBLICO,SP 310,-21.6206213301,-48.4135390543,OUTROS,0,0,1,0,0,0,0,0,0,5,0,18.0,5,1,Com feridos leves,True
1357447,SINISTRO NAO FATAL,2023-07-19,2023,7,19,17:44,Quarta-feira,TARDE,VIAS URBANAS,PUBLICO,RUA JOSE GONCALVES,-21.6054502,-48.37352457,COLISAO,0,2,0,0,0,0,0,0,0,2,1,17.0,2,2,Com feridos leves,False
1693694,SINISTRO NAO FATAL,2023-07-20,2023,7,20,22:33,Quinta-feira,NOITE,VIAS URBANAS,PUBLICO,AVENIDA FELICE ZAMBON,-21.615099,-48.36326,CHOQUE,0,0,1,0,0,0,0,0,0,1,1,22.0,1,1,Com feridos leves,False
1694058,NOTIFICACAO,2023-07-20,2023,7,20,23:31,Quinta-feira,NOITE,VIAS URBANAS,NAO DISPONIVEL,RUA AMERICO VEZZANI,-21.58634011,-48.37519637,ATROPELAMENTO,0,0,0,0,0,0,0,0,0,0,0,23.0,0,0,Sem vítimas,False
1535151,SINISTRO NAO FATAL,2023-07-21,2023,7,21,18:32,Sexta-feira,NOITE,VIAS URBANAS,NAO DISPONIVEL,AVENIDA BALDAN,-21.61032578,-48.37673105,COLISAO,0,1,1,0,0,0,0,0,0,1,1,18.0,1,2,Com feridos leves,False
1550133,NOTIFICACAO,2023-07-21,2023,7,21,18:35,Sexta-feira,NOITE,VIAS URBANAS,NAO DISPONIVEL,AVENIDA BALDAN,-21.61262645,-48.37172443,OUTROS,0,0,0,0,0,0,0,0,0,0,0,18.0,0,0,Sem vítimas,False
1695231,SINISTRO NAO FATAL,2023-07-21,2023,7,21,22:18,Sexta-feira,NOITE,VIAS URBANAS,PUBLICO,AVENIDA BALDAN,-21.61032578,-48.37673105,COLISAO,0,1,0,0,0,0,0,0,0,1,0,22.0,1,1,Com feridos leves,False
1869031,NOTIFICACAO,2023-07-21,2023,7,21,00:15,Sexta-feira,MADRUGADA,VIAS URBANAS,PUBLICO,AVENIDA JOAO ROSSI,-21.58804987,-48.35630344,ATROPELAMENTO,0,0,0,0,0,3,0,0,0,2,1,0.0,2,0,Com feridos leves,False
1814683,NOTIFICACAO,2023-07-22,2023,7,22,21:02,Sábado,NOITE,VIAS URBANAS,NAO DISPONIVEL,"MATÃO  MATÃO, STATE OF SÃO PAULO, BRAZIL",-21.601267,-48.361355,OUTROS,0,0,0,0,0,0,0,0,0,0,0,21.0,0,0,Sem vítimas,True
1816832,SINISTRO NAO FATAL,2023-07-22,2023,7,22,21:30,Sábado,NOITE,ESTRADAS E RODOVIAS,PUBLICO,SP 310,-21.65175001,-48.38365554,COLISAO,0,0,1,0,1,0,1,0,0,1,1,21.0,1,3,Com feridos leves,True
1295510,NOTIFICACAO,2023-07-23,2023,7,23,07:28,Domingo,MANHA,VIAS URBANAS,NAO DISPONIVEL,SPITAL CARLOS FERNANDO MALZONI  AV SETE DE SET,-21.605116,-48.368057,NAO DISPONIVEL,0,0,0,0,0,0,0,0,0,0,0,7.0,0,0,Sem vítimas,True
2257018,SINISTRO NAO FATAL,2023-07-23,2023,7,23,05:58,Domingo,MADRUGADA,VIAS URBANAS,PUBLICO,ESTRADA DOBRADA  MATÃO,-21.58473217,-48.36863907,COLISAO,0,0,2,0,0,0,0,0,0,2,0,5.0,2,2,Com feridos leves,True
1263272,NOTIFICACAO,2023-07-25,2023,7,25,14:51,Terça-feira,TARDE,VIAS URBANAS,NAO DISPONIVEL,SPITAL CARLOS FERNANDO MALZONI  AV SETE DE SET,-21.605116,-48.368057,NAO DISPONIVEL,0,0,0,0,0,0,0,0,0,0,0,14.0,0,0,Sem vítimas,False
1870859,NOTIFICACAO,2023-07-25,2023,7,25,07:10,Terça-feira,MANHA,VIAS URBANAS,NAO DISPONIVEL,SPITAL CARLOS FERNANDO MALZONI  AV SETE DE SET,-21.605116,-48.368057,NAO DISPONIVEL,0,0,0,0,0,0,0,0,0,0,0,7.0,0,0,Sem vítimas,False
2223934,SINISTRO NAO FATAL,2023-07-25,2023,7,25,13:55,Terça-feira,TARDE,VIAS URBANAS,NAO DISPONIVEL,AVENIDA CAMPOS SALLES,-21.60279737,-48.36745894,COLISAO,0,0,2,0,0,0,0,0,0,1,3,13.0,1,2,Com feridos leves,False
1300772,NOTIFICACAO,2023-07-26,2023,7,26,14:09,Quarta-feira,TARDE,VIAS URBANAS,NAO DISPONIVEL,RUA SAO LOURENCO,-21.60150932,-48.36040515,OUTROS,0,0,0,0,0,0,0,0,0,0,0,14.0,0,0,Sem vítimas,False
1302061,SINISTRO NAO FATAL,2023-07-26,2023,7,26,14:08,Quarta-feira,TARDE,VIAS URBANAS,PUBLICO,AVENIDA VINTE E OITO DE AGOSTO,-21.60400829,-48.36365491,COLISAO,0,0,2,0,0,0,0,0,0,3,0,14.0,3,2,Com feridos leves,False
1684213,NOTIFICACAO,2023-07-26,2023,7,26,20:55,Quarta-feira,NOITE,VIAS URBANAS,NAO DISPONIVEL,AVENIDA SANTO ANTONIO,-21.58937398,-48.36364232,OUTROS,0,0,0,0,0,0,0,0,0,0,0,20.0,0,0,Sem vítimas,False
1876313,SINISTRO NAO FATAL,2023-07-26,2023,7,26,06:58,Quarta-feira,MANHA,VIAS URBANAS,PUBLICO,"MATÃO  MATÃO, STATE OF SÃO PAULO, BRAZIL",-21.601267,-48.361355,COLISAO,0,0,2,0,0,0,0,0,0,2,0,6.0,2,2,Com feridos leves,False
1934382,NOTIFICACAO,2023-07-26,2023,7,26,07:09,Quarta-feira,MANHA,VIAS URBANAS,NAO DISPONIVEL,"MATÃO  MATÃO, STATE OF SÃO PAULO, BRAZIL",-21.601267,-48.361355,NAO DISPONIVEL,0,0,0,0,0,0,0,0,0,0,0,7.0,0,0,Sem vítimas,False
1356221,NOTIFICACAO,2023-07-27,2023,7,27,16:09,Quinta-feira,TARDE,ESTRADAS E RODOVIAS,NAO DISPONIVEL,SP 326,-21.60813683,-48.33522642,OUTROS,0,0,0,0,0,0,0,0,0,0,0,16.0,0,0,Sem vítimas,False
1443213,NOTIFICACAO,2023-07-27,2023,7,27,17:31,Quinta-feira,TARDE,VIAS URBANAS,NAO DISPONIVEL,RUA SINHARINHA FROTA,-21.605268,-48.367813,OUTROS,0,0,0,0,0,0,0,0,0,0,0,17.0,0,0,Sem vítimas,False
1527309,SINISTRO NAO FATAL,2023-07-27,2023,7,27,17:00,Quinta-feira,TARDE,ESTRADAS E RODOVIAS,PUBLICO,SP 326,-21.60813683,-48.33522642,OUTROS,0,1,0,0,0,0,0,0,1,1,0,17.0,2,1,Com feridos graves,False
2214965,SINISTRO NAO FATAL,2023-07-27,2023,7,27,14:11,Quinta-feira,TARDE,VIAS URBANAS,PUBLICO,TRABALHADOR,-21.59849374,-48.36298215,CHOQUE,0,0,1,0,0,0,0,0,0,1,0,14.0,1,1,Com feridos leves,False
2224406,NOTIFICACAO,2023-07-27,2023,7,27,14:13,Quinta-feira,TARDE,VIAS URBANAS,NAO DISPONIVEL,"MATÃO  MATÃO, STATE OF SÃO PAULO, BRAZIL",-21.601267,-48.361355,OUTROS,0,0,0,0,0,0,0,0,0,0,0,14.0,0,0,Sem vítimas,False
1308094,SINISTRO NAO FATAL,2023-07-28,2023,7,28,14:25,Sexta-feira,TARDE,VIAS URBANAS,PUBLICO,RUA JOSE MONDINI,-21.59732119,-48.38325962,COLISAO,0,1,0,0,1,0,0,0,0,1,1,14.0,1,2,Com feridos leves,False
1354150,SINISTRO NAO FATAL,2023-07-28,2023,7,28,15:06,Sexta-feira,TARDE,VIAS URBANAS,PUBLICO,DO TRABALHADOR,-21.581158,-48.37094,COLISAO,0,1,1,0,0,0,0,0,0,1,1,15.0,1,2,Com feridos leves,False
2003168,SINISTRO NAO FATAL,2023-07-28,2023,7,28,08:54,Sexta-feira,MANHA,VIAS URBANAS,PUBLICO,AVENIDA ARMANDO MARCHESAN,-21.59849374,-48.36298215,OUTROS,0,1,0,0,0,0,0,0,0,1,1,8.0,1,1,Com feridos leves,False
1381332,NOTIFICACAO,2023-07-29,2023,7,29,13:19,Sábado,TARDE,VIAS URBANAS,NAO DISPONIVEL,RUA SINHARINHA FROTA,-21.605268,-48.367813,NAO DISPONIVEL,0,0,0,0,0,0,0,0,0,0,0,13.0,0,0,Sem vítimas,True
1743349,SINISTRO NAO FATAL,2023-07-29,2023,7,29,22:03,Sábado,NOITE,VIAS URBANAS,PUBLICO,AVENIDA PADRE NELSON ANTONIO ROMAO,-21.60291226,-48.36050158,COLISAO,0,1,1,0,0,0,0,0,0,1,1,22.0,1,2,Com feridos leves,True
1538914,NOTIFICACAO,2023-07-31,2023,7,31,18:17,Segunda-feira,NOITE,VIAS URBANAS,NAO DISPONIVEL,AVENIDA FRANCISCO MASTROPIETRO,-21.585543,-48.3654,OUTROS,0,0,0,0,0,0,0,0,0,0,0,18.0,0,0,Sem vítimas,False
1551697,SINISTRO NAO FATAL,2023-07-31,2023,7,31,18:19,Segunda-feira,NOITE,VIAS URBANAS,PUBLICO,RUA VICENTE MASTRO PIETRO,-21.60757,-48.367683,COLISAO,0,0,2,0,0,0,0,0,0,1,3,18.0,1,2,Com feridos leves,False
1529093,SINISTRO NAO FATAL,2023-08-02,2023,8,2,18:03,Quarta-feira,NOITE,VIAS URBANAS,PUBLICO,"MATÃO  MATÃO, STATE OF SÃO PAULO, BRAZIL",-21.601267,-48.361355,CHOQUE,0,1,1,0,0,0,0,0,0,1,1,18.0,1,2,Com feridos leves,False
1654110,NOTIFICACAO,2023-08-02,2023,8,2,20:41,Quarta-feira,NOITE,VIAS URBANAS,NAO DISPONIVEL,"MATÃO  MATÃO, STATE OF SÃO PAULO, BRAZIL",-21.601267,-48.361355,OUTROS,0,0,0,0,0,0,0,0,0,0,0,20.0,0,0,Sem vítimas,False
1263149,NOTIFICACAO,2023-08-03,2023,8,3,13:50,Quinta-feira,TARDE,VIAS URBANAS,NAO DISPONIVEL,AVENIDA TROLESI,-21.60565583,-48.34832684,OUTROS,0,0,0,0,0,0,0,0,0,0,0,13.0,0,0,Sem vítimas,False
1266793,NOTIFICACAO,2023-08-03,2023,8,3,13:47,Quinta-feira,TARDE,VIAS URBANAS,NAO DISPONIVEL,AVENIDA JOSE PILO,-21.63807319,-48.34302876,OUTROS,0,0,0,0,0,0,0,0,0,0,0,13.0,0,0,Sem vítimas,False
1341725,SINISTRO NAO FATAL,2023-08-04,2023,8,4,15:31,Sexta-feira,TARDE,VIAS URBANAS,NAO DISPONIVEL,AVENIDA BÔRTOLO BIAVA,-21.613155,-48.36253,ATROPELAMENTO,0,0,1,0,0,1,0,0,0,0,2,15.0,0,1,Sem vítimas,False
1347142,NOTIFICACAO,2023-08-04,2023,8,4,15:38,Sexta-feira,TARDE,VIAS URBANAS,NAO DISPONIVEL,AVENIDA ANTONIO COELHO,-21.6006573,-48.38069049,OUTROS,0,0,0,0,0,0,0,0,0,0,0,15.0,0,0,Sem vítimas,False
1493258,SINISTRO NAO FATAL,2023-08-04,2023,8,4,18:00,Sexta-feira,NOITE,VIAS URBANAS,NAO DISPONIVEL,RUA JUNDIAÍ,-21.613539,-48.353737,CHOQUE,0,0,2,0,0,0,0,0,0,1,2,18.0,1,2,Com feridos leves,False
1624457,SINISTRO NAO FATAL,2023-08-04,2023,8,4,19:58,Sexta-feira,NOITE,VIAS URBANAS,PUBLICO,AVENIDA TROLESI,-21.590092,-48.341644,COLISAO,0,1,1,0,0,0,0,0,0,1,1,19.0,1,2,Com feridos leves,False
1747547,SINISTRO NAO FATAL,2023-08-05,2023,8,5,22:45,Sábado,NOITE,ESTRADAS E RODOVIAS,PUBLICO,SP 310,-21.6419439,-48.392914,OUTROS,0,1,0,0,0,0,0,0,1,0,0,22.0,1,1,Com feridos graves,True
1804254,SINISTRO NAO FATAL,2023-08-05,2023,8,5,21:39,Sábado,NOITE,VIAS URBANAS,PUBLICO,AVENIDA BALDAN,-21.61032578,-48.37673105,COLISAO,0,1,0,0,0,0,1,0,0,1,1,21.0,1,2,Com feridos leves,True
2117949,NOTIFICACAO,2023-08-05,2023,8,5,07:27,Sábado,MANHA,VIAS URBANAS,NAO DISPONIVEL,AVENIDA BALDAN,-21.61262645,-48.37172443,NAO DISPONIVEL,0,0,0,0,0,0,0,0,0,0,0,7.0,0,0,Sem vítimas,True
1784175,NOTIFICACAO,2023-08-06,2023,8,6,19:22,Domingo,NOITE,VIAS URBANAS,NAO DISPONIVEL,"MATÃO  MATÃO, STATE OF SÃO PAULO, BRAZIL",-21.601267,-48.361355,OUTROS,0,0,0,0,0,0,0,0,0,0,0,19.0,0,0,Sem vítimas,True
2060897,SINISTRO NAO FATAL,2023-08-08,2023,8,8,10:07,Terça-feira,MANHA,VIAS URBANAS,PUBLICO,"MATÃO  MATÃO, STATE OF SÃO PAULO, BRAZIL",-21.6018946,-48.3682793,OUTROS,0,1,0,0,0,0,0,0,1,1,0,10.0,2,1,Com feridos graves,False
2174615,SINISTRO NAO FATAL,2023-08-08,2023,8,8,13:06,Terça-feira,TARDE,VIAS URBANAS,PUBLICO,"MATÃO  MATÃO, STATE OF SÃO PAULO, BRAZIL",-21.601267,-48.361355,COLISAO,0,1,1,0,0,0,0,0,1,0,1,13.0,1,2,Com feridos graves,False
1465018,NOTIFICACAO,2023-08-09,2023,8,9,18:10,Quarta-feira,NOITE,VIAS URBANAS,PUBLICO,RUA RUI BARBOSA,-21.60235759,-48.36612995,OUTROS,0,0,0,0,0,0,0,0,0,0,0,18.0,0,0,Sem vítimas,False
2187984,SINISTRO NAO FATAL,2023-08-10,2023,8,10,13:33,Quinta-feira,TARDE,VIAS URBANAS,PUBLICO,RUA SINHARINHA FROTA,-21.6104011,-48.356122,COLISAO,0,1,1,0,0,0,0,0,0,1,1,13.0,1,2,Com feridos leves,False
1981178,NOTIFICACAO,2023-08-11,2023,8,11,07:50,Sexta-feira,MANHA,VIAS URBANAS,NAO DISPONIVEL,AVENIDA TROLESI,-21.61025396,-48.35067163,OUTROS,0,0,0,0,0,0,0,0,0,0,0,7.0,0,0,Sem vítimas,False
1279451,NOTIFICACAO,2023-08-12,2023,8,12,10:55,Sábado,MANHA,VIAS URBANAS,NAO DISPONIVEL,RUA SINHARINHA FROTA,-21.60475599,-48.36773163,OUTROS,0,0,0,0,0,0,0,0,0,0,0,10.0,0,0,Sem vítimas,True
1581367,SINISTRO NAO FATAL,2023-08-12,2023,8,12,15:01,Sábado,TARDE,VIAS URBANAS,PUBLICO,"MATÃO  MATÃO, STATE OF SÃO PAULO, BRAZIL",-21.601267,-48.361355,CHOQUE,0,0,1,0,0,0,0,0,0,1,0,15.0,1,1,Com feridos leves,True
1678770,SINISTRO NAO FATAL,2023-08-12,2023,8,12,01:14,Sábado,MADRUGADA,VIAS URBANAS,PUBLICO,AVENIDA ONEIDA TRAVASSOS DOURADO,-21.62440029,-48.34583439,COLISAO,0,0,1,0,0,0,0,0,0,1,0,1.0,1,1,Com feridos leves,True
1684123,SINISTRO NAO FATAL,2023-08-12,2023,8,12,16:48,Sábado,TARDE,VIAS URBANAS,PUBLICO,TRABALHADORES,-21.60110746,-48.38926858,COLISAO,0,1,1,0,0,0,0,0,0,2,1,16.0,2,2,Com feridos leves,True
1774253,SINISTRO NAO FATAL,2023-08-12,2023,8,12,19:06,Sábado,NOITE,VIAS URBANAS,PUBLICO,"MATÃO  MATÃO, STATE OF SÃO PAULO, BRAZIL",-21.570945,-48.3763605,COLISAO,0,1,1,0,0,0,0,0,1,0,3,19.0,1,2,Com feridos graves,True
1664426,NOTIFICACAO,2023-08-13,2023,8,13,16:31,Domingo,TARDE,VIAS URBANAS,NAO DISPONIVEL,AVENIDA SETE DE SETEMBRO,-21.60295094,-48.36534471,NAO DISPONIVEL,0,0,0,0,0,0,0,0,0,0,0,16.0,0,0,Sem vítimas,True
2219841,NOTIFICACAO,2023-08-13,2023,8,13,07:30,Domingo,MANHA,VIAS URBANAS,NAO DISPONIVEL,RUA BAHIA,-21.595425,-48.348568,OUTROS,0,0,0,0,0,0,0,0,0,0,0,7.0,0,0,Sem vítimas,True
1272200,SINISTRO NAO FATAL,2023-08-15,2023,8,15,14:21,Terça-feira,TARDE,VIAS URBANAS,PUBLICO,"MATÃO  MATÃO, STATE OF SÃO PAULO, BRAZIL",-21.5933342,-48.3802187,COLISAO,0,1,1,0,0,0,0,0,1,1,1,14.0,2,2,Com feridos graves,False
1285105,NOTIFICACAO,2023-08-15,2023,8,15,14:25,Terça-feira,TARDE,VIAS URBANAS,NAO DISPONIVEL,"MATÃO  MATÃO, STATE OF SÃO PAULO, BRAZIL",-21.601267,-48.361355,OUTROS,0,0,0,0,0,0,0,0,0,0,0,14.0,0,0,Sem vítimas,False
1297365,NOTIFICACAO,2023-08-15,2023,8,15,14:27,Terça-feira,TARDE,VIAS URBANAS,NAO DISPONIVEL,AVENIDA LUDWIG ECKES,-21.59629982,-48.38088226,OUTROS,0,0,0,0,0,0,0,0,0,0,0,14.0,0,0,Sem vítimas,False
1421868,NOTIFICACAO,2023-08-17,2023,8,17,13:48,Quinta-feira,TARDE,VIAS URBANAS,NAO DISPONIVEL,VIA CLITO BASTIA,-21.62319663,-48.33406198,OUTROS,0,0,0,0,0,0,0,0,0,0,0,13.0,0,0,Sem vítimas,False
1708008,NOTIFICACAO,2023-08-17,2023,8,17,17:30,Quinta-feira,TARDE,VIAS URBANAS,NAO DISPONIVEL,AVENIDA BALDAN,-21.61293903,-48.37104712,OUTROS,0,0,0,0,0,0,0,0,0,0,0,17.0,0,0,Sem vítimas,False
1714129,NOTIFICACAO,2023-08-17,2023,8,17,17:30,Quinta-feira,TARDE,VIAS URBANAS,NAO DISPONIVEL,AVENIDA BALDAN,-21.61366666,-48.36947042,OUTROS,0,0,0,0,0,0,0,0,0,0,0,17.0,0,0,Sem vítimas,False
1733246,NOTIFICACAO,2023-08-17,2023,8,17,18:35,Quinta-feira,NOITE,VIAS URBANAS,PUBLICO,AVENIDA FRANCISCO MASTROPIETRO,-21.58819372,-48.35883149,OUTROS,0,0,0,0,0,0,0,0,0,0,0,18.0,0,0,Sem vítimas,False
2001914,SINISTRO NAO FATAL,2023-08-17,2023,8,17,08:04,Quinta-feira,MANHA,VIAS URBANAS,NAO DISPONIVEL,RUA PAULO MANZI,-21.59757838,-48.38094537,COLISAO,0,1,1,0,0,0,0,0,0,0,2,8.0,0,2,Sem vítimas,False
1293317,SINISTRO NAO FATAL,2023-08-18,2023,8,18,12:54,Sexta-feira,TARDE,VIAS URBANAS,PUBLICO,AVENIDA SAO PAULO,-21.59912306,-48.35101247,COLISAO,0,1,1,0,0,0,0,0,0,1,1,12.0,1,2,Com feridos leves,False
1532399,SINISTRO NAO FATAL,2023-08-18,2023,8,18,16:30,Sexta-feira,TARDE,VIAS URBANAS,PUBLICO,RUA SAO LOURENCO,-21.60191954,-48.35514518,COLISAO,0,1,1,0,0,0,0,0,0,1,1,16.0,1,2,Com feridos leves,False
1717891,NOTIFICACAO,2023-08-18,2023,8,18,21:20,Sexta-feira,NOITE,VIAS URBANAS,NAO DISPONIVEL,RUA SINHARINHA FROTA,-21.605268,-48.367813,OUTROS,0,0,0,0,0,0,0,0,0,0,0,21.0,0,0,Sem vítimas,False
1928074,SINISTRO NAO FATAL,2023-08-18,2023,8,18,07:26,Sexta-feira,MANHA,VIAS URBANAS,PUBLICO,RUA CESARIO MOTTA,-21.60279224,-48.36964158,COLISAO,1,0,1,0,0,0,0,0,0,1,2,7.0,1,2,Com feridos leves,False
1804860,SINISTRO NAO FATAL,2023-08-19,2023,8,19,21:06,Sábado,NOITE,VIAS URBANAS,PUBLICO,AVENIDA PREFEITO LAERT JOSÉ TARALO MENDES,-21.599045,-48.372604,OUTROS,0,1,0,0,0,0,0,0,0,1,0,21.0,1,1,Com feridos leves,True
1809960,NOTIFICACAO,2023-08-19,2023,8,19,19:33,Sábado,NOITE,VIAS URBANAS,NAO DISPONIVEL,AVENIDA PADRE NELSON ANTONIO ROMÃO,-21.60192,-48.36144,OUTROS,0,0,0,0,0,0,0,0,0,0,0,19.0,0,0,Sem vítimas,True
1815492,SINISTRO NAO FATAL,2023-08-19,2023,8,19,22:20,Sábado,NOITE,VIAS URBANAS,NAO DISPONIVEL,ENTRE MATÃO E MOTUCA,-21.59849374,-48.36298215,COLISAO,0,1,1,0,0,0,0,0,1,1,0,22.0,2,2,Com feridos graves,True
1724559,SINISTRO NAO FATAL,2023-08-20,2023,8,20,16:56,Domingo,TARDE,VIAS URBANAS,NAO DISPONIVEL,RUA ADELINO BESSI,-21.63092725,-48.34094179,OUTROS,0,1,0,0,0,0,0,0,0,1,0,16.0,1,1,Com feridos leves,True
1657461,NOTIFICACAO,2023-08-21,2023,8,21,02:13,Segunda-feira,MADRUGADA,VIAS URBANAS,NAO DISPONIVEL,RUA ALEXANDRE DOS SANTOS PIRES,-21.62449659,-48.35128651,OUTROS,0,0,0,0,0,0,0,0,0,0,0,2.0,0,0,Sem vítimas,False
1680086,SINISTRO NAO FATAL,2023-08-21,2023,8,21,02:03,Segunda-feira,MADRUGADA,VIAS URBANAS,PUBLICO,CONSTRUSILVA MATERIAIS PARA CONSTRUÇÃO  RUA ALEXA,-21.629824,-48.34792,COLISAO,0,1,0,0,0,0,0,0,0,1,1,2.0,1,1,Com feridos leves,False
1888574,NOTIFICACAO,2023-08-21,2023,8,21,07:00,Segunda-feira,MANHA,VIAS URBANAS,NAO DISPONIVEL,RUA SINHARINHA FROTA,-21.605268,-48.367813,NAO DISPONIVEL,0,0,0,0,0,0,0,0,0,0,0,7.0,0,0,Sem vítimas,False
1916048,SINISTRO NAO FATAL,2023-08-21,2023,8,21,06:22,Segunda-feira,MANHA,VIAS URBANAS,PUBLICO,RUA SINHARINHA FROTA,-21.60741205,-48.36181531,COLISAO,0,1,1,0,0,0,0,0,0,1,1,6.0,1,2,Com feridos leves,False
1961700,SINISTRO NAO FATAL,2023-08-21,2023,8,21,08:00,Segunda-feira,MANHA,VIAS URBANAS,PUBLICO,AVENIDA JOSE CERQUEIRA,-21.59417678,-48.37354913,COLISAO,0,1,1,0,0,0,0,0,0,1,1,8.0,1,2,Com feridos leves,False
1642195,SINISTRO NAO FATAL,2023-08-22,2023,8,22,16:14,Terça-feira,TARDE,VIAS URBANAS,PUBLICO,"PRAÇA DA ABOLIÇÃO  AV ARMÍNIO DE ARRUDA CAMARGO,",-21.610765,-48.36693,COLISAO,0,1,1,0,0,0,0,0,0,1,1,16.0,1,2,Com feridos leves,False
1874756,NOTIFICACAO,2023-08-22,2023,8,22,07:06,Terça-feira,MANHA,VIAS URBANAS,NAO DISPONIVEL,AVENIDA LUIZ ALBINO BASSOLI,-21.54988906,-48.53435885,OUTROS,0,0,0,0,0,0,0,0,0,0,0,7.0,0,0,Sem vítimas,False
1293937,SINISTRO NAO FATAL,2023-08-23,2023,8,23,13:11,Quarta-feira,TARDE,VIAS URBANAS,PUBLICO,MATAO  MATAO  STATE OF SAO PAULO  BRAZIL,-21.601267,-48.361355,COLISAO,0,0,0,0,2,0,0,0,0,1,1,13.0,1,2,Com feridos leves,False
1476976,SINISTRO NAO FATAL,2023-08-24,2023,8,24,14:25,Quinta-feira,TARDE,VIAS URBANAS,PUBLICO,RUA MARIANA VILELA ANACONI,-21.608152,-48.398773,COLISAO,0,1,1,0,0,0,0,0,0,1,2,14.0,1,2,Com feridos leves,False
1477914,NOTIFICACAO,2023-08-24,2023,8,24,14:25,Quinta-feira,TARDE,VIAS URBANAS,NAO DISPONIVEL,RUA MARIANA VILELA ANACONI,-21.60804,-48.398186,OUTROS,0,0,0,0,0,0,0,0,0,0,0,14.0,0,0,Sem vítimas,False
1478652,NOTIFICACAO,2023-08-24,2023,8,24,14:35,Quinta-feira,TARDE,VIAS URBANAS,NAO DISPONIVEL,"MATÃO  MATÃO, STATE OF SÃO PAULO, BRAZIL",-21.601267,-48.361355,OUTROS,0,0,0,0,0,0,0,0,0,0,0,14.0,0,0,Sem vítimas,False
1487625,NOTIFICACAO,2023-08-24,2023,8,24,14:35,Quinta-feira,TARDE,VIAS URBANAS,NAO DISPONIVEL,"MATÃO  MATÃO, STATE OF SÃO PAULO, BRAZIL",-21.601267,-48.361355,OUTROS,0,0,0,0,0,0,0,0,0,0,0,14.0,0,0,Sem vítimas,False
1587994,NOTIFICACAO,2023-08-25,2023,8,25,17:50,Sexta-feira,TARDE,VIAS URBANAS,PUBLICO,AVENIDA JOSÉ ESQUETINE,-21.592876,-48.340065,OUTROS,0,0,0,0,0,0,0,0,0,0,0,17.0,0,0,Sem vítimas,False
1675208,SINISTRO NAO FATAL,2023-08-25,2023,8,25,21:00,Sexta-feira,NOITE,ESTRADAS E RODOVIAS,PUBLICO,SP 310,-21.5670452,-48.4661588,OUTROS,0,0,0,0,3,0,0,0,1,0,2,21.0,1,3,Com feridos graves,False
1737695,NOTIFICACAO,2023-08-25,2023,8,25,21:16,Sexta-feira,NOITE,ESTRADAS E RODOVIAS,NAO DISPONIVEL,SP 310,-21.60111233,-48.38934804,OUTROS,0,0,0,0,0,0,0,0,0,0,0,21.0,0,0,Sem vítimas,False
1897407,SINISTRO NAO FATAL,2023-08-25,2023,8,25,08:03,Sexta-feira,MANHA,VIAS URBANAS,PUBLICO,AVENIDA TROLESI,-21.61515272,-48.35328174,COLISAO,0,1,1,0,0,0,0,0,0,1,1,8.0,1,2,Com feridos leves,False
1465654,SINISTRO NAO FATAL,2023-08-26,2023,8,26,14:37,Sábado,TARDE,VIAS URBANAS,NAO DISPONIVEL,RUA VITÓRIO PINOTI,-21.600784,-48.38627,COLISAO,0,0,3,0,0,0,0,0,0,1,2,14.0,1,3,Com feridos leves,True
1473406,NOTIFICACAO,2023-08-26,2023,8,26,14:52,Sábado,TARDE,VIAS URBANAS,NAO DISPONIVEL,RUA SINHARINHA FROTA,-21.60475599,-48.36773163,OUTROS,0,0,0,0,0,0,0,0,0,0,0,14.0,0,0,Sem vítimas,True
2519983,SINISTRO NAO FATAL,2023-08-26,2023,8,26,22:03,Sábado,NOITE,ESTRADAS E RODOVIAS,PUBLICO,SP 326,-21.63499102,-48.33657671,COLISAO,0,0,1,0,0,0,0,0,0,2,1,22.0,2,1,Com feridos leves,True
1686235,NOTIFICACAO,2023-08-27,2023,8,27,18:26,Domingo,NOITE,VIAS URBANAS,NAO DISPONIVEL,"MATÃO  MATÃO, STATE OF SÃO PAULO, BRAZIL",-21.601267,-48.361355,OUTROS,0,0,0,0,0,0,0,0,0,0,0,18.0,0,0,Sem vítimas,True
1799504,NOTIFICACAO,2023-08-27,2023,8,27,22:53,Domingo,NOITE,VIAS URBANAS,NAO DISPONIVEL,AVENIDA PREFEITO LAERT JOSÉ TARALO MENDES,-21.599045,-48.372604,OUTROS,0,0,0,0,0,0,0,0,0,0,0,22.0,0,0,Sem vítimas,True
2012922,SINISTRO NAO FATAL,2023-08-27,2023,8,27,06:45,Domingo,MANHA,ESTRADAS E RODOVIAS,PUBLICO,SP 326,-21.68865228,-48.33856218,CHOQUE,0,0,1,0,0,0,0,0,1,0,0,6.0,1,1,Com feridos graves,True
1317505,NOTIFICACAO,2023-08-28,2023,8,28,14:44,Segunda-feira,TARDE,VIAS URBANAS,NAO DISPONIVEL,RUA SINHARINHA FROTA,-21.605268,-48.367813,OUTROS,0,0,0,0,0,0,0,0,0,0,0,14.0,0,0,Sem vítimas,False
1395999,SINISTRO NAO FATAL,2023-08-28,2023,8,28,16:00,Segunda-feira,TARDE,VIAS URBANAS,NAO DISPONIVEL,AVENIDA VINTE E OITO DE AGOSTO,-21.59018727,-48.35631534,COLISAO,0,1,1,0,0,0,0,0,1,0,1,16.0,1,2,Com feridos graves,False
1401739,NOTIFICACAO,2023-08-28,2023,8,28,16:00,Segunda-feira,TARDE,VIAS URBANAS,NAO DISPONIVEL,"MATÃO  MATÃO, STATE OF SÃO PAULO, BRAZIL",-21.601267,-48.361355,OUTROS,0,0,0,0,0,0,0,0,0,0,0,16.0,0,0,Sem vítimas,False
2133633,NOTIFICACAO,2023-08-28,2023,8,28,11:31,Segunda-feira,MANHA,VIAS URBANAS,NAO DISPONIVEL,AVENIDA FRANCISCO MASTROPIETRO,-21.58902513,-48.35712115,OUTROS,0,0,0,0,0,0,0,0,0,0,0,11.0,0,0,Sem vítimas,False
2163314,NOTIFICACAO,2023-08-28,2023,8,28,13:33,Segunda-feira,TARDE,ESTRADAS E RODOVIAS,NAO DISPONIVEL,SP 310,-21.54163886,-48.50265974,OUTROS,0,0,0,0,0,0,0,0,0,0,0,13.0,0,0,Sem vítimas,False
1288893,SINISTRO NAO FATAL,2023-08-29,2023,8,29,02:35,Terça-feira,MADRUGADA,VIAS URBANAS,PUBLICO,"MATÃO  MATÃO, STATE OF SÃO PAULO, BRAZIL",-21.601267,-48.361355,CHOQUE,0,1,0,0,0,0,0,0,1,0,1,2.0,1,1,Com feridos graves,False
1307945,NOTIFICACAO,2023-08-29,2023,8,29,02:39,Terça-feira,MADRUGADA,VIAS URBANAS,NAO DISPONIVEL,AVENIDA TROLESI,-21.60578115,-48.34831206,OUTROS,0,0,0,0,0,0,0,0,0,0,0,2.0,0,0,Sem vítimas,False
1687297,SINISTRO NAO FATAL,2023-08-29,2023,8,29,22:41,Terça-feira,NOITE,VIAS URBANAS,PUBLICO,AVENIDA SETE DE SETEMBRO,-21.59292593,-48.35996711,OUTROS,0,1,0,0,0,0,0,0,0,1,0,22.0,1,1,Com feridos leves,False
2236297,SINISTRO NAO FATAL,2023-08-31,2023,8,31,12:41,Quinta-feira,TARDE,VIAS URBANAS,PUBLICO,"MATÃO  MATÃO, STATE OF SÃO PAULO, BRAZIL",-21.601267,-48.361355,COLISAO,0,1,1,0,0,0,0,0,0,1,1,12.0,1,2,Com feridos leves,False
1715119,SINISTRO NAO FATAL,2023-09-01,2023,9,1,20:53,Sexta-feira,NOITE,VIAS URBANAS,PUBLICO,"MATÃO  MATÃO, STATE OF SÃO PAULO, BRAZIL",-21.601267,-48.361355,COLISAO,0,0,2,0,0,0,0,0,0,1,2,20.0,1,2,Com feridos leves,False
1747190,NOTIFICACAO,2023-09-01,2023,9,1,23:01,Sexta-feira,NOITE,VIAS URBANAS,NAO DISPONIVEL,AVENIDA TROLESI,-21.616062,-48.354992,OUTROS,0,0,0,0,0,0,0,0,0,0,0,23.0,0,0,Sem vítimas,False
1768037,NOTIFICACAO,2023-09-01,2023,9,1,23:16,Sexta-feira,NOITE,VIAS URBANAS,NAO DISPONIVEL,"MATÃO  MATÃO, STATE OF SÃO PAULO, BRAZIL",-21.601267,-48.361355,OUTROS,0,0,0,0,0,0,0,0,0,0,0,23.0,0,0,Sem vítimas,False
1816692,SINISTRO NAO FATAL,2023-09-01,2023,9,1,23:01,Sexta-feira,NOITE,VIAS URBANAS,PUBLICO,AVENIDA TROLESI,-21.61710771,-48.35431973,COLISAO,0,1,1,0,0,0,0,0,1,1,1,23.0,2,2,Com feridos graves,False
1531682,SINISTRO NAO FATAL,2023-09-02,2023,9,2,14:31,Sábado,TARDE,VIAS URBANAS,PUBLICO,RUA JOAO CARVALHO,-21.61580802,-48.34831228,COLISAO,0,1,0,0,1,0,0,0,0,2,1,14.0,2,2,Com feridos leves,True
1814934,NOTIFICACAO,2023-09-02,2023,9,2,21:52,Sábado,NOITE,VIAS URBANAS,NAO DISPONIVEL,"MATÃO  MATÃO, STATE OF SÃO PAULO, BRAZIL",-21.601267,-48.361355,NAO DISPONIVEL,0,0,0,0,0,0,0,0,0,0,0,21.0,0,0,Sem vítimas,True
1878214,SINISTRO NAO FATAL,2023-09-02,2023,9,2,01:45,Sábado,MADRUGADA,VIAS URBANAS,PUBLICO,ESTRADA PRA DOBRADA,-21.59849374,-48.36298215,OUTROS,0,0,1,0,0,0,0,0,0,2,1,1.0,2,1,Com feridos leves,True
2456438,SINISTRO FATAL,2023-09-03,2023,9,3,05:45,Domingo,MADRUGADA,VIAS URBANAS,PUBLICO,RODOVIA DO TRABALHADOR,-21.5671230889,-48.381086388,COLISAO,0,0,2,1,0,0,0,1,0,0,0,5.0,1,3,Com óbito,True
1897731,NOTIFICACAO,2023-09-04,2023,9,4,04:16,Segunda-feira,MADRUGADA,ESTRADAS E RODOVIAS,NAO DISPONIVEL,SP 310,-21.53065572,-48.51858279,OUTROS,0,0,0,0,0,0,0,0,0,0,0,4.0,0,0,Sem vítimas,False
1419017,SINISTRO NAO FATAL,2023-09-05,2023,9,5,17:28,Terça-feira,TARDE,VIAS URBANAS,NAO DISPONIVEL,"MATÃO  MATÃO, STATE OF SÃO PAULO, BRAZIL",-21.601267,-48.361355,OUTROS,0,0,0,0,1,0,1,0,0,1,0,17.0,1,2,Com feridos leves,False
1840564,NOTIFICACAO,2023-09-05,2023,9,5,06:54,Terça-feira,MANHA,VIAS URBANAS,NAO DISPONIVEL,RUA VICENTE MASTRO PIETRO,-21.609013,-48.36491,NAO DISPONIVEL,0,0,0,0,0,0,0,0,0,0,0,6.0,0,0,Sem vítimas,False
1880513,SINISTRO NAO FATAL,2023-09-05,2023,9,5,06:50,Terça-feira,MANHA,VIAS URBANAS,NAO DISPONIVEL,"MATÃO  MATÃO, STATE OF SÃO PAULO, BRAZIL",-21.601267,-48.361355,COLISAO,0,0,1,0,0,0,0,0,0,1,1,6.0,1,1,Com feridos leves,False
2028006,SINISTRO NAO FATAL,2023-09-06,2023,9,6,09:02,Quarta-feira,MANHA,VIAS URBANAS,PUBLICO,AVENIDA ANTONIO GORGATTI,-21.628969,-48.35334299,COLISAO,0,1,1,0,0,0,0,0,0,3,0,9.0,3,2,Com feridos leves,False
1284747,SINISTRO NAO FATAL,2023-09-08,2023,9,8,11:51,Sexta-feira,MANHA,VIAS URBANAS,PUBLICO,ESTRADA DOBRADA  MATÃO,-21.58398063,-48.36896646,OUTROS,0,0,1,0,0,0,0,0,0,1,1,11.0,1,1,Com feridos leves,False
1706400,NOTIFICACAO,2023-09-08,2023,9,8,20:22,Sexta-feira,NOITE,VIAS URBANAS,NAO DISPONIVEL,RUA JOSE GONCALVES,-21.6054502,-48.37352457,OUTROS,0,0,0,0,0,0,0,0,0,0,0,20.0,0,0,Sem vítimas,False
1825624,NOTIFICACAO,2023-09-08,2023,9,8,23:56,Sexta-feira,NOITE,VIAS URBANAS,NAO DISPONIVEL,RUA SINHARINHA FROTA,-21.605268,-48.367813,NAO DISPONIVEL,0,0,0,0,0,0,0,0,0,0,0,23.0,0,0,Sem vítimas,False
1883514,SINISTRO NAO FATAL,2023-09-11,2023,9,11,06:42,Segunda-feira,MANHA,VIAS URBANAS,NAO DISPONIVEL,DO TRABALHADOR,-21.591625,-48.370213,COLISAO,0,1,1,0,0,0,0,0,0,1,1,6.0,1,2,Com feridos leves,False
1924477,NOTIFICACAO,2023-09-11,2023,9,11,06:32,Segunda-feira,MANHA,VIAS URBANAS,NAO DISPONIVEL,DO TRABALHADOR,-21.58173,-48.37074,OUTROS,0,0,0,0,0,0,0,0,0,0,0,6.0,0,0,Sem vítimas,False
1474808,NOTIFICACAO,2023-09-12,2023,9,12,17:57,Terça-feira,TARDE,VIAS URBANAS,NAO DISPONIVEL,RUA JOSE GONCALVES,-21.60337284,-48.39071457,OUTROS,0,0,0,0,0,0,0,0,0,0,0,17.0,0,0,Sem vítimas,False
1398465,SINISTRO NAO FATAL,2023-09-13,2023,9,13,15:53,Quarta-feira,TARDE,VIAS URBANAS,NAO DISPONIVEL,AV JOÃO MARCHESAN,-21.59849374,-48.36298215,COLISAO,0,1,1,0,0,0,0,0,0,1,1,15.0,1,2,Com feridos leves,False
1479369,SINISTRO NAO FATAL,2023-09-13,2023,9,13,16:46,Quarta-feira,TARDE,VIAS URBANAS,NAO DISPONIVEL,AVENIDA ARARAQUARA,-21.61626286,-48.35866557,COLISAO,0,1,1,0,0,0,0,0,1,0,1,16.0,1,2,Com feridos graves,False
1827403,SINISTRO NAO FATAL,2023-09-13,2023,9,13,06:45,Quarta-feira,MANHA,VIAS URBANAS,PUBLICO,RUA JOAO PESSOA,-21.60113791,-48.36653674,NAO DISPONIVEL,0,2,0,0,0,0,0,0,0,1,1,6.0,1,2,Com feridos leves,False
2108410,NOTIFICACAO,2023-09-14,2023,9,14,00:47,Quinta-feira,MADRUGADA,VIAS URBANAS,NAO DISPONIVEL,SPITAL CARLOS FERNANDO MALZONI  AV SETE DE SET,-21.605116,-48.368057,ATROPELAMENTO,0,0,0,0,0,0,0,0,0,0,0,0.0,0,0,Sem vítimas,False
1728429,NOTIFICACAO,2023-09-15,2023,9,15,22:44,Sexta-feira,NOITE,VIAS URBANAS,NAO DISPONIVEL,"MATÃO  MATÃO, STATE OF SÃO PAULO, BRAZIL",-21.601267,-48.361355,ATROPELAMENTO,0,0,0,0,0,0,0,0,0,0,0,22.0,0,0,Sem vítimas,False
1861664,NOTIFICACAO,2023-09-15,2023,9,15,07:30,Sexta-feira,MANHA,VIAS URBANAS,NAO DISPONIVEL,RUA JOSE ARTIMONTE,-21.60433591,-48.35520148,OUTROS,0,0,0,0,0,0,0,0,0,0,0,7.0,0,0,Sem vítimas,False
2114027,SINISTRO NAO FATAL,2023-09-15,2023,9,15,12:50,Sexta-feira,TARDE,VIAS URBANAS,PUBLICO,AVENIDA NILSON BARBACO,-21.59613468,-48.38301396,COLISAO,0,1,1,0,0,0,0,0,0,1,2,12.0,1,2,Com feridos leves,False
2171274,NOTIFICACAO,2023-09-15,2023,9,15,13:08,Sexta-feira,TARDE,VIAS URBANAS,NAO DISPONIVEL,RUA SINHARINHA FROTA,-21.60300723,-48.37151562,NAO DISPONIVEL,0,0,0,0,0,0,0,0,0,0,0,13.0,0,0,Sem vítimas,False
1654356,SINISTRO NAO FATAL,2023-09-16,2023,9,16,17:52,Sábado,TARDE,VIAS URBANAS,PUBLICO,"MATÃO  MATÃO, STATE OF SÃO PAULO, BRAZIL",-21.601267,-48.361355,COLISAO,0,0,2,0,0,0,0,0,0,2,1,17.0,2,2,Com feridos leves,True
1766730,SINISTRO NAO FATAL,2023-09-16,2023,9,16,21:28,Sábado,NOITE,VIAS URBANAS,NAO DISPONIVEL,AVENIDA TROLESI,-21.61083609,-48.3509771,COLISAO,0,1,1,0,0,0,0,0,0,1,1,21.0,1,2,Com feridos leves,True
1319429,NOTIFICACAO,2023-09-17,2023,9,17,09:58,Domingo,MANHA,VIAS URBANAS,NAO DISPONIVEL,SPITAL CARLOS FERNANDO MALZONI  AV SETE DE SET,-21.605116,-48.368057,NAO DISPONIVEL,0,0,0,0,0,0,0,0,0,0,0,9.0,0,0,Sem vítimas,True
1320206,SINISTRO NAO FATAL,2023-09-17,2023,9,17,09:54,Domingo,MANHA,VIAS URBANAS,PUBLICO,RUA SAO LOURENCO,-21.59594607,-48.3712314,COLISAO,0,1,1,0,0,0,0,0,0,1,1,9.0,1,2,Com feridos leves,True
1440930,SINISTRO NAO FATAL,2023-09-18,2023,9,18,16:33,Segunda-feira,TARDE,VIAS URBANAS,PUBLICO,AVENIDA PADRE NELSON ANTONIO ROMAO,-21.60558238,-48.36118196,COLISAO,0,0,1,0,0,0,0,0,0,0,1,16.0,0,1,Sem vítimas,False
1448017,NOTIFICACAO,2023-09-18,2023,9,18,01:11,Segunda-feira,MADRUGADA,VIAS URBANAS,NAO DISPONIVEL,RUA SINHARINHA FROTA,-21.60475599,-48.36773163,OUTROS,0,0,0,0,0,0,0,0,0,0,0,1.0,0,0,Sem vítimas,False
1557931,SINISTRO NAO FATAL,2023-09-18,2023,9,18,18:17,Segunda-feira,NOITE,VIAS URBANAS,PUBLICO,RUA MANOEL GOUVÊIA,-21.588745,-48.351448,COLISAO,0,1,1,0,0,0,0,0,0,1,2,18.0,1,2,Com feridos leves,False
1686014,SINISTRO NAO FATAL,2023-09-18,2023,9,18,21:43,Segunda-feira,NOITE,VIAS URBANAS,PUBLICO,RUA OCTAGINO SILVEIRA LEITE,-21.601435,-48.387398,CHOQUE,0,0,1,0,1,0,0,0,1,1,1,21.0,2,2,Com feridos graves,False
1710488,NOTIFICACAO,2023-09-18,2023,9,18,23:39,Segunda-feira,NOITE,VIAS URBANAS,NAO DISPONIVEL,"MATÃO  MATÃO, STATE OF SÃO PAULO, BRAZIL",-21.601267,-48.361355,OUTROS,0,0,0,0,0,0,0,0,0,0,0,23.0,0,0,Sem vítimas,False
1324724,NOTIFICACAO,2023-09-19,2023,9,19,16:36,Terça-feira,TARDE,VIAS URBANAS,NAO DISPONIVEL,BUENO DE ANDRADA A MATAO,-21.59849374,-48.36298215,OUTROS,0,0,0,0,0,0,0,0,0,0,0,16.0,0,0,Sem vítimas,False
1413438,SINISTRO NAO FATAL,2023-09-19,2023,9,19,18:01,Terça-feira,NOITE,VIAS URBANAS,PUBLICO,AVENIDA ALAMEDA DA SAUDADE,-21.59849374,-48.36298215,ATROPELAMENTO,0,1,0,0,0,2,0,0,0,1,2,18.0,1,1,Com feridos leves,False
1397866,SINISTRO NAO FATAL,2023-09-20,2023,9,20,15:12,Quarta-feira,TARDE,VIAS URBANAS,PUBLICO,AVENIDA FRANCISCO MASTROPIETRO,-21.585165,-48.3657031,COLISAO,0,2,0,0,0,0,0,0,0,1,2,15.0,1,2,Com feridos leves,False
1827756,NOTIFICACAO,2023-09-20,2023,9,20,05:44,Quarta-feira,MADRUGADA,VIAS URBANAS,NAO DISPONIVEL,ESTRADA MATAO SENTIDO MOTUCA,-21.59849374,-48.36298215,NAO DISPONIVEL,0,0,0,0,0,0,0,0,0,0,0,5.0,0,0,Sem vítimas,False
1926189,SINISTRO NAO FATAL,2023-09-21,2023,9,21,07:07,Quinta-feira,MANHA,VIAS URBANAS,PUBLICO,AVENIDA BALDAN,-21.61293903,-48.37104712,COLISAO,0,1,1,0,0,0,0,0,0,1,1,7.0,1,2,Com feridos leves,False
2039601,SINISTRO NAO FATAL,2023-09-21,2023,9,21,10:13,Quinta-feira,MANHA,VIAS URBANAS,PUBLICO,AVENIDA QUINZE DE NOVEMBRO,-21.60050812,-48.36291902,COLISAO,0,1,1,0,0,0,0,0,0,1,1,10.0,1,2,Com feridos leves,False
2243111,NOTIFICACAO,2023-09-21,2023,9,21,14:47,Quinta-feira,TARDE,VIAS URBANAS,PUBLICO,"MATÃO  MATÃO, STATE OF SÃO PAULO, BRAZIL",-21.601267,-48.361355,OUTROS,0,0,0,0,0,0,0,0,0,0,0,14.0,0,0,Sem vítimas,False
1902840,SINISTRO NAO FATAL,2023-09-22,2023,9,22,07:45,Sexta-feira,MANHA,VIAS URBANAS,PUBLICO,AVENIDA BALDAN,-21.61032578,-48.37673105,COLISAO,0,0,2,0,0,0,0,0,0,1,1,7.0,1,2,Com feridos leves,False
1968864,SINISTRO NAO FATAL,2023-09-22,2023,9,22,07:17,Sexta-feira,MANHA,VIAS URBANAS,NAO DISPONIVEL,"MATÃO  MATÃO, STATE OF SÃO PAULO, BRAZIL",-21.601267,-48.361355,COLISAO,0,0,1,0,1,0,2,0,1,0,1,7.0,1,4,Com feridos graves,False
1709004,NOTIFICACAO,2023-09-23,2023,9,23,19:12,Sábado,NOITE,VIAS URBANAS,NAO DISPONIVEL,RUA JOSE GONCALVES,-21.60525731,-48.37442872,OUTROS,0,0,0,0,0,0,0,0,0,0,0,19.0,0,0,Sem vítimas,True
1765317,SINISTRO NAO FATAL,2023-09-23,2023,9,23,19:07,Sábado,NOITE,VIAS URBANAS,PUBLICO,RUA JOSE GONCALVES,-21.60538228,-48.37355449,CHOQUE,0,0,2,0,0,0,0,0,0,3,2,19.0,3,2,Com feridos leves,True
1472385,NOTIFICACAO,2023-09-25,2023,9,25,16:27,Segunda-feira,TARDE,VIAS URBANAS,NAO DISPONIVEL,RUA CESARIO MOTTA,,,COLISAO,0,0,0,0,0,0,0,0,0,0,0,16.0,0,0,Sem vítimas,False
1893131,SINISTRO NAO FATAL,2023-09-29,2023,9,29,07:37,Sexta-feira,MANHA,VIAS URBANAS,NAO DISPONIVEL,AVENIDA TROLESI,-21.6195758,-48.356623,ATROPELAMENTO,0,0,1,0,0,1,0,0,1,0,1,7.0,1,1,Com feridos graves,False
1430792,SINISTRO NAO FATAL,2023-09-30,2023,9,30,15:27,Sábado,TARDE,VIAS URBANAS,PUBLICO,AVENIDA ALAGOAS,-21.5986889,-48.3497801,COLISAO,0,1,1,0,0,0,0,0,0,1,1,15.0,1,2,Com feridos leves,True
1922802,SINISTRO NAO FATAL,2023-09-30,2023,9,30,00:14,Sábado,MADRUGADA,VIAS URBANAS,PUBLICO,RUA RUI BARBOSA,-21.6018539,-48.3681625,CHOQUE,0,0,1,0,0,0,0,0,0,2,0,0.0,2,1,Com feridos leves,True
1900007,NOTIFICACAO,2023-10-02,2023,10,2,06:47,Segunda-feira,MANHA,ESTRADAS E RODOVIAS,NAO DISPONIVEL,SP 310,-21.5216877698,-48.5315649122,OUTROS,0,0,0,0,0,0,0,0,0,0,0,6.0,0,0,Sem vítimas,False
2456370,SINISTRO FATAL,2023-10-02,2023,10,2,07:00,Segunda-feira,MANHA,ESTRADAS E RODOVIAS,PUBLICO,SP 310,-21.6633421723,-48.3704126209,OUTROS,0,0,1,0,0,0,0,2,0,0,0,7.0,2,1,Com óbito,False
2004118,SINISTRO NAO FATAL,2023-10-04,2023,10,4,09:13,Quarta-feira,MANHA,ESTRADAS E RODOVIAS,NAO DISPONIVEL,SP 310,-21.67044644,-48.36174914,OUTROS,0,0,0,0,0,0,0,0,0,0,0,9.0,0,0,Sem vítimas,False
2130748,SINISTRO NAO FATAL,2023-10-04,2023,10,4,14:05,Quarta-feira,TARDE,VIAS URBANAS,PUBLICO,RUA SÃO LOURENÇO,-21.5972951,-48.3686255,COLISAO,0,1,1,0,0,0,0,0,0,1,1,14.0,1,2,Com feridos leves,False
1441577,SINISTRO NAO FATAL,2023-10-05,2023,10,5,16:35,Quinta-feira,TARDE,ESTRADAS E RODOVIAS,PUBLICO,SP 310,-21.5296854,-48.5204239,OUTROS,0,1,0,0,0,0,0,0,1,0,0,16.0,1,1,Com feridos graves,False
1911063,NOTIFICACAO,2023-10-05,2023,10,5,08:17,Quinta-feira,MANHA,VIAS URBANAS,NAO DISPONIVEL,AVENIDA 28 DE AGOSTO,-21.6089,-48.3662716,OUTROS,0,0,0,0,0,0,0,0,0,0,0,8.0,0,0,Sem vítimas,False
1312289,NOTIFICACAO,2023-10-06,2023,10,6,16:27,Sexta-feira,TARDE,VIAS URBANAS,NAO DISPONIVEL,RUA SINHARINHA FROTA,-21.6051156,-48.368058,NAO DISPONIVEL,0,0,0,0,0,0,0,0,0,0,0,16.0,0,0,Sem vítimas,False
1745626,SINISTRO NAO FATAL,2023-10-07,2023,10,7,01:16,Sábado,MADRUGADA,VIAS URBANAS,NAO DISPONIVEL,AVENIDA SÃO PAULO,-21.6021228,-48.3527812,OUTROS,0,1,0,0,0,0,0,0,0,1,0,1.0,1,1,Com feridos leves,True
1882823,NOTIFICACAO,2023-10-09,2023,10,9,06:44,Segunda-feira,MANHA,VIAS URBANAS,NAO DISPONIVEL,AVENIDA JOAO ROSSI,-21.58804987,-48.35630344,OUTROS,0,0,0,0,0,0,0,0,0,0,0,6.0,0,0,Sem vítimas,False
1927303,SINISTRO NAO FATAL,2023-10-09,2023,10,9,06:38,Segunda-feira,MANHA,VIAS URBANAS,PUBLICO,AVENIDA MANOEL MINGORANCI,-21.59291219,-48.37289607,OUTROS,0,1,0,0,0,0,0,0,0,2,0,6.0,2,1,Com feridos leves,False
1299534,NOTIFICACAO,2023-10-10,2023,10,10,17:31,Terça-feira,TARDE,VIAS URBANAS,NAO DISPONIVEL,RUA ANDRÉ CHIOZINI,-21.6337671,-48.3398786,OUTROS,0,0,0,0,0,0,0,0,0,0,0,17.0,0,0,Sem vítimas,False
1441065,NOTIFICACAO,2023-10-11,2023,10,11,18:49,Quarta-feira,NOITE,VIAS URBANAS,NAO DISPONIVEL,RUA PEDRO TROLLI,-21.5890539,-48.3428847,OUTROS,0,0,0,0,0,0,0,0,0,0,0,18.0,0,0,Sem vítimas,False
2112447,SINISTRO NAO FATAL,2023-10-11,2023,10,11,12:42,Quarta-feira,TARDE,VIAS URBANAS,PUBLICO,RUA JOSÉ BONIFÁCIO,-21.6070693,-48.3593345,COLISAO,0,1,2,0,0,0,0,0,0,1,2,12.0,1,3,Com feridos leves,False
2200008,SINISTRO NAO FATAL,2023-10-11,2023,10,11,14:32,Quarta-feira,TARDE,VIAS URBANAS,PUBLICO,VICINAL MATÃO PARA SILVANIA,-21.59849374,-48.36298215,OUTROS,0,1,0,0,0,0,0,0,0,1,0,14.0,1,1,Com feridos leves,False
2236540,NOTIFICACAO,2023-10-11,2023,10,11,14:33,Quarta-feira,TARDE,VIAS URBANAS,NAO DISPONIVEL,AVENIDA UM,-21.6373058,-48.3435473,OUTROS,0,0,0,0,0,0,0,0,0,0,0,14.0,0,0,Sem vítimas,False
1492041,SINISTRO NAO FATAL,2023-10-12,2023,10,12,15:00,Quinta-feira,TARDE,VIAS URBANAS,PUBLICO,AVENIDA BRASIL,-21.59877028,-48.35290016,COLISAO,0,3,0,0,0,0,0,0,0,1,3,15.0,1,3,Com feridos leves,False
1889198,SINISTRO NAO FATAL,2023-10-12,2023,10,12,03:12,Quinta-feira,MADRUGADA,VIAS URBANAS,PUBLICO,RUA VICENTE MASTRO PIETRO,-21.6075711,-48.3676819,CHOQUE,0,0,1,0,0,0,0,0,0,1,0,3.0,1,1,Com feridos leves,False
2003889,SINISTRO NAO FATAL,2023-10-12,2023,10,12,06:30,Quinta-feira,MANHA,VIAS URBANAS,PUBLICO,RUA SÃO LOURENÇO,-21.593436,-48.379974,COLISAO,0,2,0,0,0,0,0,0,0,2,0,6.0,2,2,Com feridos leves,False
2110195,NOTIFICACAO,2023-10-12,2023,10,12,06:34,Quinta-feira,MANHA,VIAS URBANAS,NAO DISPONIVEL,AVENIDA CAMPOS SALLES,-21.6018058,-48.3681172,OUTROS,0,0,0,0,0,0,0,0,0,0,0,6.0,0,0,Sem vítimas,False
2020086,NOTIFICACAO,2023-10-13,2023,10,13,11:10,Sexta-feira,MANHA,VIAS URBANAS,NAO DISPONIVEL,Rua Sinharinha Frota,-21.6051156,-48.368058,ATROPELAMENTO,0,0,0,0,0,0,0,0,0,0,0,11.0,0,0,Sem vítimas,False
1892856,NOTIFICACAO,2023-10-14,2023,10,14,03:29,Sábado,MADRUGADA,VIAS URBANAS,NAO DISPONIVEL,AVENIDA CARLOS ALBERTO ULSON,-21.624445,-48.3423794,ATROPELAMENTO,0,0,0,0,0,0,0,0,0,0,0,3.0,0,0,Sem vítimas,True
1528131,NOTIFICACAO,2023-10-15,2023,10,15,16:34,Domingo,TARDE,VIAS URBANAS,NAO DISPONIVEL,VIA ENGENHEIRO MILCIADES BOTURA,-21.6179916,-48.3474247,OUTROS,0,0,0,0,0,0,0,0,0,0,0,16.0,0,0,Sem vítimas,True
1333463,NOTIFICACAO,2023-10-17,2023,10,17,19:03,Terça-feira,NOITE,VIAS URBANAS,NAO DISPONIVEL,BR364,-21.62286,-48.3357894,OUTROS,0,0,0,0,0,0,0,0,0,0,0,19.0,0,0,Sem vítimas,False
2261282,NOTIFICACAO,2023-10-17,2023,10,17,17:41,Terça-feira,TARDE,VIAS URBANAS,NAO DISPONIVEL,VIA CLITO BASTIA,-21.62615024,-48.32448321,ATROPELAMENTO,0,0,0,0,0,0,0,0,0,0,0,17.0,0,0,Sem vítimas,False
2057496,SINISTRO NAO FATAL,2023-10-18,2023,10,18,13:24,Quarta-feira,TARDE,VIAS URBANAS,PUBLICO,RUA RENATO PICHI,-21.6138883,-48.3669344,COLISAO,0,1,1,0,0,0,0,0,0,2,0,13.0,2,2,Com feridos leves,False
1585779,SINISTRO NAO FATAL,2023-10-19,2023,10,19,22:27,Quinta-feira,NOITE,VIAS URBANAS,NAO DISPONIVEL,AVENIDA TROLESI,-21.60565583,-48.34832684,OUTROS,0,1,0,0,0,0,0,0,0,1,1,22.0,1,1,Com feridos leves,False
1340408,SINISTRO NAO FATAL,2023-10-20,2023,10,20,17:20,Sexta-feira,TARDE,VIAS URBANAS,NAO DISPONIVEL,AVENIDA PREFEITO LAERT JOSÉ TARALO MENDES,-21.602499,-48.3733748,COLISAO,0,0,1,0,0,0,0,0,0,1,1,17.0,1,1,Com feridos leves,False
1475604,SINISTRO NAO FATAL,2023-10-20,2023,10,20,19:37,Sexta-feira,NOITE,VIAS URBANAS,NAO DISPONIVEL,RUA ENTARO LOCADA,-21.6032696,-48.39115505,COLISAO,0,1,1,0,0,0,0,0,1,0,1,19.0,1,2,Com feridos graves,False
1823371,SINISTRO NAO FATAL,2023-10-20,2023,10,20,06:23,Sexta-feira,MANHA,VIAS URBANAS,PRIVADO,RUA FRANCISCO PEDRO ANTÔNIO,-21.5829237,-48.3783413,COLISAO,0,1,1,0,0,0,0,0,0,2,1,6.0,2,2,Com feridos leves,False
2006872,SINISTRO NAO FATAL,2023-10-20,2023,10,20,11:36,Sexta-feira,MANHA,VIAS URBANAS,NAO DISPONIVEL,AVENIDA BALDAN,-21.6208666,-48.3556764,OUTROS,0,1,0,0,0,0,0,0,0,1,0,11.0,1,1,Com feridos leves,False
2166154,SINISTRO NAO FATAL,2023-10-20,2023,10,20,14:55,Sexta-feira,TARDE,VIAS URBANAS,PUBLICO,AVENIDA PREFEITO LAERT JOSÉ TARALO MENDES,-21.599045,-48.3726026,COLISAO,0,1,1,0,0,0,0,0,0,1,1,14.0,1,2,Com feridos leves,False
1356072,NOTIFICACAO,2023-10-21,2023,10,21,13:55,Sábado,TARDE,VIAS URBANAS,NAO DISPONIVEL,AVENIDA 28 DE AGOSTO,-21.6089,-48.3662716,ATROPELAMENTO,0,0,0,0,0,0,0,0,0,0,0,13.0,0,0,Sem vítimas,True
1635293,SINISTRO NAO FATAL,2023-10-21,2023,10,21,17:40,Sábado,TARDE,VIAS URBANAS,PUBLICO,AVENIDA BRASIL,-21.59877028,-48.35290016,OUTROS,0,1,0,0,0,0,0,0,0,2,0,17.0,2,1,Com feridos leves,True
1792055,NOTIFICACAO,2023-10-22,2023,10,22,21:01,Domingo,NOITE,VIAS URBANAS,NAO DISPONIVEL,BR364,-21.62286,-48.3357894,OUTROS,0,0,0,0,0,0,0,0,0,0,0,21.0,0,0,Sem vítimas,True
1967471,NOTIFICACAO,2023-10-23,2023,10,23,07:48,Segunda-feira,MANHA,VIAS URBANAS,NAO DISPONIVEL,AVENIDA LUDWIG ECKES,-21.5980199,-48.3834944,OUTROS,0,0,0,0,0,0,0,0,0,0,0,7.0,0,0,Sem vítimas,False
1975572,SINISTRO NAO FATAL,2023-10-23,2023,10,23,07:38,Segunda-feira,MANHA,VIAS URBANAS,NAO DISPONIVEL,RUA RENATO PICHI,-21.6122754,-48.3700493,COLISAO,0,1,1,0,0,0,0,0,0,1,1,7.0,1,2,Com feridos leves,False
1400703,NOTIFICACAO,2023-10-24,2023,10,24,17:23,Terça-feira,TARDE,VIAS URBANAS,NAO DISPONIVEL,RUA AFFONSO CALLEGHER,-21.5992943,-48.3968564,ATROPELAMENTO,0,0,0,0,0,0,0,0,0,0,0,17.0,0,0,Sem vítimas,False
1406240,NOTIFICACAO,2023-10-24,2023,10,24,17:19,Terça-feira,TARDE,VIAS URBANAS,NAO DISPONIVEL,RUA ANTONIO CORREIA,-21.60111233,-48.38934804,ATROPELAMENTO,0,0,0,0,0,0,0,0,0,0,0,17.0,0,0,Sem vítimas,False
2137071,NOTIFICACAO,2023-10-24,2023,10,24,12:04,Terça-feira,TARDE,VIAS URBANAS,NAO DISPONIVEL,AVENIDA FRANCISCO MALZONI,-21.611497,-48.3637116,OUTROS,0,0,0,0,0,0,0,0,0,0,0,12.0,0,0,Sem vítimas,False
2143901,SINISTRO NAO FATAL,2023-10-24,2023,10,24,12:18,Terça-feira,TARDE,VIAS URBANAS,NAO DISPONIVEL,AVENIDA ALBERTO BENASSI,-21.6146698,-48.3648504,COLISAO,0,1,1,0,0,0,0,0,0,1,1,12.0,1,2,Com feridos leves,False
2148579,NOTIFICACAO,2023-10-24,2023,10,24,12:29,Terça-feira,TARDE,VIAS URBANAS,NAO DISPONIVEL,AVENIDA FRANCISCO MALZONI,-21.6090565,-48.3639902,NAO DISPONIVEL,0,0,0,0,0,0,0,0,0,0,0,12.0,0,0,Sem vítimas,False
1990490,NOTIFICACAO,2023-10-25,2023,10,25,08:33,Quarta-feira,MANHA,VIAS URBANAS,NAO DISPONIVEL,AVENIDA BALDAN,-21.6208996,-48.3555993,OUTROS,0,0,0,0,0,0,0,0,0,0,0,8.0,0,0,Sem vítimas,False
1536932,SINISTRO NAO FATAL,2023-10-26,2023,10,26,18:43,Quinta-feira,NOITE,VIAS URBANAS,PUBLICO,AVENIDA SIQUEIRA CAMPOS,-21.6052556,-48.3685132,COLISAO,0,2,0,0,0,0,0,0,0,2,0,18.0,2,2,Com feridos leves,False
1639038,SINISTRO NAO FATAL,2023-10-28,2023,10,28,16:57,Sábado,TARDE,ESTRADAS E RODOVIAS,PUBLICO,RUA GUIDO CARDIM,-21.5913668,-48.3557133,COLISAO,0,1,1,0,0,0,0,0,1,0,3,16.0,1,2,Com feridos graves,True
2038785,NOTIFICACAO,2023-10-28,2023,10,28,06:43,Sábado,MANHA,VIAS URBANAS,NAO DISPONIVEL,RUA SINHARINHA FROTA,-21.6051156,-48.368058,NAO DISPONIVEL,0,0,0,0,0,0,0,0,0,0,0,6.0,0,0,Sem vítimas,True
1588394,NOTIFICACAO,2023-10-29,2023,10,29,16:17,Domingo,TARDE,VIAS URBANAS,NAO DISPONIVEL,AVENIDA SETE DE SETEMBRO,-21.605776,-48.3677338,OUTROS,0,0,0,0,0,0,0,0,0,0,0,16.0,0,0,Sem vítimas,True
1661448,SINISTRO NAO FATAL,2023-10-29,2023,10,29,15:37,Domingo,TARDE,VIAS URBANAS,PUBLICO,AVENIDA FRANCISCO MASTROPIETRO,-21.585543,-48.365397,COLISAO,0,1,1,0,0,0,0,0,0,1,1,15.0,1,2,Com feridos leves,True
1724256,NOTIFICACAO,2023-10-29,2023,10,29,18:10,Domingo,NOITE,VIAS URBANAS,NAO DISPONIVEL,VIA CAL FISHER,-21.59787435,-48.37202322,NAO DISPONIVEL,0,0,0,0,0,0,0,0,0,0,0,18.0,0,0,Sem vítimas,True
1788832,NOTIFICACAO,2023-10-29,2023,10,29,20:44,Domingo,NOITE,ESTRADAS E RODOVIAS,NAO DISPONIVEL,SP 310,-21.55806229,-48.47873202,OUTROS,0,0,0,0,0,0,0,0,0,0,0,20.0,0,0,Sem vítimas,True
1815725,SINISTRO NAO FATAL,2023-10-29,2023,10,29,21:16,Domingo,NOITE,VIAS URBANAS,NAO DISPONIVEL,AVENIDA ANÍBAL RIBEIRO,-21.6251646,-48.3401263,COLISAO,0,1,1,0,0,0,0,0,0,1,1,21.0,1,2,Com feridos leves,True
1822940,NOTIFICACAO,2023-10-29,2023,10,29,20:56,Domingo,NOITE,VIAS URBANAS,NAO DISPONIVEL,AVENIDA JOSE ANTONIO VIDAL JUNIOR,-21.62300221,-48.34153801,OUTROS,0,0,0,0,0,0,0,0,0,0,0,20.0,0,0,Sem vítimas,True
1479342,SINISTRO NAO FATAL,2023-10-30,2023,10,30,17:12,Segunda-feira,TARDE,VIAS URBANAS,PUBLICO,RUA SÃO LOURENÇO,-21.6032575,-48.3518991,COLISAO,0,1,0,1,0,0,0,0,0,1,1,17.0,1,2,Com feridos leves,False
1572282,NOTIFICACAO,2023-10-30,2023,10,30,19:12,Segunda-feira,NOITE,VIAS URBANAS,NAO DISPONIVEL,ESTRADA MUNICIPAL,-21.60111233,-48.38934804,OUTROS,0,0,0,0,0,0,0,0,0,0,0,19.0,0,0,Sem vítimas,False
1595834,SINISTRO NAO FATAL,2023-10-30,2023,10,30,19:18,Segunda-feira,NOITE,VIAS URBANAS,PUBLICO,ESTRADA VICINAL DOUTOR CARLOS FERNANDO MALZONI,-21.5917578,-48.3327836,COLISAO,0,0,1,0,1,0,2,0,0,1,1,19.0,1,4,Com feridos leves,False
2078251,SINISTRO NAO FATAL,2023-10-30,2023,10,30,00:42,Segunda-feira,MADRUGADA,VIAS URBANAS,PUBLICO,AVENIDA JOSE ANTONIO VIDAL JUNIOR,-21.62300221,-48.34153801,CHOQUE,0,0,1,0,0,0,0,0,0,1,1,0.0,1,1,Com feridos leves,False
1498112,SINISTRO NAO FATAL,2023-10-31,2023,10,31,18:46,Terça-feira,NOITE,VIAS URBANAS,NAO DISPONIVEL,AVENIDA FRANCISCO MASTO PINHEIRO,-21.59849374,-48.36298215,COLISAO,0,1,1,0,0,0,0,0,0,1,1,18.0,1,2,Com feridos leves,False
1866442,SINISTRO NAO FATAL,2023-10-31,2023,10,31,06:51,Terça-feira,MANHA,VIAS URBANAS,PUBLICO,RUA PEDRO BIGAL,-21.5943686,-48.3572528,COLISAO,0,1,1,0,0,0,0,0,0,1,1,6.0,1,2,Com feridos leves,False
1470647,NOTIFICACAO,2023-11-01,2023,11,1,16:38,Quarta-feira,TARDE,VIAS URBANAS,NAO DISPONIVEL,AVENIDA BALDAN,-21.6202616,-48.3565329,OUTROS,0,0,0,0,0,0,0,0,0,0,0,16.0,0,0,Sem vítimas,False
1497148,SINISTRO NAO FATAL,2023-11-01,2023,11,1,16:42,Quarta-feira,TARDE,VIAS URBANAS,NAO DISPONIVEL,AVENIDA BALDAN,-21.6148473,-48.3673696,COLISAO,0,1,1,0,0,0,0,0,1,0,1,16.0,1,2,Com feridos graves,False
2074843,SINISTRO NAO FATAL,2023-11-01,2023,11,1,09:38,Quarta-feira,MANHA,VIAS URBANAS,PUBLICO,RUA SINHARINHA FROTA,-21.6051156,-48.368058,CHOQUE,1,0,1,0,0,0,0,0,0,1,1,9.0,1,2,Com feridos leves,False
1711527,SINISTRO NAO FATAL,2023-11-02,2023,11,2,17:05,Quinta-feira,TARDE,VIAS URBANAS,PUBLICO,AVENIDA JOSÉ DA COSTA FILHO,-21.6055607,-48.3786787,COLISAO,0,0,2,0,0,0,0,0,0,1,1,17.0,1,2,Com feridos leves,False
1729589,NOTIFICACAO,2023-11-02,2023,11,2,17:15,Quinta-feira,TARDE,VIAS URBANAS,NAO DISPONIVEL,AVENIDA JOSÉ DA COSTA FILHO,-21.603426,-48.377666,OUTROS,0,0,0,0,0,0,0,0,0,0,0,17.0,0,0,Sem vítimas,False
1813612,SINISTRO NAO FATAL,2023-11-03,2023,11,3,23:51,Sexta-feira,NOITE,VIAS URBANAS,PUBLICO,RUA SÃO LOURENÇO,-21.6032609,-48.3485547,COLISAO,0,1,1,0,0,0,0,0,0,2,0,23.0,2,2,Com feridos leves,False
1858646,NOTIFICACAO,2023-11-03,2023,11,3,23:50,Sexta-feira,NOITE,VIAS URBANAS,NAO DISPONIVEL,RUA SÃO LOURENÇO,-21.593436,-48.379974,OUTROS,0,0,0,0,0,0,0,0,0,0,0,23.0,0,0,Sem vítimas,False
1697400,NOTIFICACAO,2023-11-04,2023,11,4,17:58,Sábado,TARDE,VIAS URBANAS,NAO DISPONIVEL,AVENIDA SETE DE SETEMBRO,-21.591834,-48.360224,NAO DISPONIVEL,0,0,0,0,0,0,0,0,0,0,0,17.0,0,0,Sem vítimas,True
1928640,NOTIFICACAO,2023-11-04,2023,11,4,05:19,Sábado,MADRUGADA,VIAS URBANAS,PUBLICO,AVENIDA JOÃO MARCHESAN,-21.6148611,-48.3751229,OUTROS,0,0,0,0,0,0,0,0,0,0,0,5.0,0,0,Sem vítimas,True
1574983,SINISTRO NAO FATAL,2023-11-05,2023,11,5,00:45,Domingo,MADRUGADA,VIAS URBANAS,PUBLICO,AVENIDA PADRE NELSON ANTONIO ROMÃO,-21.6019187,-48.3614372,COLISAO,0,1,1,0,0,0,0,0,0,2,1,0.0,2,2,Com feridos leves,True
1852876,NOTIFICACAO,2023-11-05,2023,11,5,21:50,Domingo,NOITE,VIAS URBANAS,PUBLICO,AVENIDA SETE DE SETEMBRO,-21.605776,-48.3677338,OUTROS,0,0,0,0,0,0,0,0,0,0,0,21.0,0,0,Sem vítimas,True
1847576,NOTIFICACAO,2023-11-06,2023,11,6,06:45,Segunda-feira,MANHA,VIAS URBANAS,NAO DISPONIVEL,VIA VICENTE BARBOSA DA SILVA,-21.6384463,-48.3396077,NAO DISPONIVEL,0,0,0,0,0,0,0,0,0,0,0,6.0,0,0,Sem vítimas,False
1856227,NOTIFICACAO,2023-11-06,2023,11,6,05:59,Segunda-feira,MADRUGADA,VIAS URBANAS,NAO DISPONIVEL,AVENIDA PADRE NELSON ANTONIO ROMÃO,-21.6019187,-48.3614372,OUTROS,0,0,0,0,0,0,0,0,0,0,0,5.0,0,0,Sem vítimas,False
1879602,SINISTRO NAO FATAL,2023-11-06,2023,11,6,06:25,Segunda-feira,MANHA,VIAS URBANAS,PUBLICO,AVENIDA PADRE NELSON ANTONIO ROMÃO,-21.6054505,-48.3624924,COLISAO,0,2,0,0,0,0,0,0,0,2,1,6.0,2,2,Com feridos leves,False
1906643,SINISTRO NAO FATAL,2023-11-06,2023,11,6,06:59,Segunda-feira,MANHA,VIAS URBANAS,PUBLICO,RUA AFFONSO CALLEGHER,-21.6109169,-48.35101951,COLISAO,0,0,3,0,0,0,0,0,0,1,3,6.0,1,3,Com feridos leves,False
1383536,SINISTRO NAO FATAL,2023-11-07,2023,11,7,15:13,Terça-feira,TARDE,VIAS URBANAS,PUBLICO,AVENIDA SETE DE SETEMBRO,-21.6012735,-48.3657793,COLISAO,0,1,1,0,0,0,0,0,0,1,1,15.0,1,2,Com feridos leves,False
1560025,SINISTRO NAO FATAL,2023-11-08,2023,11,8,15:15,Quarta-feira,TARDE,ESTRADAS E RODOVIAS,PUBLICO,SP 310,-21.6153134,-48.4189237,COLISAO,0,0,0,0,2,0,4,0,1,0,2,15.0,1,6,Com feridos graves,False
1633272,SINISTRO NAO FATAL,2023-11-08,2023,11,8,18:44,Quarta-feira,NOITE,VIAS URBANAS,PUBLICO,AVENIDA JARCYRO ROSA,-21.6246637,-48.3420374,COLISAO,0,1,1,0,0,0,0,0,0,1,1,18.0,1,2,Com feridos leves,False
1643573,NOTIFICACAO,2023-11-08,2023,11,8,19:00,Quarta-feira,NOITE,VIAS URBANAS,NAO DISPONIVEL,RUA IZIDORO ADAIL BOTTESINI,-21.613771,-48.359272,NAO DISPONIVEL,0,0,0,0,0,0,0,0,0,0,0,19.0,0,0,Sem vítimas,False
1722076,NOTIFICACAO,2023-11-08,2023,11,8,20:27,Quarta-feira,NOITE,VIAS URBANAS,NAO DISPONIVEL,RUA SINHARINHA FROTA,-21.6051156,-48.368058,NAO DISPONIVEL,0,0,0,0,0,0,0,0,0,0,0,20.0,0,0,Sem vítimas,False
1961947,SINISTRO NAO FATAL,2023-11-08,2023,11,8,07:51,Quarta-feira,MANHA,VIAS URBANAS,NAO DISPONIVEL,RUA RUI BARBOSA,-21.6019093,-48.3678163,COLISAO,0,0,2,0,0,0,0,0,0,1,1,7.0,1,2,Com feridos leves,False
1967770,NOTIFICACAO,2023-11-08,2023,11,8,08:38,Quarta-feira,MANHA,VIAS URBANAS,NAO DISPONIVEL,AVENIDA SETE DE SETEMBRO,-21.605776,-48.3677338,OUTROS,0,0,0,0,0,0,0,0,0,0,0,8.0,0,0,Sem vítimas,False
1989360,NOTIFICACAO,2023-11-09,2023,11,9,08:35,Quinta-feira,MANHA,VIAS URBANAS,NAO DISPONIVEL,RUA RUI BARBOSA,-21.6065366,-48.35708538,OUTROS,0,0,0,0,0,0,0,0,0,0,0,8.0,0,0,Sem vítimas,False
1751028,NOTIFICACAO,2023-11-10,2023,11,10,20:54,Sexta-feira,NOITE,VIAS URBANAS,NAO DISPONIVEL,RUA SÃO LOURENÇO,-21.593436,-48.379974,OUTROS,0,0,0,0,0,0,0,0,0,0,0,20.0,0,0,Sem vítimas,False
1280580,NOTIFICACAO,2023-11-11,2023,11,11,10:56,Sábado,MANHA,VIAS URBANAS,NAO DISPONIVEL,AVENIDA SETE DE SETEMBRO,-21.6015125,-48.3657185,OUTROS,0,0,0,0,0,0,0,0,0,0,0,10.0,0,0,Sem vítimas,True
1311467,NOTIFICACAO,2023-11-11,2023,11,11,11:22,Sábado,MANHA,VIAS URBANAS,NAO DISPONIVEL,RUA SINHARINHA FROTA,-21.6051156,-48.368058,OUTROS,0,0,0,0,0,0,0,0,0,0,0,11.0,0,0,Sem vítimas,True
1709355,NOTIFICACAO,2023-11-11,2023,11,11,17:11,Sábado,TARDE,VIAS URBANAS,NAO DISPONIVEL,RUA SINHARINHA FROTA,-21.6051156,-48.368058,NAO DISPONIVEL,0,0,0,0,0,0,0,0,0,0,0,17.0,0,0,Sem vítimas,True
1712814,SINISTRO NAO FATAL,2023-11-11,2023,11,11,20:16,Sábado,NOITE,VIAS URBANAS,PUBLICO,AVENIDA PINDORAMA,-21.6105857,-48.3489845,COLISAO,0,0,1,0,0,0,0,0,0,1,0,20.0,1,1,Com feridos leves,True
1590962,NOTIFICACAO,2023-11-12,2023,11,12,12:43,Domingo,TARDE,VIAS URBANAS,PUBLICO,AVENIDA SETE DE SETEMBRO,-21.605776,-48.3677338,NAO DISPONIVEL,0,0,0,0,0,0,0,0,0,0,0,12.0,0,0,Sem vítimas,True
1768707,NOTIFICACAO,2023-11-12,2023,11,12,18:04,Domingo,NOITE,VIAS URBANAS,NAO DISPONIVEL,AVENIDA ÂNGELO RAGASSI,-21.5925394,-48.3743976,OUTROS,0,0,0,0,0,0,0,0,0,0,0,18.0,0,0,Sem vítimas,True
1784592,SINISTRO NAO FATAL,2023-11-12,2023,11,12,19:48,Domingo,NOITE,VIAS URBANAS,PUBLICO,AVENIDA PREFEITO LAERT JOSÉ TARALO MENDES,-21.5989898,-48.3726054,NAO DISPONIVEL,0,1,0,0,0,0,0,0,0,1,0,19.0,1,1,Com feridos leves,True
1359428,SINISTRO NAO FATAL,2023-11-15,2023,11,15,14:18,Quarta-feira,TARDE,VIAS URBANAS,NAO DISPONIVEL,RUA BAHIA,-21.594848,-48.3507702,COLISAO,0,1,0,0,0,0,0,0,0,1,0,14.0,1,1,Com feridos leves,False
1368817,NOTIFICACAO,2023-11-15,2023,11,15,14:23,Quarta-feira,TARDE,VIAS URBANAS,NAO DISPONIVEL,AVENIDA SÃO PAULO,-21.5949422,-48.3511644,OUTROS,0,0,0,0,0,0,0,0,0,0,0,14.0,0,0,Sem vítimas,False
1378961,NOTIFICACAO,2023-11-15,2023,11,15,14:27,Quarta-feira,TARDE,VIAS URBANAS,NAO DISPONIVEL,AVENIDA SÃO PAULO,-21.6021228,-48.3527812,OUTROS,0,0,0,0,0,0,0,0,0,0,0,14.0,0,0,Sem vítimas,False
1384141,NOTIFICACAO,2023-11-15,2023,11,15,14:24,Quarta-feira,TARDE,VIAS URBANAS,NAO DISPONIVEL,AVENIDA CAMPOS SALLES,-21.6018058,-48.3681172,OUTROS,0,0,0,0,0,0,0,0,0,0,0,14.0,0,0,Sem vítimas,False
1385465,SINISTRO NAO FATAL,2023-11-15,2023,11,15,14:33,Quarta-feira,TARDE,VIAS URBANAS,NAO DISPONIVEL,RUA CESÁRIO MOTTA,-21.604066,-48.3678421,COLISAO,0,1,1,0,0,0,0,0,0,0,2,14.0,0,2,Sem vítimas,False
1829287,SINISTRO NAO FATAL,2023-11-15,2023,11,15,22:38,Quarta-feira,NOITE,VIAS URBANAS,NAO DISPONIVEL,AVENIDA TROLESI,-21.60693766,-48.3484972,COLISAO,0,1,1,0,0,0,0,0,0,1,1,22.0,1,2,Com feridos leves,False
1781513,SINISTRO NAO FATAL,2023-11-19,2023,11,19,21:32,Domingo,NOITE,VIAS URBANAS,PUBLICO,AVENIDA PADRE NELSON ANTONIO ROMÃO,-21.6054505,-48.3624924,COLISAO,0,1,1,0,0,0,0,0,0,1,2,21.0,1,2,Com feridos leves,True
2011766,SINISTRO NAO FATAL,2023-11-19,2023,11,19,04:53,Domingo,MADRUGADA,VIAS URBANAS,PUBLICO,ALAMEDA DA SAUDADE,-21.5997745,-48.3743341,NAO DISPONIVEL,0,1,0,0,0,0,0,0,0,1,0,4.0,1,1,Com feridos leves,True
2064615,NOTIFICACAO,2023-11-19,2023,11,19,05:15,Domingo,MADRUGADA,VIAS URBANAS,NAO DISPONIVEL,AVENIDA FRANCISCO MASTROPIETRO,-21.584534,-48.3672579,OUTROS,0,0,0,0,0,0,0,0,0,0,0,5.0,0,0,Sem vítimas,True
2137320,SINISTRO NAO FATAL,2023-11-19,2023,11,19,07:35,Domingo,MANHA,VIAS URBANAS,PUBLICO,RUA SINHARINHA FROTA,-21.6001825,-48.3780761,COLISAO,0,1,1,0,0,0,0,0,0,1,3,7.0,1,2,Com feridos leves,True
1289790,NOTIFICACAO,2023-11-22,2023,11,22,16:47,Quarta-feira,TARDE,VIAS URBANAS,NAO DISPONIVEL,AVENIDA JOSE ANTONIO VIDAL JUNIOR,-21.62300221,-48.34153801,OUTROS,0,0,0,0,0,0,0,0,0,0,0,16.0,0,0,Sem vítimas,False
1484370,NOTIFICACAO,2023-11-23,2023,11,23,18:03,Quinta-feira,NOITE,VIAS URBANAS,NAO DISPONIVEL,AVENIDA BALDAN,-21.6169063,-48.3637941,OUTROS,0,0,0,0,0,0,0,0,0,0,0,18.0,0,0,Sem vítimas,False
1338888,SINISTRO NAO FATAL,2023-11-24,2023,11,24,18:03,Sexta-feira,NOITE,VIAS URBANAS,PUBLICO,AVENIDA SETE DE SETEMBRO,-21.6051156,-48.368058,COLISAO,0,1,0,0,1,0,0,0,0,1,1,18.0,1,2,Com feridos leves,False
1497852,SINISTRO NAO FATAL,2023-11-24,2023,11,24,21:06,Sexta-feira,NOITE,VIAS URBANAS,NAO DISPONIVEL,AVENIDA BRASIL,-21.59877028,-48.35290016,COLISAO,0,1,0,0,0,0,0,0,0,1,0,21.0,1,1,Com feridos leves,False
1957469,NOTIFICACAO,2023-11-24,2023,11,24,08:44,Sexta-feira,MANHA,VIAS URBANAS,NAO DISPONIVEL,FRANCISCO MALZONE,-21.60111233,-48.38934804,OUTROS,0,0,0,0,0,0,0,0,0,0,0,8.0,0,0,Sem vítimas,False
1963795,NOTIFICACAO,2023-11-24,2023,11,24,08:55,Sexta-feira,MANHA,VIAS URBANAS,NAO DISPONIVEL,AVENIDA PADRE NELSON ANTONIO ROMÃO,-21.6019187,-48.3614372,OUTROS,0,0,0,0,0,0,0,0,0,0,0,8.0,0,0,Sem vítimas,False
1985925,NOTIFICACAO,2023-11-24,2023,11,24,09:02,Sexta-feira,MANHA,VIAS URBANAS,NAO DISPONIVEL,VICINAL FERNANDO MALZONE,-21.59849374,-48.36298215,OUTROS,0,0,0,0,0,0,0,0,0,0,0,9.0,0,0,Sem vítimas,False
2117739,NOTIFICACAO,2023-11-24,2023,11,24,12:40,Sexta-feira,TARDE,VIAS URBANAS,NAO DISPONIVEL,AVENIDA TROLESI,-21.61083609,-48.3509771,OUTROS,0,0,0,0,0,0,0,0,0,0,0,12.0,0,0,Sem vítimas,False
2142630,NOTIFICACAO,2023-11-24,2023,11,24,13:41,Sexta-feira,TARDE,VIAS URBANAS,NAO DISPONIVEL,AVENIDA SETE DE SETEMBRO,-21.6051156,-48.368058,NAO DISPONIVEL,0,0,0,0,0,0,0,0,0,0,0,13.0,0,0,Sem vítimas,False
2456963,SINISTRO FATAL,2023-11-24,2023,11,24,08:50,Sexta-feira,MANHA,NAO DISPONIVEL,NAO DISPONIVEL,,,,COLISAO,0,0,2,0,0,0,0,2,0,0,0,8.0,2,2,Com óbito,False
1330129,SINISTRO NAO FATAL,2023-11-26,2023,11,26,11:55,Domingo,MANHA,VIAS URBANAS,PUBLICO,AVENIDA TROLESI,-21.6109169,-48.35101951,COLISAO,0,1,1,0,0,0,0,0,0,1,1,11.0,1,2,Com feridos leves,True
1715038,SINISTRO NAO FATAL,2023-11-26,2023,11,26,19:08,Domingo,NOITE,VIAS URBANAS,PUBLICO,AVENIDA CÁSSIO BOTTURA,-21.621836,-48.346863,OUTROS,0,1,0,0,0,0,0,0,0,2,0,19.0,2,1,Com feridos leves,True
1295820,SINISTRO NAO FATAL,2023-11-27,2023,11,27,15:17,Segunda-feira,TARDE,VIAS URBANAS,PUBLICO,RUA RUI BARBOSA,-21.598281,-48.3453289,COLISAO,0,1,1,0,0,0,0,0,0,1,1,15.0,1,2,Com feridos leves,False
1311414,NOTIFICACAO,2023-11-27,2023,11,27,15:29,Segunda-feira,TARDE,VIAS URBANAS,NAO DISPONIVEL,RUA ACRE,-21.5964648,-48.3512406,OUTROS,0,0,0,0,0,0,0,0,0,0,0,15.0,0,0,Sem vítimas,False
1936648,SINISTRO NAO FATAL,2023-11-30,2023,11,30,08:17,Quinta-feira,MANHA,VIAS URBANAS,PUBLICO,AVENIDA CÁSSIO BOTTURA,-21.6216308,-48.3514515,COLISAO,0,1,1,0,0,0,0,0,0,1,1,8.0,1,2,Com feridos leves,False
1425496,NOTIFICACAO,2023-12-01,2023,12,1,17:32,Sexta-feira,TARDE,VIAS URBANAS,NAO DISPONIVEL,AVENIDA SETE DE SETEMBRO,-21.6051156,-48.368058,OUTROS,0,0,0,0,0,0,0,0,0,0,0,17.0,0,0,Sem vítimas,False
1722633,NOTIFICACAO,2023-12-01,2023,12,1,22:52,Sexta-feira,NOITE,VIAS URBANAS,NAO DISPONIVEL,AVENIDA ALBERTO BENASSI,-21.6147987,-48.360762,OUTROS,0,0,0,0,0,0,0,0,0,0,0,22.0,0,0,Sem vítimas,False
1952117,SINISTRO NAO FATAL,2023-12-01,2023,12,1,07:08,Sexta-feira,MANHA,VIAS URBANAS,PUBLICO,AVENIDA BRASIL,-21.58718,-48.350825,ATROPELAMENTO,0,1,0,0,0,2,0,0,0,1,2,7.0,1,1,Com feridos leves,False
1580248,SINISTRO NAO FATAL,2023-12-02,2023,12,2,16:45,Sábado,TARDE,VIAS URBANAS,PUBLICO,"MATÃO  MATÃO, STATE OF SÃO PAULO, BRAZIL",-21.601267,-48.361355,CHOQUE,0,1,0,0,0,0,0,0,1,0,0,16.0,1,1,Com feridos graves,True
1724312,SINISTRO NAO FATAL,2023-12-02,2023,12,2,20:21,Sábado,NOITE,VIAS URBANAS,PUBLICO,AVENIDA BRASIL,-21.59877028,-48.35290016,CHOQUE,0,0,1,0,0,0,0,0,0,2,0,20.0,2,1,Com feridos leves,True
1684493,NOTIFICACAO,2023-12-03,2023,12,3,16:49,Domingo,TARDE,VIAS URBANAS,NAO DISPONIVEL,"MATÃO  MATÃO, STATE OF SÃO PAULO, BRAZIL",-21.601267,-48.361355,OUTROS,0,0,0,0,0,0,0,0,0,0,0,16.0,0,0,Sem vítimas,True
2074601,NOTIFICACAO,2023-12-03,2023,12,3,04:53,Domingo,MADRUGADA,VIAS URBANAS,NAO DISPONIVEL,VIA ORLANDO JOSE SCUTTI,-21.627745,-48.355278,OUTROS,0,0,0,0,0,0,0,0,0,0,0,4.0,0,0,Sem vítimas,True
1797506,SINISTRO NAO FATAL,2023-12-05,2023,12,5,06:19,Terça-feira,MANHA,VIAS URBANAS,NAO DISPONIVEL,AVENIDA SIQUEIRA CAMPOS,-21.589341,-48.360594,COLISAO,0,1,1,0,0,0,0,0,0,1,1,6.0,1,2,Com feridos leves,False
1867504,NOTIFICACAO,2023-12-05,2023,12,5,07:52,Terça-feira,MANHA,VIAS URBANAS,NAO DISPONIVEL,AVENIDA PREFEITO LAERT JOSÉ TARALO MENDES,-21.5990441,-48.3725832,OUTROS,0,0,0,0,0,0,0,0,0,0,0,7.0,0,0,Sem vítimas,False
1879098,SINISTRO NAO FATAL,2023-12-05,2023,12,5,07:35,Terça-feira,MANHA,VIAS URBANAS,PUBLICO,RUA SÃO LOURENÇO,-21.593436,-48.379974,COLISAO,0,1,1,0,0,0,0,0,0,2,2,7.0,2,2,Com feridos leves,False
1899240,SINISTRO NAO FATAL,2023-12-05,2023,12,5,08:44,Terça-feira,MANHA,VIAS URBANAS,PUBLICO,RUA ARTUR DANTAS,-21.6227989,-48.355374,COLISAO,0,1,1,0,0,0,0,0,0,1,1,8.0,1,2,Com feridos leves,False
1981844,NOTIFICACAO,2023-12-05,2023,12,5,09:16,Terça-feira,MANHA,VIAS URBANAS,NAO DISPONIVEL,RUA SINHARINHA FROTA,-21.6051156,-48.368058,OUTROS,0,0,0,0,0,0,0,0,0,0,0,9.0,0,0,Sem vítimas,False
1303451,SINISTRO NAO FATAL,2023-12-06,2023,12,6,16:12,Quarta-feira,TARDE,VIAS URBANAS,PUBLICO,VIA CLITO BASTIA,-21.623095,-48.329917,OUTROS,0,0,1,0,0,0,0,0,0,1,1,16.0,1,1,Com feridos leves,False
1891432,NOTIFICACAO,2023-12-06,2023,12,6,08:19,Quarta-feira,MANHA,VIAS URBANAS,NAO DISPONIVEL,AVENIDA BALDAN,-21.6209644,-48.3554468,OUTROS,0,0,0,0,0,0,0,0,0,0,0,8.0,0,0,Sem vítimas,False
1938335,NOTIFICACAO,2023-12-06,2023,12,6,08:08,Quarta-feira,MANHA,VIAS URBANAS,NAO DISPONIVEL,AVENIDA BALDAN,-21.6190259,-48.3598725,OUTROS,0,0,0,0,0,0,0,0,0,0,0,8.0,0,0,Sem vítimas,False
2108851,SINISTRO NAO FATAL,2023-12-07,2023,12,7,10:51,Quinta-feira,MANHA,VIAS URBANAS,PUBLICO,AVENIDA PROFESSORA CHLORITA PENTEADO MARTINS,-21.6042875,-48.3758383,COLISAO,0,2,0,0,0,0,0,0,0,1,1,10.0,1,2,Com feridos leves,False
2146731,NOTIFICACAO,2023-12-07,2023,12,7,10:53,Quinta-feira,MANHA,VIAS URBANAS,NAO DISPONIVEL,RUA JOSE GONCALVES,-21.60538228,-48.37355449,OUTROS,0,0,0,0,0,0,0,0,0,0,0,10.0,0,0,Sem vítimas,False
2188040,NOTIFICACAO,2023-12-07,2023,12,7,11:17,Quinta-feira,MANHA,VIAS URBANAS,NAO DISPONIVEL,RUA JOSÉ GONÇALVES,-21.6046395,-48.3788748,NAO DISPONIVEL,0,0,0,0,0,0,0,0,0,0,0,11.0,0,0,Sem vítimas,False
1623970,SINISTRO NAO FATAL,2023-12-08,2023,12,8,18:55,Sexta-feira,NOITE,ESTRADAS E RODOVIAS,PUBLICO,SP 326,-21.5734736278,-48.3335338211,COLISAO,0,1,0,0,0,0,0,0,0,1,0,18.0,1,1,Com feridos leves,False
2038566,SINISTRO NAO FATAL,2023-12-08,2023,12,8,08:25,Sexta-feira,MANHA,ESTRADAS E RODOVIAS,PUBLICO,SP 310,-21.5294522,-48.5208287,OUTROS,0,0,1,0,0,0,0,0,2,5,1,8.0,7,1,Com feridos graves,False
2126155,NOTIFICACAO,2023-12-08,2023,12,8,12:05,Sexta-feira,TARDE,VIAS URBANAS,NAO DISPONIVEL,AVENIDA SETE DE SETEMBRO,-21.605776,-48.3677338,OUTROS,0,0,0,0,0,0,0,0,0,0,0,12.0,0,0,Sem vítimas,False
1977528,NOTIFICACAO,2023-12-09,2023,12,9,04:28,Sábado,MADRUGADA,VIAS URBANAS,NAO DISPONIVEL,SPITAL CARLOS FERNANDO MALZONI  AV SETE DE SET,-21.605116,-48.368057,NAO DISPONIVEL,0,0,0,0,0,0,0,0,0,0,0,4.0,0,0,Sem vítimas,True
1741655,NOTIFICACAO,2023-12-10,2023,12,10,20:19,Domingo,NOITE,VIAS URBANAS,NAO DISPONIVEL,RUA SINHARINHA FROTA,-21.6051156,-48.368058,NAO DISPONIVEL,0,0,0,0,0,0,0,0,0,0,0,20.0,0,0,Sem vítimas,True
1453112,SINISTRO NAO FATAL,2023-12-13,2023,12,13,17:58,Quarta-feira,TARDE,VIAS URBANAS,PUBLICO,AVENIDA PREFEITO LAERT JOSÉ TARALO MENDES,-21.604811,-48.3744907,OUTROS,0,1,0,0,0,0,0,0,0,2,0,17.0,2,1,Com feridos leves,False
1637216,SINISTRO NAO FATAL,2023-12-13,2023,12,13,21:42,Quarta-feira,NOITE,VIAS URBANAS,PUBLICO,RUA RUI BARBOSA,-21.5981383,-48.3753719,COLISAO,0,1,1,0,0,0,0,0,0,1,1,21.0,1,2,Com feridos leves,False
1657612,NOTIFICACAO,2023-12-13,2023,12,13,21:42,Quarta-feira,NOITE,VIAS URBANAS,NAO DISPONIVEL,AVENIDA PADRE NELSON ANTONIO ROMÃO,-21.6019187,-48.3614372,OUTROS,0,0,0,0,0,0,0,0,0,0,0,21.0,0,0,Sem vítimas,False
2159520,NOTIFICACAO,2023-12-13,2023,12,13,12:42,Quarta-feira,TARDE,VIAS URBANAS,NAO DISPONIVEL,RUA PRUDENTE DE MORÃES,-21.5988666,-48.369685,OUTROS,0,0,0,0,0,0,0,0,0,0,0,12.0,0,0,Sem vítimas,False
2216664,SINISTRO NAO FATAL,2023-12-13,2023,12,13,12:37,Quarta-feira,TARDE,VIAS URBANAS,PUBLICO,AVENIDA PADRE NELSON ANTONIO ROMÃO,-21.60192,-48.36144,COLISAO,0,0,2,0,0,0,0,0,0,0,2,12.0,0,2,Sem vítimas,False
1543051,NOTIFICACAO,2023-12-15,2023,12,15,18:34,Sexta-feira,NOITE,VIAS URBANAS,PUBLICO,RUA SINHARINHA FROTA,-21.6051156,-48.368058,NAO DISPONIVEL,0,0,0,0,0,0,0,0,0,0,0,18.0,0,0,Sem vítimas,False
1608572,NOTIFICACAO,2023-12-16,2023,12,16,16:26,Sábado,TARDE,VIAS URBANAS,NAO DISPONIVEL,VIA AUGUSTO BAMBOZZI,-21.638727,-48.35447,OUTROS,0,0,0,0,0,0,0,0,0,0,0,16.0,0,0,Sem vítimas,True
1618506,NOTIFICACAO,2023-12-16,2023,12,16,16:40,Sábado,TARDE,VIAS URBANAS,NAO DISPONIVEL,VIA AUGUSTO BAMBOZZI,-21.6287676,-48.3757097,OUTROS,0,0,0,0,0,0,0,0,0,0,0,16.0,0,0,Sem vítimas,True
1782590,NOTIFICACAO,2023-12-16,2023,12,16,20:23,Sábado,NOITE,VIAS URBANAS,NAO DISPONIVEL,AVENIDA JOSÉ FROTA,-21.6192131,-48.3746272,ATROPELAMENTO,0,0,0,0,0,0,0,0,0,0,0,20.0,0,0,Sem vítimas,True
2224959,NOTIFICACAO,2023-12-16,2023,12,16,09:25,Sábado,MANHA,ESTRADAS E RODOVIAS,NAO DISPONIVEL,SP 310,-21.59829,-48.4350499,OUTROS,0,0,0,0,0,0,0,0,0,0,0,9.0,0,0,Sem vítimas,True
1595261,NOTIFICACAO,2023-12-17,2023,12,17,15:21,Domingo,TARDE,VIAS URBANAS,NAO DISPONIVEL,RUA APARECIDO FERREIRA DE CARVALHO,-21.5883382,-48.3691756,OUTROS,0,0,0,0,0,0,0,0,0,0,0,15.0,0,0,Sem vítimas,True
1832383,NOTIFICACAO,2023-12-17,2023,12,17,21:41,Domingo,NOITE,VIAS URBANAS,NAO DISPONIVEL,AVENIDA JOSÉ FROTA,-21.6192131,-48.3746272,OUTROS,0,0,0,0,0,0,0,0,0,0,0,21.0,0,0,Sem vítimas,True
1871977,SINISTRO NAO FATAL,2023-12-17,2023,12,17,22:28,Domingo,NOITE,VIAS URBANAS,PUBLICO,RUA JOSÉ GONÇALVES,-21.603667,-48.3856327,COLISAO,0,1,1,0,0,0,0,0,0,1,1,22.0,1,2,Com feridos leves,True
1410336,SINISTRO NAO FATAL,2023-12-18,2023,12,18,15:55,Segunda-feira,TARDE,ESTRADAS E RODOVIAS,NAO DISPONIVEL,SP 310,-21.5802955662,-48.4523455027,OUTROS,0,0,1,0,0,0,0,0,0,1,1,15.0,1,1,Com feridos leves,False
1735654,SINISTRO NAO FATAL,2023-12-20,2023,12,20,22:00,Quarta-feira,NOITE,ESTRADAS E RODOVIAS,PUBLICO,SP 310,-21.6153134,-48.4189237,CHOQUE,0,0,1,0,0,0,0,0,0,1,0,22.0,1,1,Com feridos leves,False
1748919,NOTIFICACAO,2023-12-20,2023,12,20,23:47,Quarta-feira,NOITE,VIAS URBANAS,NAO DISPONIVEL,RUA MARLENE DAVID DOS SANTOS,-21.629677,-48.342678,OUTROS,0,0,0,0,0,0,0,0,0,0,0,23.0,0,0,Sem vítimas,False
2177421,SINISTRO NAO FATAL,2023-12-20,2023,12,20,13:11,Quarta-feira,TARDE,VIAS URBANAS,PUBLICO,AVENIDA BALDAN,-21.6148473,-48.3673696,OUTROS,0,1,0,0,0,0,0,0,0,1,0,13.0,1,1,Com feridos leves,False
2459293,SINISTRO FATAL,2023-12-20,2023,12,20,13:55,Quarta-feira,TARDE,NAO DISPONIVEL,NAO DISPONIVEL,,,,OUTROS,0,1,0,0,0,0,0,1,0,0,0,13.0,1,1,Com óbito,False
1427144,SINISTRO NAO FATAL,2023-12-21,2023,12,21,17:26,Quinta-feira,TARDE,VIAS URBANAS,NAO DISPONIVEL,RUA SINHARINHA FROTA,-21.6051156,-48.368058,ATROPELAMENTO,0,0,1,0,0,1,0,0,0,1,1,17.0,1,1,Com feridos leves,False
1599533,NOTIFICACAO,2023-12-21,2023,12,21,01:31,Quinta-feira,MADRUGADA,VIAS URBANAS,NAO DISPONIVEL,SPINELLI,-21.5883654,-48.3744658,OUTROS,0,0,0,0,0,0,0,0,0,0,0,1.0,0,0,Sem vítimas,False
1689522,NOTIFICACAO,2023-12-21,2023,12,21,22:08,Quinta-feira,NOITE,VIAS URBANAS,NAO DISPONIVEL,AVENIDA JOSE ANTONIO VIDAL JUNIOR,-21.62300221,-48.34153801,OUTROS,0,0,0,0,0,0,0,0,0,0,0,22.0,0,0,Sem vítimas,False
2142217,NOTIFICACAO,2023-12-21,2023,12,21,00:01,Quinta-feira,MADRUGADA,VIAS URBANAS,NAO DISPONIVEL,RUA MARLENE DAVID DOS SANTOS,-21.6309515,-48.3454178,OUTROS,0,0,0,0,0,0,0,0,0,0,0,0.0,0,0,Sem vítimas,False
1683083,SINISTRO NAO FATAL,2023-12-22,2023,12,22,20:17,Sexta-feira,NOITE,VIAS URBANAS,NAO DISPONIVEL,VIA CLITO BASTIA,-21.62319663,-48.33406198,COLISAO,1,0,1,0,0,0,0,0,0,1,1,20.0,1,2,Com feridos leves,False
1687567,NOTIFICACAO,2023-12-22,2023,12,22,20:27,Sexta-feira,NOITE,VIAS URBANAS,NAO DISPONIVEL,ESTRADA SENTIDO ARARAQUARA,-21.59842725,-48.36294767,OUTROS,0,0,0,0,0,0,0,0,0,0,0,20.0,0,0,Sem vítimas,False
1748283,NOTIFICACAO,2023-12-23,2023,12,23,19:55,Sábado,NOITE,VIAS URBANAS,NAO DISPONIVEL,AVENIDA LUDWIG ECKES,-21.5836425,-48.3770006,OUTROS,0,0,0,0,0,0,0,0,0,0,0,19.0,0,0,Sem vítimas,True
1962449,SINISTRO NAO FATAL,2023-12-23,2023,12,23,03:38,Sábado,MADRUGADA,VIAS URBANAS,PUBLICO,AVENIDA TROLESI,-21.5994953,-48.3460316,COLISAO,0,0,2,0,0,0,0,0,0,3,0,3.0,3,2,Com feridos leves,True
1649950,SINISTRO NAO FATAL,2023-12-24,2023,12,24,15:11,Domingo,TARDE,VIAS URBANAS,PUBLICO,RUA AUGUSTO BELLINI,-21.62204425,-48.3550149,COLISAO,1,0,1,0,0,0,0,0,0,1,1,15.0,1,2,Com feridos leves,True
2147899,SINISTRO NAO FATAL,2023-12-28,2023,12,28,12:56,Quinta-feira,TARDE,VIAS URBANAS,PUBLICO,AVENIDA BALDAN,-21.6148473,-48.3673696,COLISAO,0,1,1,0,0,0,0,0,0,1,1,12.0,1,2,Com feridos leves,False
1622431,SINISTRO NAO FATAL,2023-12-29,2023,12,29,19:15,Sexta-feira,NOITE,VIAS URBANAS,NAO DISPONIVEL,AVENIDA SÃO PAULO,-21.5944934,-48.350683,ATROPELAMENTO,0,0,1,0,0,2,0,0,0,1,2,19.0,1,1,Com feridos leves,False
2109944,NOTIFICACAO,2023-12-29,2023,12,29,11:23,Sexta-feira,MANHA,VIAS URBANAS,NAO DISPONIVEL,AVENIDA SETE DE SETEMBRO,-21.6051156,-48.368058,OUTROS,0,0,0,0,0,0,0,0,0,0,0,11.0,0,0,Sem vítimas,False
2111292,NOTIFICACAO,2023-12-29,2023,12,29,10:06,Sexta-feira,MANHA,VIAS URBANAS,NAO DISPONIVEL,RUA MARLENE DAVID DOS SANTOS,-21.629677,-48.342678,OUTROS,0,0,0,0,0,0,0,0,0,0,0,10.0,0,0,Sem vítimas,False
2133495,SINISTRO NAO FATAL,2023-12-29,2023,12,29,10:32,Sexta-feira,MANHA,VIAS URBANAS,PUBLICO,AVENIDA PADRE NELSON ANTONIO ROMÃO,-21.6019187,-48.3614372,COLISAO,0,1,1,0,0,0,0,0,0,1,1,10.0,1,2,Com feridos leves,False
1585336,SINISTRO NAO FATAL,2023-12-30,2023,12,30,00:57,Sábado,MADRUGADA,VIAS URBANAS,PUBLICO,AVENIDA SALDANHA DA GAMA,-21.6037469,-48.3713968,COLISAO,0,0,1,0,0,0,0,0,0,2,0,0.0,2,1,Com feridos leves,True
1639830,NOTIFICACAO,2023-12-31,2023,12,31,19:36,Domingo,NOITE,VIAS URBANAS,PUBLICO,BR364,-21.62286,-48.3357894,OUTROS,0,0,0,0,0,0,0,0,0,0,0,19.0,0,0,Sem vítimas,True
1720492,NOTIFICACAO,2023-12-31,2023,12,31,21:25,Domingo,NOITE,VIAS URBANAS,NAO DISPONIVEL,TRABALHADORES,-21.62300221,-48.34153801,OUTROS,0,0,0,0,0,0,0,0,0,0,0,21.0,0,0,Sem vítimas,True
1853052,SINISTRO NAO FATAL,2024-01-01,2024,1,1,21:03,Segunda-feira,NOITE,ESTRADAS E RODOVIAS,NAO DISPONIVEL,SP 310,-21.56926042,-48.46300235,COLISAO,0,0,2,0,0,0,0,0,0,4,2,21.0,4,2,Com feridos leves,False
1572441,SINISTRO NAO FATAL,2024-01-02,2024,1,2,22:56,Terça-feira,NOITE,VIAS URBANAS,PUBLICO,AVENIDA SETE DE SETEMBRO,-21.59364,-48.361839,COLISAO,0,0,2,0,0,0,0,0,0,2,0,22.0,2,2,Com feridos leves,False
2084585,SINISTRO NAO FATAL,2024-01-02,2024,1,2,07:45,Terça-feira,MANHA,ESTRADAS E RODOVIAS,PUBLICO,SP 310,-21.54163886,-48.50265974,OUTROS,0,1,0,0,0,0,0,0,0,1,0,7.0,1,1,Com feridos leves,False
1819006,SINISTRO NAO FATAL,2024-01-05,2024,1,5,06:27,Sexta-feira,MANHA,VIAS URBANAS,PUBLICO,ESTRADA PARA DOBRADA,-21.59849374,-48.36298215,OUTROS,0,1,0,0,0,0,0,0,0,2,0,6.0,2,1,Com feridos leves,False
1828689,NOTIFICACAO,2024-01-05,2024,1,5,06:52,Sexta-feira,MANHA,VIAS URBANAS,NAO DISPONIVEL,DO TRABALHADOR,-21.581158,-48.37094,OUTROS,0,0,0,0,0,0,0,0,0,0,0,6.0,0,0,Sem vítimas,False
1854415,NOTIFICACAO,2024-01-05,2024,1,5,06:41,Sexta-feira,MANHA,VIAS URBANAS,NAO DISPONIVEL,AVENIDA BRASIL,-21.59877028,-48.35290016,OUTROS,0,0,0,0,0,0,0,0,0,0,0,6.0,0,0,Sem vítimas,False
2158779,SINISTRO NAO FATAL,2024-01-05,2024,1,5,13:43,Sexta-feira,TARDE,VIAS URBANAS,PUBLICO,Avenida Padre Nelson Antonio Romão,-21.6131151,-48.3655907,COLISAO,0,1,1,0,0,0,0,0,0,1,1,13.0,1,2,Com feridos leves,False
1860934,NOTIFICACAO,2024-01-06,2024,1,6,02:08,Sábado,MADRUGADA,VIAS URBANAS,NAO DISPONIVEL,AVENIDA SETE DE SETEMBRO,-21.6051156,-48.368058,NAO DISPONIVEL,0,0,0,0,0,0,0,0,0,0,0,2.0,0,0,Sem vítimas,True
1285774,NOTIFICACAO,2024-01-08,2024,1,8,14:38,Segunda-feira,TARDE,VIAS URBANAS,NAO DISPONIVEL,RUA SINHARINHA FROTA,-21.6051156,-48.368058,NAO DISPONIVEL,0,0,0,0,0,0,0,0,0,0,0,14.0,0,0,Sem vítimas,False
1477242,SINISTRO NAO FATAL,2024-01-09,2024,1,9,18:30,Terça-feira,NOITE,VIAS URBANAS,PUBLICO,RUA RUI BARBOSA,-21.598107,-48.3758326,COLISAO,0,1,1,0,0,0,0,0,0,1,1,18.0,1,2,Com feridos leves,False
2023533,NOTIFICACAO,2024-01-09,2024,1,9,09:37,Terça-feira,MANHA,VIAS URBANAS,PUBLICO,AVENIDA SETE DE SETEMBRO,-21.5919217,-48.3602725,ATROPELAMENTO,0,0,0,0,0,1,0,0,0,1,0,9.0,1,0,Com feridos leves,False
2120543,SINISTRO NAO FATAL,2024-01-09,2024,1,9,12:29,Terça-feira,TARDE,VIAS URBANAS,PUBLICO,AVENIDA BALDAN,-21.6148473,-48.3673696,COLISAO,0,1,1,0,0,0,0,0,0,1,1,12.0,1,2,Com feridos leves,False
2165488,NOTIFICACAO,2024-01-09,2024,1,9,12:35,Terça-feira,TARDE,VIAS URBANAS,NAO DISPONIVEL,AVENIDA BALDAN,-21.612358,-48.372437,OUTROS,0,0,0,0,0,0,0,0,0,0,0,12.0,0,0,Sem vítimas,False
2104899,SINISTRO NAO FATAL,2024-01-10,2024,1,10,10:02,Quarta-feira,MANHA,VIAS URBANAS,PUBLICO,ESTRADA DOBRADA  MATÃO,-21.56696301,-48.38064912,OUTROS,0,1,0,0,0,0,0,0,0,1,0,10.0,1,1,Com feridos leves,False
2222473,SINISTRO NAO FATAL,2024-01-10,2024,1,10,11:52,Quarta-feira,MANHA,VIAS URBANAS,PUBLICO,RUA JAIR ZANI,-21.59849374,-48.36298215,COLISAO,0,0,0,0,1,0,0,0,0,1,1,11.0,1,1,Com feridos leves,False
1328192,SINISTRO NAO FATAL,2024-01-11,2024,1,11,01:41,Quinta-feira,MADRUGADA,VIAS URBANAS,NAO DISPONIVEL,AVENIDA LUDWIG ECKES,-21.5888731,-48.3775131,COLISAO,0,0,1,0,1,0,0,0,0,2,1,1.0,2,2,Com feridos leves,False
1374671,SINISTRO NAO FATAL,2024-01-11,2024,1,11,17:21,Quinta-feira,TARDE,VIAS URBANAS,PUBLICO,"CLUBE DA BAMBOZZI  VIA ORLANDO JOSÉ SCUTTI, 1538",-21.633005,-48.353333,COLISAO,0,1,1,0,0,0,0,0,0,1,1,17.0,1,2,Com feridos leves,False
1386939,NOTIFICACAO,2024-01-11,2024,1,11,17:28,Quinta-feira,TARDE,VIAS URBANAS,NAO DISPONIVEL,AVENIDA SETE DE SETEMBRO,-21.59849374,-48.36298215,OUTROS,0,0,0,0,0,0,0,0,0,0,0,17.0,0,0,Sem vítimas,False
1388352,NOTIFICACAO,2024-01-11,2024,1,11,17:30,Quinta-feira,TARDE,VIAS URBANAS,NAO DISPONIVEL,AVENIDA ANTÔNIO GORGATTI,-21.6169204,-48.3637734,OUTROS,0,0,0,0,0,0,0,0,0,0,0,17.0,0,0,Sem vítimas,False
2121914,SINISTRO NAO FATAL,2024-01-11,2024,1,11,13:10,Quinta-feira,TARDE,VIAS URBANAS,NAO DISPONIVEL,RUA JOSÉ BONIFÁCIO,-21.6027129,-48.3683498,COLISAO,0,1,1,0,0,0,0,0,0,2,1,13.0,2,2,Com feridos leves,False
1775086,NOTIFICACAO,2024-01-14,2024,1,14,00:03,Domingo,MADRUGADA,VIAS URBANAS,NAO DISPONIVEL,AVENIDA FRANCISCO MASTROPIETRO,-21.59563467,-48.34329886,OUTROS,0,0,0,0,0,0,0,0,0,0,0,0.0,0,0,Sem vítimas,True
1505502,NOTIFICACAO,2024-01-15,2024,1,15,01:07,Segunda-feira,MADRUGADA,VIAS URBANAS,NAO DISPONIVEL,RUA CONSTANTINO BASTIA,-21.60303,-48.376316,NAO DISPONIVEL,0,0,0,0,0,0,0,0,0,0,0,1.0,0,0,Sem vítimas,False
1907683,NOTIFICACAO,2024-01-18,2024,1,18,08:12,Quinta-feira,MANHA,VIAS URBANAS,NAO DISPONIVEL,AVENIDA ANTÔNIO GORGATTI,-21.6169204,-48.3637734,OUTROS,0,0,0,0,0,0,0,0,0,0,0,8.0,0,0,Sem vítimas,False
1964328,NOTIFICACAO,2024-01-18,2024,1,18,08:02,Quinta-feira,MANHA,VIAS URBANAS,NAO DISPONIVEL,ANTONIO MURGATO,-21.59849374,-48.36298215,NAO DISPONIVEL,0,0,0,0,0,0,0,0,0,0,0,8.0,0,0,Sem vítimas,False
2105993,SINISTRO NAO FATAL,2024-01-19,2024,1,19,00:00,Sexta-feira,MADRUGADA,VIAS URBANAS,PUBLICO,AVENIDA BRASIL,-21.59877028,-48.35290016,COLISAO,0,1,1,0,0,0,0,0,0,1,1,0.0,1,2,Com feridos leves,False
2133805,NOTIFICACAO,2024-01-19,2024,1,19,12:25,Sexta-feira,TARDE,VIAS URBANAS,NAO DISPONIVEL,AVENIDA SANTO ANTÔNIO,-21.6005358,-48.3705566,NAO DISPONIVEL,0,0,0,0,0,0,0,0,0,0,0,12.0,0,0,Sem vítimas,False
2196048,SINISTRO NAO FATAL,2024-01-19,2024,1,19,13:24,Sexta-feira,TARDE,VIAS URBANAS,PUBLICO,RUA PRUDENTE DE MORÃES,-21.5988666,-48.369685,COLISAO,0,1,1,0,0,0,0,0,0,1,1,13.0,1,2,Com feridos leves,False
2202453,NOTIFICACAO,2024-01-19,2024,1,19,13:08,Sexta-feira,TARDE,VIAS URBANAS,NAO DISPONIVEL,AVENIDA SETE DE SETEMBRO,-21.5919217,-48.3602725,NAO DISPONIVEL,0,0,0,0,0,0,0,0,0,0,0,13.0,0,0,Sem vítimas,False
1753924,NOTIFICACAO,2024-01-20,2024,1,20,22:12,Sábado,NOITE,VIAS URBANAS,NAO DISPONIVEL,AVENIDA GUILHERME FERRANTE,-21.59395225,-48.37637714,NAO DISPONIVEL,0,0,0,0,0,0,0,0,0,0,0,22.0,0,0,Sem vítimas,True
1789654,NOTIFICACAO,2024-01-20,2024,1,20,22:13,Sábado,NOITE,VIAS URBANAS,NAO DISPONIVEL,RUA SAO LOURENCO,-21.60124174,-48.36132272,NAO DISPONIVEL,0,0,0,0,0,0,0,0,0,0,0,22.0,0,0,Sem vítimas,True
2200307,SINISTRO NAO FATAL,2024-01-21,2024,1,21,09:09,Domingo,MANHA,VIAS URBANAS,PUBLICO,RUA SAO LOURENCO,-21.60150932,-48.36040515,COLISAO,0,0,1,0,0,0,0,0,0,1,1,9.0,1,1,Com feridos leves,True
1993551,SINISTRO NAO FATAL,2024-01-22,2024,1,22,11:30,Segunda-feira,MANHA,VIAS URBANAS,PUBLICO,RUA RUI BARBOSA,-21.5981383,-48.3753719,COLISAO,0,1,1,0,0,0,0,0,0,1,1,11.0,1,2,Com feridos leves,False
1278644,SINISTRO NAO FATAL,2024-01-23,2024,1,23,17:10,Terça-feira,TARDE,VIAS URBANAS,PUBLICO,AVENIDA BALDAN,-21.6148473,-48.3673696,COLISAO,0,1,1,0,0,0,0,0,0,1,1,17.0,1,2,Com feridos leves,False
1877430,SINISTRO NAO FATAL,2024-01-24,2024,1,24,07:22,Quarta-feira,MANHA,VIAS URBANAS,PUBLICO,RUA SINHARINHA FROTA,-21.6051156,-48.368058,COLISAO,1,0,1,0,0,0,0,0,0,1,1,7.0,1,2,Com feridos leves,False
1885042,SINISTRO NAO FATAL,2024-01-24,2024,1,24,07:10,Quarta-feira,MANHA,ESTRADAS E RODOVIAS,NAO DISPONIVEL,SP,-21.62300221,-48.34153801,COLISAO,0,0,2,0,0,0,0,0,0,0,2,7.0,0,2,Sem vítimas,False
2132996,NOTIFICACAO,2024-01-25,2024,1,25,10:46,Quinta-feira,MANHA,VIAS URBANAS,NAO DISPONIVEL,AVENIDA SETE DE SETEMBRO,-21.5919217,-48.3602725,NAO DISPONIVEL,0,0,0,0,0,0,0,0,0,0,0,10.0,0,0,Sem vítimas,False
1369989,NOTIFICACAO,2024-01-28,2024,1,28,10:49,Domingo,MANHA,VIAS URBANAS,NAO DISPONIVEL,RUA SÃO LOURENÇO,-21.593436,-48.379974,OUTROS,0,0,0,0,0,0,0,0,0,0,0,10.0,0,0,Sem vítimas,True
1854250,SINISTRO NAO FATAL,2024-01-30,2024,1,30,06:49,Terça-feira,MANHA,VIAS URBANAS,PUBLICO,AVENIDA TROLESI,-21.61083609,-48.3509771,NAO DISPONIVEL,0,1,1,0,0,0,0,0,0,1,2,6.0,1,2,Com feridos leves,False
1903932,NOTIFICACAO,2024-01-30,2024,1,30,07:56,Terça-feira,MANHA,VIAS URBANAS,NAO DISPONIVEL,RUA SINHARINHA FROTA,-21.6051156,-48.368058,NAO DISPONIVEL,0,0,0,0,0,0,0,0,0,0,0,7.0,0,0,Sem vítimas,False
1324152,NOTIFICACAO,2024-01-31,2024,1,31,17:10,Quarta-feira,TARDE,VIAS URBANAS,NAO DISPONIVEL,RUA RUI BARBOSA,-21.6018539,-48.3681625,OUTROS,0,0,0,0,0,0,0,0,0,0,0,17.0,0,0,Sem vítimas,False
1345122,NOTIFICACAO,2024-01-31,2024,1,31,17:35,Quarta-feira,TARDE,VIAS URBANAS,NAO DISPONIVEL,AVENIDA BALDAN,-21.6153168,-48.3681962,NAO DISPONIVEL,0,0,0,0,0,0,0,0,0,0,0,17.0,0,0,Sem vítimas,False
1974936,SINISTRO NAO FATAL,2024-01-31,2024,1,31,08:54,Quarta-feira,MANHA,VIAS URBANAS,PUBLICO,AVENIDA 15 DE NOVEMBRO,-21.612514,-48.3699502,COLISAO,0,1,2,0,0,0,0,0,0,1,2,8.0,1,3,Com feridos leves,False
1502312,SINISTRO NAO FATAL,2024-02-03,2024,2,3,15:30,Sábado,TARDE,VIAS URBANAS,NAO DISPONIVEL,RUA CASTRO ALVES,-21.6001876,-48.3562199,COLISAO,0,2,0,0,0,0,0,0,0,1,1,15.0,1,2,Com feridos leves,True
1356679,NOTIFICACAO,2024-02-07,2024,2,7,16:10,Quarta-feira,TARDE,VIAS URBANAS,NAO DISPONIVEL,AVENIDA SETE DE SETEMBRO,-21.591091,-48.3602571,NAO DISPONIVEL,0,0,0,0,0,0,0,0,0,0,0,16.0,0,0,Sem vítimas,False
1373824,NOTIFICACAO,2024-02-07,2024,2,7,16:09,Quarta-feira,TARDE,VIAS URBANAS,NAO DISPONIVEL,AVENIDA BALDAN,-21.6148473,-48.3673696,OUTROS,0,0,0,0,0,0,0,0,0,0,0,16.0,0,0,Sem vítimas,False
2155780,SINISTRO NAO FATAL,2024-02-08,2024,2,8,11:21,Quinta-feira,MANHA,VIAS URBANAS,NAO DISPONIVEL,AVENIDA VEREADOR ALBINO JOÃO BALDAN,-21.6320242,-48.337541,COLISAO,0,1,1,0,0,0,0,0,0,1,1,11.0,1,2,Com feridos leves,False
1382879,SINISTRO NAO FATAL,2024-02-09,2024,2,9,16:05,Sexta-feira,TARDE,VIAS URBANAS,PUBLICO,SO 310,-21.60110746,-48.38926858,COLISAO,0,0,0,0,2,0,0,0,0,1,1,16.0,1,2,Com feridos leves,False
1815175,SINISTRO NAO FATAL,2024-02-10,2024,2,10,22:04,Sábado,NOITE,VIAS URBANAS,PUBLICO,AVENIDA BALDAN,-21.6148473,-48.3673696,COLISAO,0,1,1,0,0,0,0,0,0,1,1,22.0,1,2,Com feridos leves,True
1568929,SINISTRO NAO FATAL,2024-02-11,2024,2,11,14:21,Domingo,TARDE,VIAS URBANAS,PUBLICO,RUA OTONE CORRÊA,-21.59472,-48.3530849,COLISAO,0,1,0,0,0,0,0,0,0,2,0,14.0,2,1,Com feridos leves,True
1633208,NOTIFICACAO,2024-02-11,2024,2,11,16:42,Domingo,TARDE,VIAS URBANAS,NAO DISPONIVEL,RUA SINHARINHA FROTA,-21.6051156,-48.368058,NAO DISPONIVEL,0,0,0,0,0,0,0,0,0,0,0,16.0,0,0,Sem vítimas,True
1748937,NOTIFICACAO,2024-02-11,2024,2,11,20:07,Domingo,NOITE,VIAS URBANAS,NAO DISPONIVEL,AVENIDA SÃO PAULO,-21.6025984,-48.3526504,NAO DISPONIVEL,0,0,0,0,0,0,0,0,0,0,0,20.0,0,0,Sem vítimas,True
1762592,SINISTRO NAO FATAL,2024-02-11,2024,2,11,19:59,Domingo,NOITE,VIAS URBANAS,NAO DISPONIVEL,AVENIDA SÃO PAULO,-21.589518,-48.349918,COLISAO,0,1,0,0,0,0,0,0,1,0,1,19.0,1,1,Com feridos graves,True
1802829,NOTIFICACAO,2024-02-11,2024,2,11,19:58,Domingo,NOITE,VIAS URBANAS,NAO DISPONIVEL,AVENIDA SÃO PAULO,-21.6025602,-48.3526407,OUTROS,0,0,0,0,0,0,0,0,0,0,0,19.0,0,0,Sem vítimas,True
2245379,SINISTRO NAO FATAL,2024-02-12,2024,2,12,12:06,Segunda-feira,TARDE,VIAS URBANAS,PUBLICO,RUA ALDO ALDANO BOTURA,-21.6307451,-48.3535757,CHOQUE,0,1,0,0,0,0,0,0,0,1,0,12.0,1,1,Com feridos leves,False
1514633,SINISTRO NAO FATAL,2024-02-13,2024,2,13,16:23,Terça-feira,TARDE,VIAS URBANAS,PUBLICO,AVENIDA BALDAN,-21.6194637,-48.3585482,COLISAO,0,0,3,0,0,0,0,0,0,1,2,16.0,1,3,Com feridos leves,False
1782337,SINISTRO NAO FATAL,2024-02-16,2024,2,16,06:12,Sexta-feira,MANHA,VIAS URBANAS,NAO DISPONIVEL,AV LUDIVIK  EKIS,-21.59849374,-48.36298215,COLISAO,0,1,0,0,0,0,0,0,1,0,0,6.0,1,1,Com feridos graves,False
1782693,NOTIFICACAO,2024-02-16,2024,2,16,06:08,Sexta-feira,MANHA,VIAS URBANAS,NAO DISPONIVEL,"DELEGACIA GERAL DE POLÍCIA  AV 15 DE NOVEMBRO, 2",-21.608072,-48.367786,OUTROS,0,0,0,0,0,0,0,0,0,0,0,6.0,0,0,Sem vítimas,False
1268256,SINISTRO NAO FATAL,2024-02-17,2024,2,17,11:20,Sábado,MANHA,VIAS URBANAS,PUBLICO,AVENIDA FRANCISCO MASTROPIETRO,-21.584534,-48.3672579,COLISAO,0,1,1,0,0,0,0,0,0,1,1,11.0,1,2,Com feridos leves,True
2533814,SINISTRO NAO FATAL,2024-02-17,2024,2,17,17:55,Sábado,TARDE,ESTRADAS E RODOVIAS,,SP 310,-21.5577,-48.4804,OUTROS,0,0,0,0,0,0,0,0,0,0,0,17.0,0,0,Sem vítimas,True
1892988,SINISTRO NAO FATAL,2024-02-23,2024,2,23,06:42,Sexta-feira,MANHA,VIAS URBANAS,PUBLICO,RUA JOÃO HONÓRIO MENDONÇA,-21.6289931,-48.3514482,CHOQUE,0,0,1,0,0,0,0,0,0,1,0,6.0,1,1,Com feridos leves,False
1909555,NOTIFICACAO,2024-02-23,2024,2,23,07:00,Sexta-feira,MANHA,VIAS URBANAS,NAO DISPONIVEL,RUA JOÃO HONÓRIO MENDONÇA,-21.6289931,-48.3514482,OUTROS,0,0,0,0,0,0,0,0,0,0,0,7.0,0,0,Sem vítimas,False
2017582,SINISTRO NAO FATAL,2024-02-23,2024,2,23,07:53,Sexta-feira,MANHA,VIAS URBANAS,PUBLICO,AVENIDA 07,-21.642692,-48.3435323,ATROPELAMENTO,0,0,1,0,0,1,0,0,0,1,1,7.0,1,1,Com feridos leves,False
1314577,SINISTRO NAO FATAL,2024-02-24,2024,2,24,13:02,Sábado,TARDE,VIAS URBANAS,NAO DISPONIVEL,RUA DOMINGOS MAURI,-21.6063159,-48.3792304,COLISAO,0,1,1,0,0,0,0,0,0,1,1,13.0,1,2,Com feridos leves,True
1408653,SINISTRO NAO FATAL,2024-02-24,2024,2,24,14:18,Sábado,TARDE,VIAS URBANAS,PUBLICO,AVENIDA PREFEITO LAERT JOSÉ TARALO MENDES,-21.6001052,-48.3732771,COLISAO,0,1,1,0,0,0,0,0,0,1,1,14.0,1,2,Com feridos leves,True
1426834,NOTIFICACAO,2024-02-24,2024,2,24,14:42,Sábado,TARDE,VIAS URBANAS,NAO DISPONIVEL,AVENIDA  ALAMEDA,-21.62300221,-48.34153801,NAO DISPONIVEL,0,0,0,0,0,0,0,0,0,0,0,14.0,0,0,Sem vítimas,True
1580607,SINISTRO NAO FATAL,2024-02-25,2024,2,25,14:42,Domingo,TARDE,VIAS URBANAS,PUBLICO,AVENIDA TOLÊDO MALTA,-21.5988484,-48.3676401,COLISAO,0,1,1,0,0,0,0,0,0,2,1,14.0,2,2,Com feridos leves,True
1981435,NOTIFICACAO,2024-02-26,2024,2,26,07:35,Segunda-feira,MANHA,VIAS URBANAS,NAO DISPONIVEL,AVENIDA JOSE ANTONIO VIDAL JUNIOR,-21.62300221,-48.34153801,NAO DISPONIVEL,0,0,0,0,0,0,0,0,0,0,0,7.0,0,0,Sem vítimas,False
1445888,SINISTRO NAO FATAL,2024-02-27,2024,2,27,17:44,Terça-feira,TARDE,VIAS URBANAS,PUBLICO,RUA CONSTANTINO BASTIA,-21.6030993,-48.3759798,COLISAO,0,1,1,0,0,0,0,0,0,1,1,17.0,1,2,Com feridos leves,False
1562207,SINISTRO NAO FATAL,2024-02-27,2024,2,27,19:18,Terça-feira,NOITE,VIAS URBANAS,PUBLICO,AVENIDA CAMPOS SALLES,-21.6076678,-48.3710713,COLISAO,1,1,0,0,0,0,0,0,1,1,1,19.0,2,2,Com feridos graves,False
2233938,NOTIFICACAO,2024-02-29,2024,2,29,13:30,Quinta-feira,TARDE,VIAS URBANAS,NAO DISPONIVEL,AVENIDA TROLESI,-21.5994467,-48.3460055,NAO DISPONIVEL,0,0,0,0,0,0,0,0,0,0,0,13.0,0,0,Sem vítimas,False
1379292,NOTIFICACAO,2024-03-01,2024,3,1,00:00,Sexta-feira,MADRUGADA,VIAS URBANAS,NAO DISPONIVEL,RUA SAO LOURENCO,-21.5939966,-48.37863137,NAO DISPONIVEL,0,0,0,0,0,0,0,0,0,0,0,0.0,0,0,Sem vítimas,False
1467150,SINISTRO NAO FATAL,2024-03-01,2024,3,1,15:49,Sexta-feira,TARDE,VIAS URBANAS,PUBLICO,RUA SÃO LOURENÇO,-21.6026537,-48.3499484,COLISAO,0,1,1,0,0,0,0,0,0,1,1,15.0,1,2,Com feridos leves,False
1546849,SINISTRO NAO FATAL,2024-03-01,2024,3,1,16:54,Sexta-feira,TARDE,VIAS URBANAS,PUBLICO,RUA FÉRES LIAN,-21.5982734,-48.3819196,COLISAO,0,1,1,0,0,0,0,0,0,1,1,16.0,1,2,Com feridos leves,False
1346771,SINISTRO NAO FATAL,2024-03-02,2024,3,2,11:43,Sábado,MANHA,VIAS URBANAS,PUBLICO,RUA SINHARINHA FROTA,-21.6051156,-48.368058,COLISAO,0,1,1,0,0,0,0,0,0,1,1,11.0,1,2,Com feridos leves,True
1600612,SINISTRO NAO FATAL,2024-03-02,2024,3,2,16:02,Sábado,TARDE,VIAS URBANAS,PUBLICO,AVENIDA TOLÊDO MALTA,-21.5865268,-48.3612268,COLISAO,0,1,1,0,0,0,0,0,0,2,1,16.0,2,2,Com feridos leves,True
1799032,SINISTRO NAO FATAL,2024-03-02,2024,3,2,21:21,Sábado,NOITE,VIAS URBANAS,PRIVADO,RUA JOSE ARTIMONTE,-21.60414138,-48.3558277,ATROPELAMENTO,0,0,1,0,0,1,0,0,1,0,2,21.0,1,1,Com feridos graves,True
1850207,NOTIFICACAO,2024-03-02,2024,3,2,21:29,Sábado,NOITE,VIAS URBANAS,NAO DISPONIVEL,RUA JOSÉ ARTIMONTE,-21.6034333,-48.3585711,NAO DISPONIVEL,0,0,0,0,0,0,0,0,0,0,0,21.0,0,0,Sem vítimas,True
1907430,SINISTRO NAO FATAL,2024-03-04,2024,3,4,05:44,Segunda-feira,MADRUGADA,VIAS URBANAS,PUBLICO,AVENIDA PROLEZI,-21.59849374,-48.36298215,OUTROS,0,1,0,0,0,0,0,0,1,0,0,5.0,1,1,Com feridos graves,False
2114472,NOTIFICACAO,2024-03-04,2024,3,4,00:41,Segunda-feira,MADRUGADA,VIAS URBANAS,NAO DISPONIVEL,RUA SINHARINHA FROTA,-21.6051156,-48.368058,NAO DISPONIVEL,0,0,0,0,0,0,0,0,0,0,0,0.0,0,0,Sem vítimas,False
2180791,SINISTRO NAO FATAL,2024-03-04,2024,3,4,10:30,Segunda-feira,MANHA,VIAS URBANAS,NAO DISPONIVEL,RUA SINHARINHA FROTA,-21.6114755,-48.3533415,ATROPELAMENTO,0,0,1,0,0,2,0,0,1,0,2,10.0,1,1,Com feridos graves,False
1699728,SINISTRO NAO FATAL,2024-03-05,2024,3,5,20:46,Terça-feira,NOITE,VIAS URBANAS,PUBLICO,RUA JOÃO PESSOA,-21.605992,-48.3582306,COLISAO,0,1,1,0,0,0,0,0,0,1,1,20.0,1,2,Com feridos leves,False
1870788,NOTIFICACAO,2024-03-05,2024,3,5,06:42,Terça-feira,MANHA,VIAS URBANAS,NAO DISPONIVEL,AVENIDA 15 DE NOVEMBRO,-21.5924745,-48.3595222,NAO DISPONIVEL,0,0,0,0,0,0,0,0,0,0,0,6.0,0,0,Sem vítimas,False
2456422,SINISTRO FATAL,2024-03-05,2024,3,5,20:53,Terça-feira,NOITE,VIAS URBANAS,PUBLICO,AVENIDA LUDWIG ECKES,-21.595569,-48.38151,CHOQUE,0,1,1,0,1,0,0,1,0,0,0,20.0,1,3,Com óbito,False
1352545,SINISTRO NAO FATAL,2024-03-06,2024,3,6,13:52,Quarta-feira,TARDE,VIAS URBANAS,PUBLICO,AVENIDA VEREADOR ALBINO JOÃO BALDAN,-21.6320242,-48.337541,COLISAO,0,1,1,0,0,0,0,0,0,1,1,13.0,1,2,Com feridos leves,False
1581942,SINISTRO NAO FATAL,2024-03-06,2024,3,6,17:34,Quarta-feira,TARDE,VIAS URBANAS,PUBLICO,RUA SAO LOURENCO,-21.60124174,-48.36132272,COLISAO,0,1,1,0,0,0,0,0,0,1,1,17.0,1,2,Com feridos leves,False
1831083,NOTIFICACAO,2024-03-06,2024,3,6,06:37,Quarta-feira,MANHA,VIAS URBANAS,PUBLICO,AVENIDA LUDWIG ECKES,-21.5835464,-48.3767474,CHOQUE,0,0,0,0,0,0,0,0,0,0,0,6.0,0,0,Sem vítimas,False
1271346,SINISTRO NAO FATAL,2024-03-07,2024,3,7,12:25,Quinta-feira,TARDE,VIAS URBANAS,PUBLICO,AVENIDA SÃO PAULO,-21.589518,-48.349918,COLISAO,0,1,1,0,0,0,0,0,0,1,1,12.0,1,2,Com feridos leves,False
1364549,SINISTRO NAO FATAL,2024-03-07,2024,3,7,13:43,Quinta-feira,TARDE,VIAS URBANAS,PUBLICO,LUDOVIK EQUIS,-21.60111233,-48.38934804,CHOQUE,0,1,0,0,0,0,0,0,0,1,1,13.0,1,1,Com feridos leves,False
1679308,SINISTRO NAO FATAL,2024-03-07,2024,3,7,19:20,Quinta-feira,NOITE,ESTRADAS E RODOVIAS,NAO DISPONIVEL,SP 310,-21.5215713661,-48.5317335291,COLISAO,0,0,1,0,1,0,1,0,1,0,1,19.0,1,3,Com feridos graves,False
1493046,SINISTRO NAO FATAL,2024-03-08,2024,3,8,14:58,Sexta-feira,TARDE,VIAS URBANAS,PUBLICO,RUA SÃO LOURENÇO,-21.60276,-48.3514065,COLISAO,0,1,1,0,0,0,0,0,1,0,2,14.0,1,2,Com feridos graves,False
2259415,SINISTRO NAO FATAL,2024-03-08,2024,3,8,11:20,Sexta-feira,MANHA,VIAS URBANAS,PUBLICO,AV OLAVO PICCHI,-21.5854534,-48.3463294,COLISAO,0,1,1,0,0,0,0,0,0,1,1,11.0,1,2,Com feridos leves,False
1782191,SINISTRO NAO FATAL,2024-03-09,2024,3,9,20:27,Sábado,NOITE,VIAS URBANAS,PUBLICO,AVENIDA BALDAN,-21.6148473,-48.3673696,COLISAO,0,1,1,0,0,0,0,0,0,1,1,20.0,1,2,Com feridos leves,True
1845785,SINISTRO NAO FATAL,2024-03-10,2024,3,10,21:42,Domingo,NOITE,VIAS URBANAS,PUBLICO,AVENIDA JOÃO MARCHESAN,-21.6148611,-48.3751229,COLISAO,0,1,0,0,0,0,0,0,1,1,0,21.0,2,1,Com feridos graves,True
2012614,NOTIFICACAO,2024-03-10,2024,3,10,03:42,Domingo,MADRUGADA,VIAS URBANAS,NAO DISPONIVEL,RUA JOSE,-21.62306028,-48.34158793,NAO DISPONIVEL,0,0,0,0,0,0,0,0,0,0,0,3.0,0,0,Sem vítimas,True
1365402,SINISTRO NAO FATAL,2024-03-11,2024,3,11,12:56,Segunda-feira,TARDE,VIAS URBANAS,PUBLICO,AVENIDA ALDO NICOLUCCI,-21.5894637,-48.3767137,COLISAO,0,1,1,0,0,0,0,0,0,2,1,12.0,2,2,Com feridos leves,False
1619961,SINISTRO NAO FATAL,2024-03-11,2024,3,11,17:21,Segunda-feira,TARDE,VIAS URBANAS,PUBLICO,RUA RUI BARBOSA,-21.60765229,-48.35523395,COLISAO,0,1,1,0,0,0,0,0,0,1,2,17.0,1,2,Com feridos leves,False
1271489,SINISTRO NAO FATAL,2024-03-12,2024,3,12,01:45,Terça-feira,MADRUGADA,VIAS URBANAS,PUBLICO,POLÍCIA MILITAR DO ESTADO DE SÃO PAULO  SÃO LOURE,-21.5490306,-48.529854,COLISAO,0,0,0,1,1,0,0,0,1,0,1,1.0,1,2,Com feridos graves,False
1374625,NOTIFICACAO,2024-03-12,2024,3,12,16:48,Terça-feira,TARDE,VIAS URBANAS,NAO DISPONIVEL,RUA SINHARINHA FROTA,-21.6051156,-48.368058,NAO DISPONIVEL,0,0,0,0,0,0,0,0,0,0,0,16.0,0,0,Sem vítimas,False
2034927,SINISTRO NAO FATAL,2024-03-12,2024,3,12,11:16,Terça-feira,MANHA,VIAS URBANAS,PUBLICO,RUA RUI BARBOSA,-21.5981383,-48.3753719,CHOQUE,0,0,1,0,0,0,0,0,0,1,1,11.0,1,1,Com feridos leves,False
2514525,SINISTRO NAO FATAL,2024-03-12,2024,3,12,11:16,Terça-feira,MANHA,VIAS URBANAS,PRIVADO,RUA RUI BARBOSA,-21.6018539,-48.3681625,CHOQUE,0,0,1,0,0,0,0,0,0,1,1,11.0,1,1,Com feridos leves,False
1703702,SINISTRO NAO FATAL,2024-03-13,2024,3,13,20:23,Quarta-feira,NOITE,VIAS URBANAS,PUBLICO,RUA ELIAS RIBEIRO DE BRITO,-21.59924176,-48.36336999,COLISAO,0,1,1,0,0,0,0,0,0,1,1,20.0,1,2,Com feridos leves,False
1733955,NOTIFICACAO,2024-03-13,2024,3,13,20:32,Quarta-feira,NOITE,VIAS URBANAS,NAO DISPONIVEL,RUA ELIAS RAIMUNDO DE BRITO,-21.6186507,-48.3472147,NAO DISPONIVEL,0,0,0,0,0,0,0,0,0,0,0,20.0,0,0,Sem vítimas,False
1357025,SINISTRO NAO FATAL,2024-03-14,2024,3,14,17:06,Quinta-feira,TARDE,VIAS URBANAS,PUBLICO,RUA SÃO LOURENÇO,-21.593436,-48.379974,COLISAO,0,2,1,0,0,0,0,0,1,0,2,17.0,1,3,Com feridos graves,False
1799374,SINISTRO NAO FATAL,2024-03-15,2024,3,15,03:40,Sexta-feira,MADRUGADA,VIAS URBANAS,PUBLICO,AVENIDA TROLESI,-21.6178587,-48.3560451,COLISAO,0,1,0,0,0,0,0,0,1,0,0,3.0,1,1,Com feridos graves,False
1904495,NOTIFICACAO,2024-03-15,2024,3,15,06:52,Sexta-feira,MANHA,VIAS URBANAS,NAO DISPONIVEL,AVENIDA CAMPOS SALLES,-21.6018058,-48.3681172,OUTROS,0,0,0,0,0,0,0,0,0,0,0,6.0,0,0,Sem vítimas,False
1908777,NOTIFICACAO,2024-03-15,2024,3,15,06:57,Sexta-feira,MANHA,VIAS URBANAS,NAO DISPONIVEL,VICINAL SAO LOURENCO DO TURVO CURUPA,-21.60110746,-48.38926858,NAO DISPONIVEL,0,0,0,0,0,0,0,0,0,0,0,6.0,0,0,Sem vítimas,False
1979804,SINISTRO NAO FATAL,2024-03-16,2024,3,16,02:56,Sábado,MADRUGADA,VIAS URBANAS,PUBLICO,AVENIDA TROLESI,-21.5998308,-48.3467882,OUTROS,0,0,2,0,0,0,0,0,0,1,1,2.0,1,2,Com feridos leves,True
2061602,NOTIFICACAO,2024-03-16,2024,3,16,06:54,Sábado,MANHA,VIAS URBANAS,NAO DISPONIVEL,RUA SINHARINHA FROTA,-21.6051156,-48.368058,NAO DISPONIVEL,0,0,0,0,0,0,0,0,0,0,0,6.0,0,0,Sem vítimas,True
1417037,SINISTRO NAO FATAL,2024-03-17,2024,3,17,10:15,Domingo,MANHA,ESTRADAS E RODOVIAS,PUBLICO,SP 310,-21.6429649,-48.392279,COLISAO,0,0,1,0,1,0,1,0,0,1,1,10.0,1,3,Com feridos leves,True
1486216,SINISTRO NAO FATAL,2024-03-18,2024,3,18,16:07,Segunda-feira,TARDE,VIAS URBANAS,PUBLICO,AVENIDA FRANCISCO ALBERICE,-21.6309442,-48.3405807,CHOQUE,0,1,0,0,0,0,0,0,1,0,0,16.0,1,1,Com feridos graves,False
1946125,NOTIFICACAO,2024-03-18,2024,3,18,08:00,Segunda-feira,MANHA,VIAS URBANAS,NAO DISPONIVEL,RUA SINHARINHA FROTA,-21.6044549,-48.3684344,NAO DISPONIVEL,0,0,0,0,0,0,0,0,0,0,0,8.0,0,0,Sem vítimas,False
2078392,NOTIFICACAO,2024-03-18,2024,3,18,09:32,Segunda-feira,MANHA,VIAS URBANAS,NAO DISPONIVEL,RUA SINHARINHA FROTA,-21.6051156,-48.368058,NAO DISPONIVEL,0,0,0,0,0,0,0,0,0,0,0,9.0,0,0,Sem vítimas,False
1856080,SINISTRO NAO FATAL,2024-03-19,2024,3,19,06:16,Terça-feira,MANHA,ESTRADAS E RODOVIAS,NAO DISPONIVEL,SP 310,-21.59251955,-48.34902444,OUTROS,0,0,0,0,1,0,1,0,0,1,0,6.0,1,2,Com feridos leves,False
2002083,SINISTRO NAO FATAL,2024-03-20,2024,3,20,07:40,Quarta-feira,MANHA,ESTRADAS E RODOVIAS,PUBLICO,SP 310,,,OUTROS,0,1,0,0,0,0,0,0,0,1,0,7.0,1,1,Com feridos leves,False
2172875,SINISTRO NAO FATAL,2024-03-20,2024,3,20,10:54,Quarta-feira,MANHA,VIAS URBANAS,PUBLICO,AVENIDA SETE DE SETEMBRO,-21.6051156,-48.368058,CHOQUE,0,0,1,0,0,0,0,0,0,1,0,10.0,1,1,Com feridos leves,False
1673719,SINISTRO NAO FATAL,2024-03-21,2024,3,21,19:00,Quinta-feira,NOITE,ESTRADAS E RODOVIAS,PUBLICO,SP 310,-21.6406462934,-48.3941975564,COLISAO,0,0,1,0,1,0,3,0,0,1,1,19.0,1,5,Com feridos leves,False
1689037,NOTIFICACAO,2024-03-21,2024,3,21,19:12,Quinta-feira,NOITE,VIAS URBANAS,NAO DISPONIVEL,,-21.59849374,-48.36298215,OUTROS,0,0,0,0,0,0,0,0,0,0,0,19.0,0,0,Sem vítimas,False
1700725,NOTIFICACAO,2024-03-21,2024,3,21,20:06,Quinta-feira,NOITE,VIAS URBANAS,NAO DISPONIVEL,RUA RUI BARBOSA,-21.6018539,-48.3681625,NAO DISPONIVEL,0,0,0,0,0,0,0,0,0,0,0,20.0,0,0,Sem vítimas,False
1702720,NOTIFICACAO,2024-03-21,2024,3,21,20:07,Quinta-feira,NOITE,VIAS URBANAS,NAO DISPONIVEL,SAIDA   302,-21.60111233,-48.38934804,NAO DISPONIVEL,0,0,0,0,0,0,0,0,0,0,0,20.0,0,0,Sem vítimas,False
1541494,SINISTRO NAO FATAL,2024-03-22,2024,3,22,18:45,Sexta-feira,NOITE,VIAS URBANAS,PUBLICO,RUA ALEXANDRE DOS SANTOS PÍRES,-21.6210821,-48.3546822,COLISAO,0,1,1,0,0,0,0,0,1,0,1,18.0,1,2,Com feridos graves,False
1572768,SINISTRO NAO FATAL,2024-03-22,2024,3,22,19:39,Sexta-feira,NOITE,VIAS URBANAS,PUBLICO,AVENIDA VICENTE JOÃO BERNARDI,-21.5870561,-48.3648467,COLISAO,0,0,1,0,0,0,0,0,0,2,1,19.0,2,1,Com feridos leves,False
1804543,NOTIFICACAO,2024-03-22,2024,3,22,05:12,Sexta-feira,MADRUGADA,VIAS URBANAS,NAO DISPONIVEL,SP 326,-21.6082371725,-48.3352345704,NAO DISPONIVEL,0,0,0,0,0,0,0,0,0,0,0,5.0,0,0,Sem vítimas,False
1602523,SINISTRO NAO FATAL,2024-03-23,2024,3,23,19:23,Sábado,NOITE,VIAS URBANAS,PUBLICO,AVENIDA SALDANHA DA GAMA,-21.6052252,-48.3719565,COLISAO,0,1,0,0,0,0,0,0,0,1,0,19.0,1,1,Com feridos leves,True
1624842,SINISTRO NAO FATAL,2024-03-23,2024,3,23,18:24,Sábado,NOITE,ESTRADAS E RODOVIAS,PUBLICO,SP 310,-21.59849374,-48.36298215,OUTROS,0,1,0,0,0,0,0,0,0,1,1,18.0,1,1,Com feridos leves,True
2034340,NOTIFICACAO,2024-03-24,2024,3,24,04:48,Domingo,MADRUGADA,VIAS URBANAS,NAO DISPONIVEL,RUA SINHARINHA FROTA,-21.6051156,-48.368058,NAO DISPONIVEL,0,0,0,0,0,0,0,0,0,0,0,4.0,0,0,Sem vítimas,True
2201454,SINISTRO NAO FATAL,2024-03-25,2024,3,25,11:11,Segunda-feira,MANHA,VIAS URBANAS,PUBLICO,RUA SINHARINHA FROTA,-21.6051156,-48.368058,COLISAO,0,1,1,0,0,0,0,0,0,1,1,11.0,1,2,Com feridos leves,False
2105267,SINISTRO NAO FATAL,2024-03-27,2024,3,27,10:27,Quarta-feira,MANHA,VIAS URBANAS,PUBLICO,AVENIDA TROLESI,-21.5994467,-48.3460055,OUTROS,0,1,0,0,0,0,0,0,0,1,1,10.0,1,1,Com feridos leves,False
1481529,SINISTRO NAO FATAL,2024-03-28,2024,3,28,18:41,Quinta-feira,NOITE,VIAS URBANAS,PUBLICO,AV MATO GROSSO DO SUL X RUA  ACRE,-21.59849374,-48.36298215,COLISAO,0,1,1,0,0,0,0,0,0,1,1,18.0,1,2,Com feridos leves,False
1944187,NOTIFICACAO,2024-03-28,2024,3,28,11:13,Quinta-feira,MANHA,VIAS URBANAS,NAO DISPONIVEL,RUA JOSÉ GONÇALVES,-21.6040038,-48.3828297,OUTROS,0,0,0,0,0,0,0,0,0,0,0,11.0,0,0,Sem vítimas,False
2068605,NOTIFICACAO,2024-03-28,2024,3,28,11:37,Quinta-feira,MANHA,VIAS URBANAS,NAO DISPONIVEL,RUA SINHARINHA FROTA,-21.6051156,-48.368058,NAO DISPONIVEL,0,0,0,0,0,0,0,0,0,0,0,11.0,0,0,Sem vítimas,False
2091820,SINISTRO NAO FATAL,2024-03-28,2024,3,28,11:05,Quinta-feira,MANHA,VIAS URBANAS,PUBLICO,AVENIDA JOÃO DORNELAS,-21.600788,-48.39332,COLISAO,1,1,0,0,0,0,0,0,0,2,0,11.0,2,2,Com feridos leves,False
2059245,NOTIFICACAO,2024-03-31,2024,3,31,02:52,Domingo,MADRUGADA,VIAS URBANAS,NAO DISPONIVEL,AVENIDA 28 DE AGOSTO,-21.6089,-48.3662716,ATROPELAMENTO,0,0,0,0,0,0,0,0,0,0,0,2.0,0,0,Sem vítimas,True
1382813,SINISTRO NAO FATAL,2024-04-01,2024,4,1,15:45,Segunda-feira,TARDE,VIAS URBANAS,PUBLICO,ISAMA  MATÃO,-21.6012678,-48.3613567,OUTROS,0,1,0,0,0,0,0,0,1,0,0,15.0,1,1,Com feridos graves,False
1660267,SINISTRO NAO FATAL,2024-04-01,2024,4,1,21:41,Segunda-feira,NOITE,VIAS URBANAS,PUBLICO,AVENIDA TROLESI,-21.6123314,-48.35262,COLISAO,0,2,0,0,0,0,0,0,0,2,0,21.0,2,2,Com feridos leves,False
1919407,SINISTRO NAO FATAL,2024-04-01,2024,4,1,07:15,Segunda-feira,MANHA,VIAS URBANAS,PUBLICO,AVENIDA ANÍBAL RIBEIRO,-21.6254205,-48.3403471,COLISAO,0,1,1,0,0,0,0,0,0,1,1,7.0,1,2,Com feridos leves,False
2071078,SINISTRO NAO FATAL,2024-04-01,2024,4,1,09:25,Segunda-feira,MANHA,VIAS URBANAS,PUBLICO,RUA RUI BARBOSA,-21.6018539,-48.3681625,COLISAO,0,0,0,1,0,0,0,0,0,0,1,9.0,0,1,Sem vítimas,False
1822172,NOTIFICACAO,2024-04-03,2024,4,3,06:57,Quarta-feira,MANHA,VIAS URBANAS,NAO DISPONIVEL,AVENIDA FRANCISCO MASTROPIETRO,-21.584534,-48.3672579,ATROPELAMENTO,0,0,0,0,0,0,0,0,0,0,0,6.0,0,0,Sem vítimas,False
1941851,NOTIFICACAO,2024-04-03,2024,4,3,07:48,Quarta-feira,MANHA,VIAS URBANAS,NAO DISPONIVEL,AVENIDA SETE DE SETEMBRO,-21.6051156,-48.368058,NAO DISPONIVEL,0,0,0,0,0,0,0,0,0,0,0,7.0,0,0,Sem vítimas,False
2095111,SINISTRO NAO FATAL,2024-04-03,2024,4,3,10:00,Quarta-feira,MANHA,ESTRADAS E RODOVIAS,PUBLICO,SP 326,-21.6886205671,-48.3385646921,OUTROS,0,0,1,0,0,0,0,0,0,1,0,10.0,1,1,Com feridos leves,False
2222224,SINISTRO NAO FATAL,2024-04-03,2024,4,3,01:09,Quarta-feira,MADRUGADA,VIAS URBANAS,PUBLICO,AVENIDA LUDWIG ECKES,-21.6002272,-48.3839451,COLISAO,0,0,2,0,0,0,0,0,0,3,0,1.0,3,2,Com feridos leves,False
1395388,SINISTRO NAO FATAL,2024-04-05,2024,4,5,15:39,Sexta-feira,TARDE,VIAS URBANAS,PUBLICO,AVENIDA ANÍBAL RIBEIRO,-21.6216881,-48.3434994,CHOQUE,0,0,1,0,0,0,0,0,0,1,0,15.0,1,1,Com feridos leves,False
2236868,SINISTRO NAO FATAL,2024-04-05,2024,4,5,12:18,Sexta-feira,TARDE,VIAS URBANAS,PUBLICO,AVENIDA TROLESI,-21.6109169,-48.35101951,COLISAO,0,2,0,0,0,0,0,0,0,2,0,12.0,2,2,Com feridos leves,False
1676667,NOTIFICACAO,2024-04-07,2024,4,7,15:50,Domingo,TARDE,VIAS URBANAS,NAO DISPONIVEL,AVENIDA SETE DE SETEMBRO,-21.6051156,-48.368058,OUTROS,0,0,0,0,0,0,0,0,0,0,0,15.0,0,0,Sem vítimas,True
1696935,NOTIFICACAO,2024-04-07,2024,4,7,15:57,Domingo,TARDE,VIAS URBANAS,NAO DISPONIVEL,AVENIDA SETE DE SETEMBRO,-21.6051156,-48.368058,OUTROS,0,0,0,0,0,0,0,0,0,0,0,15.0,0,0,Sem vítimas,True
1690647,SINISTRO NAO FATAL,2024-04-08,2024,4,8,21:19,Segunda-feira,NOITE,VIAS URBANAS,PUBLICO,AVENIDA INACIA GARCIA,-21.607532,-48.3967035,CHOQUE,0,0,1,0,0,0,0,0,0,1,0,21.0,1,1,Com feridos leves,False
2237088,NOTIFICACAO,2024-04-08,2024,4,8,10:44,Segunda-feira,MANHA,VIAS URBANAS,NAO DISPONIVEL,AVENIDA SETE DE SETEMBRO,-21.605776,-48.3677338,NAO DISPONIVEL,0,0,0,0,0,0,0,0,0,0,0,10.0,0,0,Sem vítimas,False
2015469,SINISTRO NAO FATAL,2024-04-09,2024,4,9,11:02,Terça-feira,MANHA,VIAS URBANAS,PUBLICO,AVENIDA APARECIDO SCUTTI,-21.6250449,-48.339534,COLISAO,0,0,1,0,0,0,0,0,0,2,1,11.0,2,1,Com feridos leves,False
2053975,SINISTRO NAO FATAL,2024-04-09,2024,4,9,10:39,Terça-feira,MANHA,VIAS URBANAS,NAO DISPONIVEL,AVENIDA SETE DE SETEMBRO,-21.6077507,-48.368747,COLISAO,0,1,1,0,0,0,0,0,1,0,1,10.0,1,2,Com feridos graves,False
2104610,NOTIFICACAO,2024-04-09,2024,4,9,11:58,Terça-feira,MANHA,VIAS URBANAS,NAO DISPONIVEL,AVENIDA SETE DE SETEMBRO,-21.5919202,-48.3602757,NAO DISPONIVEL,0,0,0,0,0,0,0,0,0,0,0,11.0,0,0,Sem vítimas,False
1319131,SINISTRO NAO FATAL,2024-04-10,2024,4,10,16:00,Quarta-feira,TARDE,VIAS URBANAS,PUBLICO,RUA SINHARINHA FROTA,-21.6067607,-48.3648548,COLISAO,0,1,1,0,0,0,0,0,1,0,1,16.0,1,2,Com feridos graves,False
1319704,NOTIFICACAO,2024-04-10,2024,4,10,15:58,Quarta-feira,TARDE,VIAS URBANAS,NAO DISPONIVEL,AVENIDA JOSÉ FROTA,-21.6188941,-48.3745709,NAO DISPONIVEL,0,0,0,0,0,0,0,0,0,0,0,15.0,0,0,Sem vítimas,False
1372055,NOTIFICACAO,2024-04-10,2024,4,10,16:49,Quarta-feira,TARDE,VIAS URBANAS,NAO DISPONIVEL,RUA SINHARINHA FROTA,-21.6051156,-48.368058,NAO DISPONIVEL,0,0,0,0,0,0,0,0,0,0,0,16.0,0,0,Sem vítimas,False
2114675,SINISTRO NAO FATAL,2024-04-11,2024,4,11,12:23,Quinta-feira,TARDE,VIAS URBANAS,PUBLICO,AVENIDA RAIMUNDA RIBEIRO LIMA,-21.6222443,-48.3443685,COLISAO,0,1,0,0,0,0,0,0,0,1,2,12.0,1,1,Com feridos leves,False
1709761,NOTIFICACAO,2024-04-12,2024,4,12,22:03,Sexta-feira,NOITE,ESTRADAS E RODOVIAS,NAO DISPONIVEL,SP 310,-21.5358431,-48.5123152,ATROPELAMENTO,0,0,0,0,0,0,0,0,0,0,0,22.0,0,0,Sem vítimas,False
1915941,NOTIFICACAO,2024-04-12,2024,4,12,07:11,Sexta-feira,MANHA,VIAS URBANAS,NAO DISPONIVEL,RUA SINHARINHA FROTA,-21.6051156,-48.368058,NAO DISPONIVEL,0,0,0,0,0,0,0,0,0,0,0,7.0,0,0,Sem vítimas,False
2107731,SINISTRO NAO FATAL,2024-04-13,2024,4,13,09:01,Sábado,MANHA,VIAS URBANAS,PUBLICO,RUA AMÉRICO VEZANI,-21.5862241,-48.3758006,COLISAO,0,0,2,0,0,0,0,0,0,0,2,9.0,0,2,Sem vítimas,True
2130847,SINISTRO NAO FATAL,2024-04-13,2024,4,13,07:36,Sábado,MANHA,VIAS URBANAS,PUBLICO,RUA SINHARINHA FROTA,-21.6088171,-48.3591432,OUTROS,0,0,2,0,0,0,0,0,0,1,1,7.0,1,2,Com feridos leves,True
1594070,NOTIFICACAO,2024-04-14,2024,4,14,14:19,Domingo,TARDE,VIAS URBANAS,NAO DISPONIVEL,AVENIDA AURÉLIO DIAS,-21.6271968,-48.3367577,OUTROS,0,0,0,0,0,0,0,0,0,0,0,14.0,0,0,Sem vítimas,True
1634238,NOTIFICACAO,2024-04-14,2024,4,14,15:25,Domingo,TARDE,VIAS URBANAS,NAO DISPONIVEL,RUA SINHARINHA FROTA,-21.6051156,-48.368058,NAO DISPONIVEL,0,0,0,0,0,0,0,0,0,0,0,15.0,0,0,Sem vítimas,True
1837817,NOTIFICACAO,2024-04-14,2024,4,14,22:00,Domingo,NOITE,VIAS URBANAS,NAO DISPONIVEL,RUA SINHARINHA FROTA,-21.6051156,-48.368058,NAO DISPONIVEL,0,0,0,0,0,0,0,0,0,0,0,22.0,0,0,Sem vítimas,True
1928768,NOTIFICACAO,2024-04-16,2024,4,16,08:01,Terça-feira,MANHA,VIAS URBANAS,NAO DISPONIVEL,RUA SINHARINHA FROTA,-21.6051156,-48.368058,NAO DISPONIVEL,0,0,0,0,0,0,0,0,0,0,0,8.0,0,0,Sem vítimas,False
1432613,SINISTRO NAO FATAL,2024-04-17,2024,4,17,17:41,Quarta-feira,TARDE,VIAS URBANAS,PUBLICO,RUA RUI BARBOSA,-21.6018539,-48.3681625,COLISAO,0,0,1,0,0,0,0,0,0,1,2,17.0,1,1,Com feridos leves,False
2119973,SINISTRO NAO FATAL,2024-04-17,2024,4,17,13:16,Quarta-feira,TARDE,VIAS URBANAS,PUBLICO,AVENIDA ANTÔNIO GORGATTI,-21.6166883,-48.3643396,COLISAO,0,0,2,0,0,0,0,0,0,1,1,13.0,1,2,Com feridos leves,False
1306960,SINISTRO NAO FATAL,2024-04-18,2024,4,18,16:06,Quinta-feira,TARDE,VIAS URBANAS,PUBLICO,AVENIDA TROLESI,-21.5994953,-48.3460316,COLISAO,0,1,0,0,1,0,0,0,0,1,1,16.0,1,2,Com feridos leves,False
1429964,SINISTRO NAO FATAL,2024-04-18,2024,4,18,18:29,Quinta-feira,NOITE,VIAS URBANAS,PUBLICO,AVENIDA TROLESI,-21.614227,-48.3540985,COLISAO,0,0,1,0,0,0,0,0,0,1,2,18.0,1,1,Com feridos leves,False
1666879,NOTIFICACAO,2024-04-19,2024,4,19,23:08,Sexta-feira,NOITE,VIAS URBANAS,NAO DISPONIVEL,AVENIDA ARARAQUARA,-21.6081028,-48.3586602,NAO DISPONIVEL,0,0,0,0,0,0,0,0,0,0,0,23.0,0,0,Sem vítimas,False
1705154,SINISTRO NAO FATAL,2024-04-19,2024,4,19,23:07,Sexta-feira,NOITE,VIAS URBANAS,NAO DISPONIVEL,AVENIDA ARARAQUARA,-21.61395249,-48.35837741,COLISAO,0,1,1,0,0,0,0,0,0,1,1,23.0,1,2,Com feridos leves,False
1976761,SINISTRO NAO FATAL,2024-04-19,2024,4,19,09:52,Sexta-feira,MANHA,VIAS URBANAS,PUBLICO,AVENIDA JOSÉ FROTA,-21.6188941,-48.3745709,COLISAO,0,1,1,0,0,0,0,0,0,1,2,9.0,1,2,Com feridos leves,False
1284273,SINISTRO NAO FATAL,2024-04-21,2024,4,21,00:20,Domingo,MADRUGADA,VIAS URBANAS,PUBLICO,AVENIDA BALDAN,-21.6148473,-48.3673696,COLISAO,0,1,1,0,0,0,0,0,0,1,1,0.0,1,2,Com feridos leves,True
1744395,SINISTRO NAO FATAL,2024-04-21,2024,4,21,18:16,Domingo,NOITE,VIAS URBANAS,PUBLICO,AVENIDA 15 DE NOVEMBRO,-21.6116259,-48.3694695,COLISAO,0,1,1,0,0,0,0,0,0,1,1,18.0,1,2,Com feridos leves,True
1760830,NOTIFICACAO,2024-04-21,2024,4,21,18:29,Domingo,NOITE,VIAS URBANAS,NAO DISPONIVEL,AVENIDA FRANCISCO MASTROPIETRO,-21.5847481,-48.366749,NAO DISPONIVEL,0,0,0,0,0,0,0,0,0,0,0,18.0,0,0,Sem vítimas,True
1764636,NOTIFICACAO,2024-04-21,2024,4,21,18:49,Domingo,NOITE,VIAS URBANAS,NAO DISPONIVEL,AVENIDA SETE DE SETEMBRO,-21.605776,-48.3677338,NAO DISPONIVEL,0,0,0,0,0,0,0,0,0,0,0,18.0,0,0,Sem vítimas,True
2006758,SINISTRO NAO FATAL,2024-04-21,2024,4,21,00:30,Domingo,MADRUGADA,ESTRADAS E RODOVIAS,PUBLICO,SP 310,-21.6454291,-48.3900769,CHOQUE,0,0,1,0,0,0,0,0,0,2,0,0.0,2,1,Com feridos leves,True
1292102,SINISTRO NAO FATAL,2024-04-22,2024,4,22,14:58,Segunda-feira,TARDE,VIAS URBANAS,PUBLICO,AVENIDA FRANCISCO MASTROPIETRO,-21.5890956,-48.3577203,COLISAO,0,1,1,0,0,0,0,0,0,1,1,14.0,1,2,Com feridos leves,False
1418233,SINISTRO NAO FATAL,2024-04-22,2024,4,22,17:21,Segunda-feira,TARDE,VIAS URBANAS,PUBLICO,AVENIDA LUÍS RODRIGUES ESTEVES,-21.5871865,-48.3637581,COLISAO,0,1,1,0,0,0,0,0,0,1,1,17.0,1,2,Com feridos leves,False
1459728,NOTIFICACAO,2024-04-22,2024,4,22,18:16,Segunda-feira,NOITE,VIAS URBANAS,NAO DISPONIVEL,RUA RUI BARBOSA,-21.6079915,-48.3557055,OUTROS,0,0,0,0,0,0,0,0,0,0,0,18.0,0,0,Sem vítimas,False
1659142,NOTIFICACAO,2024-04-22,2024,4,22,22:06,Segunda-feira,NOITE,VIAS URBANAS,NAO DISPONIVEL,RUA ELÍAS RAIMUNDO DE BRITO,-21.62161219,-48.3428765,OUTROS,0,0,0,0,0,0,0,0,0,0,0,22.0,0,0,Sem vítimas,False
2253746,NOTIFICACAO,2024-04-23,2024,4,23,17:22,Terça-feira,TARDE,VIAS URBANAS,NAO DISPONIVEL,RUA SINHARINHA FROTA,-21.604654,-48.3684026,NAO DISPONIVEL,0,0,0,0,0,0,0,0,0,0,0,17.0,0,0,Sem vítimas,False
2120972,NOTIFICACAO,2024-04-25,2024,4,25,14:55,Quinta-feira,TARDE,VIAS URBANAS,NAO DISPONIVEL,RUA SINHARINHA FROTA,-21.6051156,-48.368058,NAO DISPONIVEL,0,0,0,0,0,0,0,0,0,0,0,14.0,0,0,Sem vítimas,False
1400994,SINISTRO NAO FATAL,2024-04-26,2024,4,26,18:37,Sexta-feira,NOITE,VIAS URBANAS,PUBLICO,VIA NARCISO BALDAN,-21.6072809,-48.3554677,COLISAO,0,1,1,0,0,0,0,0,0,1,1,18.0,1,2,Com feridos leves,False
1455698,NOTIFICACAO,2024-04-26,2024,4,26,19:29,Sexta-feira,NOITE,VIAS URBANAS,NAO DISPONIVEL,AVENIDA SIQUEIRA CAMPOS,-21.6052556,-48.3685132,NAO DISPONIVEL,0,0,0,0,0,0,0,0,0,0,0,19.0,0,0,Sem vítimas,False
2173815,NOTIFICACAO,2024-04-26,2024,4,26,15:33,Sexta-feira,TARDE,VIAS URBANAS,NAO DISPONIVEL,RUA SINHARINHA FROTA,-21.6051156,-48.368058,NAO DISPONIVEL,0,0,0,0,0,0,0,0,0,0,0,15.0,0,0,Sem vítimas,False
2234846,NOTIFICACAO,2024-04-26,2024,4,26,15:45,Sexta-feira,TARDE,VIAS URBANAS,NAO DISPONIVEL,AVENIDA SETE DE SETEMBRO,-21.6051156,-48.368058,NAO DISPONIVEL,0,0,0,0,0,0,0,0,0,0,0,15.0,0,0,Sem vítimas,False
1421421,NOTIFICACAO,2024-04-27,2024,4,27,13:48,Sábado,TARDE,VIAS URBANAS,NAO DISPONIVEL,RUA SINHARINHA FROTA,-21.6051156,-48.368058,NAO DISPONIVEL,0,0,0,0,0,0,0,0,0,0,0,13.0,0,0,Sem vítimas,True
1510145,NOTIFICACAO,2024-04-27,2024,4,27,15:01,Sábado,TARDE,VIAS URBANAS,NAO DISPONIVEL,AVENIDA ARARAQUARA,-21.6084653,-48.3586978,NAO DISPONIVEL,0,0,0,0,0,0,0,0,0,0,0,15.0,0,0,Sem vítimas,True
1705740,SINISTRO NAO FATAL,2024-04-27,2024,4,27,18:35,Sábado,NOITE,VIAS URBANAS,PUBLICO,AVENIDA TROLESI,-21.61142488,-48.35129096,COLISAO,0,1,0,0,0,0,0,0,0,2,0,18.0,2,1,Com feridos leves,True
2257189,SINISTRO NAO FATAL,2024-04-27,2024,4,27,11:02,Sábado,MANHA,VIAS URBANAS,PUBLICO,AVENIDA PREFEITO LAERT JOSÉ TARALO MENDES,-21.6003377,-48.3727761,COLISAO,0,1,1,0,0,0,0,0,0,1,1,11.0,1,2,Com feridos leves,True
2306110,SINISTRO NAO FATAL,2024-04-29,2024,4,29,19:50,Segunda-feira,NOITE,VIAS URBANAS,PUBLICO,AVENIDA FRANCISCO MALZONI,-21.609623,-48.3635743,COLISAO,0,0,0,0,0,0,0,0,0,0,0,19.0,0,0,Sem vítimas,False
2319450,SINISTRO NAO FATAL,2024-04-29,2024,4,29,02:38,Segunda-feira,MADRUGADA,VIAS URBANAS,NAO DISPONIVEL,RUA VICENTE MASTRO PIETRO,-21.6075711,-48.3676819,NAO DISPONIVEL,0,0,0,0,0,0,0,0,0,0,0,2.0,0,0,Sem vítimas,False
2365932,SINISTRO NAO FATAL,2024-04-29,2024,4,29,11:44,Segunda-feira,MANHA,VIAS URBANAS,PUBLICO,AVENIDA TROLESI,-21.6102533,-48.3519194,COLISAO,0,0,0,0,0,0,0,0,0,0,0,11.0,0,0,Sem vítimas,False
2456579,SINISTRO FATAL,2024-04-29,2024,4,29,03:05,Segunda-feira,MADRUGADA,VIAS URBANAS,PUBLICO,AVENIDA FRANCISCO MASTROPIETRO,-21.5904139236,-48.3538898751,CHOQUE,0,1,0,0,0,0,0,1,0,0,0,3.0,1,1,Com óbito,False
2311073,SINISTRO NAO FATAL,2024-04-30,2024,4,30,06:57,Terça-feira,MANHA,VIAS URBANAS,NAO DISPONIVEL,AVENIDA TROLESI,-21.5994953,-48.3460316,COLISAO,0,0,0,0,0,0,0,0,0,0,0,6.0,0,0,Sem vítimas,False
2331275,SINISTRO NAO FATAL,2024-04-30,2024,4,30,11:42,Terça-feira,MANHA,VIAS URBANAS,NAO DISPONIVEL,VIA ORLANDO JOSÉ SCUTTI,-21.6277448,-48.3552793,COLISAO,0,0,0,0,0,0,0,0,0,0,0,11.0,0,0,Sem vítimas,False
2336507,NOTIFICACAO,2024-04-30,2024,4,30,06:58,Terça-feira,MANHA,VIAS URBANAS,NAO DISPONIVEL,AVENIDA TROLESI,-21.5994467,-48.3460055,NAO DISPONIVEL,0,0,0,0,0,0,0,0,0,0,0,6.0,0,0,Sem vítimas,False
2336708,SINISTRO NAO FATAL,2024-04-30,2024,4,30,12:47,Terça-feira,TARDE,VIAS URBANAS,PUBLICO,AVENIDA PADRE NELSON ANTONIO ROMÃO,-21.6019187,-48.3614372,COLISAO,0,0,0,0,0,0,0,0,0,0,0,12.0,0,0,Sem vítimas,False
2343373,NOTIFICACAO,2024-04-30,2024,4,30,13:57,Terça-feira,TARDE,VIAS URBANAS,NAO DISPONIVEL,AVENIDA PADRE NELSON ANTONIO ROMÃO,-21.6074077,-48.3633185,NAO DISPONIVEL,0,0,0,0,0,0,0,0,0,0,0,13.0,0,0,Sem vítimas,False
2305134,SINISTRO NAO FATAL,2024-05-01,2024,5,1,20:40,Quarta-feira,NOITE,VIAS URBANAS,PUBLICO,RUA DOS TRABALHADORES,-21.59849374,-48.36298215,COLISAO,1,1,0,0,0,0,0,0,1,1,0,20.0,2,2,Com feridos graves,False
2353788,SINISTRO NAO FATAL,2024-05-01,2024,5,1,11:13,Quarta-feira,MANHA,VIAS URBANAS,PUBLICO,RUA RUI BARBOSA,-21.6018539,-48.3681625,COLISAO,0,1,1,0,0,0,0,0,0,1,1,11.0,1,2,Com feridos leves,False
2275577,SINISTRO NAO FATAL,2024-05-02,2024,5,2,16:04,Quinta-feira,TARDE,VIAS URBANAS,PUBLICO,POLÍCIA MILITAR DO ESTADO DE SÃO PAULO  SÃO LOURE,-21.5490306,-48.529854,OUTROS,0,0,1,0,0,0,0,0,0,1,0,16.0,1,1,Com feridos leves,False
2281638,SINISTRO NAO FATAL,2024-05-02,2024,5,2,17:50,Quinta-feira,TARDE,VIAS URBANAS,PUBLICO,AVENIDA PREFEITO LAERT JOSÉ TARALO MENDES,-21.599045,-48.3726026,COLISAO,0,1,1,0,0,0,0,0,0,1,2,17.0,1,2,Com feridos leves,False
2294337,SINISTRO NAO FATAL,2024-05-03,2024,5,3,19:47,Sexta-feira,NOITE,ESTRADAS E RODOVIAS,PUBLICO,RUA GUIDO CARDIM,-21.5895107,-48.360217,COLISAO,0,1,1,0,0,0,0,0,0,1,1,19.0,1,2,Com feridos leves,False
2299283,SINISTRO NAO FATAL,2024-05-03,2024,5,3,20:46,Sexta-feira,NOITE,VIAS URBANAS,PUBLICO,AVENIDA TROLESI,-21.61083609,-48.3509771,COLISAO,0,1,0,0,0,0,0,0,1,0,2,20.0,1,1,Com feridos graves,False
2329541,NOTIFICACAO,2024-05-03,2024,5,3,05:46,Sexta-feira,MADRUGADA,VIAS URBANAS,NAO DISPONIVEL,RUA VICENTE MASTRO PIETRO,-21.6075711,-48.3676819,NAO DISPONIVEL,0,0,0,0,0,0,0,0,0,0,0,5.0,0,0,Sem vítimas,False
2337392,SINISTRO NAO FATAL,2024-05-03,2024,5,3,06:20,Sexta-feira,MANHA,VIAS URBANAS,NAO DISPONIVEL,AVENIDA SIQUEIRA CAMPOS,-21.6069702,-48.3697712,COLISAO,0,1,0,1,0,0,0,0,0,1,1,6.0,1,2,Com feridos leves,False
2316103,NOTIFICACAO,2024-05-04,2024,5,4,19:58,Sábado,NOITE,VIAS URBANAS,NAO DISPONIVEL,AVENIDA SIQUEIRA CAMPOS,-21.6052556,-48.3685132,NAO DISPONIVEL,0,0,0,0,0,0,0,0,0,0,0,19.0,0,0,Sem vítimas,True
2299916,NOTIFICACAO,2024-05-05,2024,5,5,17:40,Domingo,TARDE,VIAS URBANAS,NAO DISPONIVEL,RUA SINHARINHA FROTA,-21.6044954,-48.3683459,NAO DISPONIVEL,0,0,0,0,0,0,0,0,0,0,0,17.0,0,0,Sem vítimas,True
2321725,SINISTRO NAO FATAL,2024-05-05,2024,5,5,18:59,Domingo,NOITE,VIAS URBANAS,PUBLICO,RUA RUI BARBOSA,-21.5981383,-48.3753719,COLISAO,0,2,0,0,0,0,0,0,0,3,0,18.0,3,2,Com feridos leves,True
2272797,SINISTRO NAO FATAL,2024-05-07,2024,5,7,18:28,Terça-feira,NOITE,VIAS URBANAS,PUBLICO,ALAMEDA DA SAUDADE,-21.5991073,-48.3756785,COLISAO,0,1,1,0,0,0,0,0,0,1,2,18.0,1,2,Com feridos leves,False
2353560,SINISTRO NAO FATAL,2024-05-07,2024,5,7,16:44,Terça-feira,TARDE,VIAS URBANAS,PUBLICO,RUA SINHARINHA FROTA,-21.6059143,-48.3652996,COLISAO,0,1,1,0,0,0,0,0,0,1,1,16.0,1,2,Com feridos leves,False
2341930,SINISTRO NAO FATAL,2024-05-09,2024,5,9,14:10,Quinta-feira,TARDE,VIAS URBANAS,PUBLICO,RUA CESÁRIO MOTTA,-21.6020162,-48.3721306,COLISAO,0,1,1,0,0,0,0,0,0,1,1,14.0,1,2,Com feridos leves,False
2270856,SINISTRO NAO FATAL,2024-05-11,2024,5,11,14:00,Sábado,TARDE,VIAS URBANAS,PUBLICO,AVENIDA PEDRO TROLI,-21.59849374,-48.36298215,COLISAO,0,1,0,0,0,0,0,0,0,1,1,14.0,1,1,Com feridos leves,True
2334672,NOTIFICACAO,2024-05-11,2024,5,11,08:02,Sábado,MANHA,VIAS URBANAS,NAO DISPONIVEL,RUA SINHARINHA FROTA,-21.6051156,-48.368058,NAO DISPONIVEL,0,0,0,0,0,0,0,0,0,0,0,8.0,0,0,Sem vítimas,True
2368489,SINISTRO NAO FATAL,2024-05-11,2024,5,11,10:58,Sábado,MANHA,VIAS URBANAS,NAO DISPONIVEL,AVENIDA MONTE ALTO,-21.6108839,-48.3564204,COLISAO,0,0,2,0,0,0,0,0,0,2,0,10.0,2,2,Com feridos leves,True
2283153,NOTIFICACAO,2024-05-12,2024,5,12,11:50,Domingo,MANHA,VIAS URBANAS,NAO DISPONIVEL,AVENIDA 15 DE NOVEMBRO,-21.612514,-48.3699502,NAO DISPONIVEL,0,0,0,0,0,0,0,0,0,0,0,11.0,0,0,Sem vítimas,True
2337769,SINISTRO NAO FATAL,2024-05-12,2024,5,12,04:03,Domingo,MADRUGADA,VIAS URBANAS,PUBLICO,RUA RUI BARBOSA,-21.6018539,-48.3681625,COLISAO,0,0,1,0,0,0,0,0,1,0,1,4.0,1,1,Com feridos graves,True
2264220,SINISTRO NAO FATAL,2024-05-13,2024,5,13,15:31,Segunda-feira,TARDE,VIAS URBANAS,PUBLICO,RUA ACRE,-21.5964663,-48.3512341,COLISAO,0,1,0,0,0,0,1,0,0,1,1,15.0,1,2,Com feridos leves,False
2275129,NOTIFICACAO,2024-05-13,2024,5,13,16:49,Segunda-feira,TARDE,VIAS URBANAS,NAO DISPONIVEL,RUA SINHARINHA FROTA,-21.6051156,-48.368058,NAO DISPONIVEL,0,0,0,0,0,0,0,0,0,0,0,16.0,0,0,Sem vítimas,False
2280897,NOTIFICACAO,2024-05-13,2024,5,13,17:36,Segunda-feira,TARDE,VIAS URBANAS,NAO DISPONIVEL,RUA ELÍAS RAIMUNDO DE BRITO,-21.61465376,-48.34902208,NAO DISPONIVEL,0,0,0,0,0,0,0,0,0,0,0,17.0,0,0,Sem vítimas,False
2294438,SINISTRO NAO FATAL,2024-05-13,2024,5,13,19:21,Segunda-feira,NOITE,VIAS URBANAS,PUBLICO,AVENIDA HABIB GABRIEL,-21.6176956,-48.3601206,COLISAO,0,1,1,0,0,0,0,0,0,1,0,19.0,1,2,Com feridos leves,False
2367512,NOTIFICACAO,2024-05-13,2024,5,13,13:41,Segunda-feira,TARDE,VIAS URBANAS,NAO DISPONIVEL,AVENIDA SETE DE SETEMBRO,-21.6051156,-48.368058,NAO DISPONIVEL,0,0,0,0,0,0,0,0,0,0,0,13.0,0,0,Sem vítimas,False
2339344,SINISTRO NAO FATAL,2024-05-15,2024,5,15,08:37,Quarta-feira,MANHA,VIAS URBANAS,PUBLICO,AVENIDA PADRE NELSON ANTONIO ROMÃO,-21.6060676,-48.3627862,COLISAO,0,1,1,0,0,0,0,0,0,1,1,8.0,1,2,Com feridos leves,False
2372298,NOTIFICACAO,2024-05-15,2024,5,15,18:05,Quarta-feira,NOITE,VIAS URBANAS,NAO DISPONIVEL,RUA SÃO LOURENÇO,-21.5961074,-48.3705643,NAO DISPONIVEL,0,0,0,0,0,0,0,0,0,0,0,18.0,0,0,Sem vítimas,False
2330416,NOTIFICACAO,2024-05-16,2024,5,16,12:31,Quinta-feira,TARDE,VIAS URBANAS,NAO DISPONIVEL,RUA NHONHÔ MAGALHÃES,-21.6043236,-48.3574865,NAO DISPONIVEL,0,0,0,0,0,0,0,0,0,0,0,12.0,0,0,Sem vítimas,False
2345855,SINISTRO NAO FATAL,2024-05-16,2024,5,16,09:08,Quinta-feira,MANHA,VIAS URBANAS,PUBLICO,AVENIDA BENÍCIO PINTO DE MENDONÇA,-21.5954059,-48.3584216,COLISAO,0,1,1,0,0,0,0,0,0,1,1,9.0,1,2,Com feridos leves,False
2326713,SINISTRO NAO FATAL,2024-05-18,2024,5,18,20:34,Sábado,NOITE,VIAS URBANAS,NAO DISPONIVEL,AVENIDA PADRE NELSON ANTONIO ROMAO,-21.60562221,-48.36140813,COLISAO,0,1,1,0,0,0,0,0,0,0,2,20.0,0,2,Sem vítimas,True
2279222,NOTIFICACAO,2024-05-19,2024,5,19,00:00,Domingo,MADRUGADA,VIAS URBANAS,NAO DISPONIVEL,RUA SINHARINHA FROTA,-21.6051156,-48.368058,ATROPELAMENTO,0,0,0,0,0,0,0,0,0,0,0,0.0,0,0,Sem vítimas,True
2290114,NOTIFICACAO,2024-05-21,2024,5,21,21:13,Terça-feira,NOITE,VIAS URBANAS,NAO DISPONIVEL,AVENIDA SIQUEIRA CAMPOS,-21.6052556,-48.3685132,OUTROS,0,0,0,0,0,0,0,0,0,0,0,21.0,0,0,Sem vítimas,False
2278633,NOTIFICACAO,2024-05-23,2024,5,23,19:13,Quinta-feira,NOITE,VIAS URBANAS,PUBLICO,RUA SINHARINHA FROTA,-21.6051156,-48.368058,OUTROS,0,0,0,0,0,0,0,0,0,0,0,19.0,0,0,Sem vítimas,False
2263456,SINISTRO NAO FATAL,2024-05-24,2024,5,24,16:23,Sexta-feira,TARDE,VIAS URBANAS,PUBLICO,AVENIDA ALAGOAS,-21.5951144,-48.3488315,CHOQUE,0,0,2,0,0,0,0,0,0,1,1,16.0,1,2,Com feridos leves,False
2279481,SINISTRO NAO FATAL,2024-05-24,2024,5,24,18:38,Sexta-feira,NOITE,VIAS URBANAS,PUBLICO,AVENIDA ALAGOAS,-21.5951144,-48.3488315,COLISAO,0,1,1,0,0,0,0,0,0,0,2,18.0,0,2,Sem vítimas,False
2288301,SINISTRO NAO FATAL,2024-05-24,2024,5,24,21:32,Sexta-feira,NOITE,VIAS URBANAS,PUBLICO,RUA JOSÉ GONÇALVES,-21.6025169,-48.3989941,COLISAO,0,2,0,0,0,0,0,0,1,2,0,21.0,3,2,Com feridos graves,False
2294488,SINISTRO NAO FATAL,2024-05-24,2024,5,24,02:04,Sexta-feira,MADRUGADA,VIAS URBANAS,PUBLICO,AVENIDA BALDAN,-21.6148473,-48.3673696,CHOQUE,0,1,0,0,0,0,0,0,0,1,0,2.0,1,1,Com feridos leves,False
2359785,SINISTRO NAO FATAL,2024-05-24,2024,5,24,00:45,Sexta-feira,MADRUGADA,VIAS URBANAS,NAO DISPONIVEL,RUA JOÃO PESSOA,-21.5979494,-48.3707704,COLISAO,0,0,1,0,0,0,0,0,0,0,1,0.0,0,1,Sem vítimas,False
2352719,SINISTRO NAO FATAL,2024-05-25,2024,5,25,12:48,Sábado,TARDE,VIAS URBANAS,PUBLICO,AVENIDA SANTO ANTÔNIO,-21.595094,-48.368229,COLISAO,0,0,1,0,0,0,0,0,0,1,0,12.0,1,1,Com feridos leves,True
2303972,NOTIFICACAO,2024-05-26,2024,5,26,19:00,Domingo,NOITE,VIAS URBANAS,NAO DISPONIVEL,RUA ELIAS RAIMUNDO DE BRITO,-21.6189966,-48.3468516,OUTROS,0,0,0,0,0,0,0,0,0,0,0,19.0,0,0,Sem vítimas,True
2320503,NOTIFICACAO,2024-05-26,2024,5,26,22:40,Domingo,NOITE,VIAS URBANAS,NAO DISPONIVEL,RUA JOSÉ GONÇALVES,-21.6031399,-48.390792,OUTROS,0,0,0,0,0,0,0,0,0,0,0,22.0,0,0,Sem vítimas,True
2360448,SINISTRO NAO FATAL,2024-05-29,2024,5,29,13:40,Quarta-feira,TARDE,VIAS URBANAS,PUBLICO,AVENIDA SIQUEIRA CAMPOS,-21.589341,-48.360594,COLISAO,0,0,1,1,0,0,0,0,0,1,1,13.0,1,2,Com feridos leves,False
2324577,SINISTRO NAO FATAL,2024-05-30,2024,5,30,08:02,Quinta-feira,MANHA,VIAS URBANAS,PUBLICO,AVENIDA LUDWIG ECKES,-21.5975901,-48.3831003,COLISAO,0,1,1,0,0,0,0,0,1,0,1,8.0,1,2,Com feridos graves,False
2341540,NOTIFICACAO,2024-05-31,2024,5,31,07:30,Sexta-feira,MANHA,VIAS URBANAS,NAO DISPONIVEL,AVENIDA BRASIL,-21.5870437,-48.3504159,OUTROS,0,0,0,0,0,0,0,0,0,0,0,7.0,0,0,Sem vítimas,False
2347356,NOTIFICACAO,2024-05-31,2024,5,31,07:18,Sexta-feira,MANHA,VIAS URBANAS,NAO DISPONIVEL,AVENIDA BRASIL,-21.5998956,-48.353668,OUTROS,0,0,0,0,0,0,0,0,0,0,0,7.0,0,0,Sem vítimas,False
2360149,NOTIFICACAO,2024-05-31,2024,5,31,12:52,Sexta-feira,TARDE,VIAS URBANAS,NAO DISPONIVEL,RUA SINHARINHA FROTA,-21.6051156,-48.368058,OUTROS,0,0,0,0,0,0,0,0,0,0,0,12.0,0,0,Sem vítimas,False
2345926,NOTIFICACAO,2024-06-01,2024,6,1,04:29,Sábado,MADRUGADA,VIAS URBANAS,NAO DISPONIVEL,RUA ORESTE BOZELI,-21.600348,-48.361006,COLISAO,0,0,0,0,0,0,0,0,0,0,1,4.0,0,0,Sem vítimas,True
2275587,SINISTRO NAO FATAL,2024-06-02,2024,6,2,13:21,Domingo,TARDE,VIAS URBANAS,PUBLICO,AVENIDA PADRE NELSON ANTONIO ROMÃO,-21.6019187,-48.3614372,COLISAO,0,0,1,0,0,0,0,0,0,1,2,13.0,1,1,Com feridos leves,True
2305112,NOTIFICACAO,2024-06-02,2024,6,2,20:47,Domingo,NOITE,VIAS URBANAS,NAO DISPONIVEL,AVENIDA ADELMO MINGOSSI,-21.5867169,-48.3560938,NAO DISPONIVEL,0,0,0,0,0,0,0,0,0,0,0,20.0,0,0,Sem vítimas,True
2358945,NOTIFICACAO,2024-06-03,2024,6,3,11:16,Segunda-feira,MANHA,VIAS URBANAS,PUBLICO,AVENIDA ARARAQUARA,-21.6122279,-48.3593177,COLISAO,0,0,0,0,0,0,0,0,0,1,1,11.0,1,0,Com feridos leves,False
2361405,NOTIFICACAO,2024-06-03,2024,6,3,12:18,Segunda-feira,TARDE,VIAS URBANAS,NAO DISPONIVEL,RUA SINHARINHA FROTA,-21.6051156,-48.368058,NAO DISPONIVEL,0,0,0,0,0,0,0,0,0,0,0,12.0,0,0,Sem vítimas,False
2348542,SINISTRO NAO FATAL,2024-06-04,2024,6,4,17:34,Terça-feira,TARDE,VIAS URBANAS,PUBLICO,AVENIDA JOSÉ ANTÔNIO VIDAL JÚNIOR,-21.6232714,-48.3425121,COLISAO,0,1,1,0,0,0,0,0,0,1,1,17.0,1,2,Com feridos leves,False
2312224,NOTIFICACAO,2024-06-05,2024,6,5,07:58,Quarta-feira,MANHA,VIAS URBANAS,NAO DISPONIVEL,RUA SINHARINHA FROTA,-21.6051156,-48.368058,NAO DISPONIVEL,0,0,0,0,0,0,0,0,0,0,0,7.0,0,0,Sem vítimas,False
2373188,SINISTRO NAO FATAL,2024-06-05,2024,6,5,17:19,Quarta-feira,TARDE,VIAS URBANAS,PUBLICO,RUA SINHARINHA FROTA,-21.6124491,-48.3514297,NAO DISPONIVEL,0,1,1,0,0,0,0,0,0,1,1,17.0,1,2,Com feridos leves,False
2275991,SINISTRO NAO FATAL,2024-06-06,2024,6,6,18:57,Quinta-feira,NOITE,VIAS URBANAS,PUBLICO,RUA SINHARINHA FROTA,-21.6051156,-48.368058,ATROPELAMENTO,0,1,0,0,0,2,0,0,1,1,1,18.0,2,1,Com feridos graves,False
2361425,SINISTRO NAO FATAL,2024-06-06,2024,6,6,13:45,Quinta-feira,TARDE,VIAS URBANAS,NAO DISPONIVEL,RUA SINHARINHA FROTA,-21.6051156,-48.368058,COLISAO,0,1,0,0,0,0,1,0,0,1,1,13.0,1,2,Com feridos leves,False
2358986,NOTIFICACAO,2024-06-07,2024,6,7,10:27,Sexta-feira,MANHA,VIAS URBANAS,PUBLICO,RUA SINHARINHA FROTA,-21.6051156,-48.368058,NAO DISPONIVEL,0,0,0,0,0,0,0,0,0,0,0,10.0,0,0,Sem vítimas,False
2282153,SINISTRO NAO FATAL,2024-06-08,2024,6,8,13:39,Sábado,TARDE,VIAS URBANAS,PUBLICO,VIA AUGUSTO BAMBOZZI,-21.6387277,-48.354468,CHOQUE,0,0,1,0,0,0,0,0,0,2,0,13.0,2,1,Com feridos leves,True
2290205,SINISTRO NAO FATAL,2024-06-08,2024,6,8,14:47,Sábado,TARDE,VIAS URBANAS,PUBLICO,RUA RUI BARBOSA,-21.598107,-48.3758326,OUTROS,0,0,1,0,0,0,0,0,0,1,1,14.0,1,1,Com feridos leves,True
2342734,SINISTRO NAO FATAL,2024-06-08,2024,6,8,09:09,Sábado,MANHA,VIAS URBANAS,PUBLICO,RUA SINHARINHA FROTA,-21.6001825,-48.3780761,COLISAO,0,1,1,0,0,0,0,0,0,1,1,9.0,1,2,Com feridos leves,True
2328619,NOTIFICACAO,2024-06-09,2024,6,9,18:22,Domingo,NOITE,VIAS URBANAS,NAO DISPONIVEL,AVENIDA VEREADOR ALBINO JOÃO BALDAN,-21.631987,-48.3375333,NAO DISPONIVEL,0,0,0,0,0,0,0,0,0,0,0,18.0,0,0,Sem vítimas,True
2459392,SINISTRO FATAL,2024-06-09,2024,6,9,18:58,Domingo,NOITE,VIAS URBANAS,PUBLICO,AVENIDA BALDAM,-21.6179738418,-48.3606408908,COLISAO,0,1,0,0,0,0,0,1,0,0,0,18.0,1,1,Com óbito,True
2296740,SINISTRO NAO FATAL,2024-06-10,2024,6,10,19:23,Segunda-feira,NOITE,VIAS URBANAS,PUBLICO,MATAO A DOBRADA,-21.59924176,-48.36336999,OUTROS,0,1,0,0,0,0,0,0,0,1,0,19.0,1,1,Com feridos leves,False
2336580,SINISTRO NAO FATAL,2024-06-10,2024,6,10,11:05,Segunda-feira,MANHA,VIAS URBANAS,NAO DISPONIVEL,RUA SÃO LOURENÇO,-21.6024894,-48.3557529,COLISAO,0,1,1,0,0,0,0,0,0,1,1,11.0,1,2,Com feridos leves,False
2360993,NOTIFICACAO,2024-06-10,2024,6,10,11:04,Segunda-feira,MANHA,VIAS URBANAS,NAO DISPONIVEL,AVENIDA SETE DE SETEMBRO,-21.6051156,-48.368058,NAO DISPONIVEL,0,0,0,0,0,0,0,0,0,0,0,11.0,0,0,Sem vítimas,False
2276127,NOTIFICACAO,2024-06-11,2024,6,11,18:41,Terça-feira,NOITE,VIAS URBANAS,NAO DISPONIVEL,RUA SÃO LOURENÇO,-21.593436,-48.379974,NAO DISPONIVEL,0,0,0,0,0,0,0,0,0,0,0,18.0,0,0,Sem vítimas,False
2313875,NOTIFICACAO,2024-06-11,2024,6,11,07:44,Terça-feira,MANHA,VIAS URBANAS,NAO DISPONIVEL,RUA SINHARINHA FROTA,-21.6051156,-48.368058,NAO DISPONIVEL,0,0,0,0,0,0,0,0,0,0,0,7.0,0,0,Sem vítimas,False
2315977,SINISTRO NAO FATAL,2024-06-11,2024,6,11,05:17,Terça-feira,MADRUGADA,ESTRADAS E RODOVIAS,PUBLICO,SP 310,-21.59849374,-48.36298215,OUTROS,0,0,0,0,0,0,0,0,0,0,0,5.0,0,0,Sem vítimas,False
2313535,SINISTRO NAO FATAL,2024-06-12,2024,6,12,07:11,Quarta-feira,MANHA,VIAS URBANAS,NAO DISPONIVEL,RUA ALEXANDRE DOS SANTOS PÍRES,-21.6262655,-48.3508113,CHOQUE,0,0,1,0,0,0,0,0,0,1,1,7.0,1,1,Com feridos leves,False
2337699,SINISTRO NAO FATAL,2024-06-12,2024,6,12,11:44,Quarta-feira,MANHA,VIAS URBANAS,PUBLICO,AVENIDA JOSÉ DA COSTA FILHO,-21.6045812,-48.3783728,COLISAO,0,1,1,0,0,0,0,0,0,1,1,11.0,1,2,Com feridos leves,False
2341690,NOTIFICACAO,2024-06-12,2024,6,12,12:33,Quarta-feira,TARDE,VIAS URBANAS,NAO DISPONIVEL,RUA SINHARINHA FROTA,-21.6051156,-48.368058,NAO DISPONIVEL,0,0,0,0,0,0,0,0,0,0,0,12.0,0,0,Sem vítimas,False
2373158,NOTIFICACAO,2024-06-13,2024,6,13,12:52,Quinta-feira,TARDE,VIAS URBANAS,NAO DISPONIVEL,AVENIDA PADRE NELSON ANTONIO ROMÃO,-21.6090798,-48.364714,NAO DISPONIVEL,0,0,0,0,0,0,0,0,0,0,0,12.0,0,0,Sem vítimas,False
2302174,SINISTRO NAO FATAL,2024-06-14,2024,6,14,21:50,Sexta-feira,NOITE,VIAS URBANAS,PUBLICO,AVENIDA TROLEZE,-21.59849374,-48.36298215,COLISAO,0,1,1,0,0,0,0,0,0,1,1,21.0,1,2,Com feridos leves,False
2365636,SINISTRO NAO FATAL,2024-06-14,2024,6,14,11:13,Sexta-feira,MANHA,VIAS URBANAS,PUBLICO,AVENIDA JOSÉ DA COSTA FILHO,-21.6066557,-48.3790863,CHOQUE,0,1,1,0,0,0,0,0,0,1,1,11.0,1,2,Com feridos leves,False
2306947,SINISTRO NAO FATAL,2024-06-16,2024,6,16,18:37,Domingo,NOITE,VIAS URBANAS,PUBLICO,RUA SÃO LOURENÇO,-21.60276,-48.3514065,COLISAO,0,1,1,0,0,0,0,0,0,1,2,18.0,1,2,Com feridos leves,True
2314541,NOTIFICACAO,2024-06-16,2024,6,16,23:51,Domingo,NOITE,VIAS URBANAS,NAO DISPONIVEL,RUA SINHARINHA FROTA,-21.6051156,-48.368058,NAO DISPONIVEL,0,0,0,0,0,0,0,0,0,0,0,23.0,0,0,Sem vítimas,True
2312264,SINISTRO NAO FATAL,2024-06-18,2024,6,18,07:30,Terça-feira,MANHA,VIAS URBANAS,PUBLICO,RUA JUNDIAÍ,-21.614743,-48.349765,COLISAO,0,1,1,0,0,0,0,0,0,2,0,7.0,2,2,Com feridos leves,False
2365668,NOTIFICACAO,2024-06-18,2024,6,18,12:49,Terça-feira,TARDE,VIAS URBANAS,NAO DISPONIVEL,RUA VEREADOR ALDO GORGATTI,-21.6273896,-48.3501627,OUTROS,0,0,0,0,0,0,0,0,0,0,0,12.0,0,0,Sem vítimas,False
2270428,SINISTRO NAO FATAL,2024-06-19,2024,6,19,14:50,Quarta-feira,TARDE,VIAS URBANAS,PRIVADO,RUA SINHARINHA FROTA,-21.6051156,-48.368058,COLISAO,0,1,1,0,0,0,0,0,0,0,2,14.0,0,2,Sem vítimas,False
2354616,NOTIFICACAO,2024-06-19,2024,6,19,13:51,Quarta-feira,TARDE,VIAS URBANAS,NAO DISPONIVEL,AVENIDA 28 DE AGOSTO,-21.6089,-48.3662716,NAO DISPONIVEL,0,0,0,0,0,0,0,0,0,0,0,13.0,0,0,Sem vítimas,False
2354853,NOTIFICACAO,2024-06-19,2024,6,19,13:54,Quarta-feira,TARDE,VIAS URBANAS,PUBLICO,AVENIDA 28 DE AGOSTO,-21.6089,-48.3662716,NAO DISPONIVEL,0,0,0,0,0,0,0,0,0,0,0,13.0,0,0,Sem vítimas,False
2284629,NOTIFICACAO,2024-06-20,2024,6,20,18:20,Quinta-feira,NOITE,VIAS URBANAS,NAO DISPONIVEL,DO TRABALHADOR,-21.5811585,-48.370941,OUTROS,0,0,0,0,0,0,0,0,0,0,0,18.0,0,0,Sem vítimas,False
2285487,NOTIFICACAO,2024-06-20,2024,6,20,18:28,Quinta-feira,NOITE,VIAS URBANAS,NAO DISPONIVEL,AVENIDA SANTO ANTÔNIO,-21.6051908,-48.3730176,NAO DISPONIVEL,0,0,0,0,0,0,0,0,0,0,0,18.0,0,0,Sem vítimas,False
2277493,SINISTRO NAO FATAL,2024-06-22,2024,6,22,12:52,Sábado,TARDE,VIAS URBANAS,PUBLICO,AVENIDA SÃO PAULO,-21.589518,-48.349918,COLISAO,0,1,1,0,0,0,0,0,0,1,1,12.0,1,2,Com feridos leves,True
2278573,NOTIFICACAO,2024-06-22,2024,6,22,12:59,Sábado,TARDE,VIAS URBANAS,NAO DISPONIVEL,AVENIDA SÃO PAULO,-21.596081,-48.3510586,OUTROS,0,0,0,0,0,0,0,0,0,0,0,12.0,0,0,Sem vítimas,True
2280321,NOTIFICACAO,2024-06-22,2024,6,22,13:17,Sábado,TARDE,VIAS URBANAS,NAO DISPONIVEL,RUA SINHARINHA FROTA,-21.6089373,-48.359623,OUTROS,0,0,0,0,0,0,0,0,0,0,0,13.0,0,0,Sem vítimas,True
2285445,NOTIFICACAO,2024-06-22,2024,6,22,12:54,Sábado,TARDE,VIAS URBANAS,NAO DISPONIVEL,AVENIDA SÃO PAULO,-21.589518,-48.349918,NAO DISPONIVEL,0,0,0,0,0,0,0,0,0,0,0,12.0,0,0,Sem vítimas,True
2266384,SINISTRO NAO FATAL,2024-06-23,2024,6,23,06:26,Domingo,MANHA,VIAS URBANAS,PUBLICO,AVENIDA TROLESI,-21.5994467,-48.3460055,NAO DISPONIVEL,0,1,0,0,0,0,0,0,0,1,0,6.0,1,1,Com feridos leves,True
2289086,SINISTRO NAO FATAL,2024-06-25,2024,6,25,16:39,Terça-feira,TARDE,VIAS URBANAS,PUBLICO,AVENIDA FRANCISCO MASTROPIETRO,-21.5909029,-48.352363,ATROPELAMENTO,0,0,1,0,0,1,0,0,0,1,1,16.0,1,1,Com feridos leves,False
2275315,SINISTRO NAO FATAL,2024-06-26,2024,6,26,14:07,Quarta-feira,TARDE,VIAS URBANAS,PUBLICO,RUA SÃO LOURENÇO,-21.593436,-48.379974,COLISAO,0,1,1,0,0,0,0,0,0,1,1,14.0,1,2,Com feridos leves,False
2309121,NOTIFICACAO,2024-06-26,2024,6,26,18:09,Quarta-feira,NOITE,VIAS URBANAS,NAO DISPONIVEL,RUA SINHARINHA FROTA,-21.6001825,-48.3780761,NAO DISPONIVEL,0,0,0,0,0,0,0,0,0,0,0,18.0,0,0,Sem vítimas,False
2292903,SINISTRO NAO FATAL,2024-06-27,2024,6,27,18:13,Quinta-feira,NOITE,VIAS URBANAS,PUBLICO,RUA AMERICO VEZZANI,-21.5863848,-48.37572386,COLISAO,0,1,1,0,0,0,0,0,0,1,1,18.0,1,2,Com feridos leves,False
2302333,SINISTRO NAO FATAL,2024-06-28,2024,6,28,22:56,Sexta-feira,NOITE,VIAS URBANAS,PUBLICO,AVENIDA PREFEITO LAERT JOSÉ TARALO MENDES,-21.599045,-48.3726026,NAO DISPONIVEL,0,1,0,0,0,0,0,0,0,1,1,22.0,1,1,Com feridos leves,False
2356988,NOTIFICACAO,2024-06-29,2024,6,29,05:41,Sábado,MADRUGADA,VIAS URBANAS,NAO DISPONIVEL,AVENIDA BALDAN,-21.6148473,-48.3673696,NAO DISPONIVEL,0,0,0,0,0,0,0,0,0,0,0,5.0,0,0,Sem vítimas,True
2348218,SINISTRO NAO FATAL,2024-07-01,2024,7,1,07:57,Segunda-feira,MANHA,VIAS URBANAS,PUBLICO,AVENIDA PADRE NELSON ANTONIO ROMÃO,-21.6101365,-48.3648196,COLISAO,0,1,1,0,0,0,0,0,0,1,1,7.0,1,2,Com feridos leves,False
2351556,NOTIFICACAO,2024-07-01,2024,7,1,09:01,Segunda-feira,MANHA,VIAS URBANAS,NAO DISPONIVEL,RUA SINHARINHA FROTA,-21.6051156,-48.368058,NAO DISPONIVEL,0,0,0,0,0,0,0,0,0,0,0,9.0,0,0,Sem vítimas,False
2354835,NOTIFICACAO,2024-07-01,2024,7,1,01:29,Segunda-feira,MADRUGADA,VIAS URBANAS,NAO DISPONIVEL,RUA ORESTE BOZELI,-21.600348,-48.361006,OUTROS,0,0,0,0,0,0,0,0,0,0,0,1.0,0,0,Sem vítimas,False
2368201,NOTIFICACAO,2024-07-01,2024,7,1,12:29,Segunda-feira,TARDE,VIAS URBANAS,PUBLICO,AVENIDA JOAO ROSSI,-21.58804987,-48.35630344,OUTROS,0,0,0,0,0,0,0,0,0,0,0,12.0,0,0,Sem vítimas,False
2272301,SINISTRO NAO FATAL,2024-07-02,2024,7,2,00:05,Terça-feira,MADRUGADA,ESTRADAS E RODOVIAS,PUBLICO,SP 310,-21.5802955662,-48.4523455027,COLISAO,0,0,1,0,1,0,0,0,2,1,1,0.0,3,2,Com feridos graves,False
2278892,NOTIFICACAO,2024-07-02,2024,7,2,17:55,Terça-feira,TARDE,VIAS URBANAS,NAO DISPONIVEL,AVENIDA CAMPOS SALLES,-21.6018058,-48.3681172,NAO DISPONIVEL,0,0,0,0,0,0,0,0,0,0,0,17.0,0,0,Sem vítimas,False
2363467,SINISTRO NAO FATAL,2024-07-02,2024,7,2,13:40,Terça-feira,TARDE,VIAS URBANAS,PUBLICO,AVENIDA BALDAN,-21.6208186,-48.3552178,COLISAO,0,1,1,0,0,0,0,0,0,1,1,13.0,1,2,Com feridos leves,False
2274949,SINISTRO NAO FATAL,2024-07-03,2024,7,3,16:10,Quarta-feira,TARDE,VIAS URBANAS,PUBLICO,RUA SINHARINHA FROTA,-21.6011447,-48.3763585,COLISAO,0,0,1,0,0,0,0,0,0,1,1,16.0,1,1,Com feridos leves,False
2286812,SINISTRO NAO FATAL,2024-07-03,2024,7,3,16:59,Quarta-feira,TARDE,VIAS URBANAS,PUBLICO,RUA SÃO LOURENÇO,-21.6032609,-48.3485547,COLISAO,0,1,1,0,0,0,0,0,1,0,1,16.0,1,2,Com feridos graves,False
2341616,NOTIFICACAO,2024-07-04,2024,7,4,12:08,Quinta-feira,TARDE,VIAS URBANAS,NAO DISPONIVEL,AVENIDA TROLESI,-21.5998375,-48.3467734,OUTROS,0,0,0,0,0,0,0,0,0,0,0,12.0,0,0,Sem vítimas,False
2456253,SINISTRO FATAL,2024-07-05,2024,7,5,04:51,Sexta-feira,MADRUGADA,ESTRADAS E RODOVIAS,PUBLICO,SP 326,-21.5854406017,-48.3341155464,COLISAO,0,0,0,1,1,0,0,1,0,0,0,4.0,1,2,Com óbito,False
2347938,SINISTRO NAO FATAL,2024-07-06,2024,7,6,09:48,Sábado,MANHA,VIAS URBANAS,PUBLICO,VIA CLITO BASTIA,-21.6356122,-48.3035992,CHOQUE,0,0,1,0,0,0,0,0,0,3,0,9.0,3,1,Com feridos leves,True
2456491,SINISTRO FATAL,2024-07-06,2024,7,6,18:30,Sábado,NOITE,NAO DISPONIVEL,PUBLICO,,,,CHOQUE,0,0,1,0,0,0,0,1,0,0,0,18.0,1,1,Com óbito,True
2456500,SINISTRO FATAL,2024-07-06,2024,7,6,19:15,Sábado,NOITE,VIAS URBANAS,PUBLICO,AVENIDA ARARAQUARA,-21.6071953314,-48.3583189679,ATROPELAMENTO,0,1,0,0,0,1,0,1,0,0,0,19.0,1,1,Com óbito,True
2306087,SINISTRO NAO FATAL,2024-07-07,2024,7,7,17:54,Domingo,TARDE,VIAS URBANAS,PUBLICO,AVENIDA BALDAN,-21.6208738,-48.3556595,COLISAO,0,1,2,0,0,0,0,0,0,2,2,17.0,2,3,Com feridos leves,True
2366856,NOTIFICACAO,2024-07-08,2024,7,8,14:31,Segunda-feira,TARDE,VIAS URBANAS,NAO DISPONIVEL,AVENIDA SETE DE SETEMBRO,-21.6051156,-48.368058,NAO DISPONIVEL,0,0,0,0,0,0,0,0,0,0,0,14.0,0,0,Sem vítimas,False
2333159,NOTIFICACAO,2024-07-10,2024,7,10,07:59,Quarta-feira,MANHA,VIAS URBANAS,NAO DISPONIVEL,RUA ÍTALO FERREIRA,-21.608675,-48.3686106,OUTROS,0,0,0,0,0,0,0,0,0,0,0,7.0,0,0,Sem vítimas,False
2357621,NOTIFICACAO,2024-07-10,2024,7,10,13:18,Quarta-feira,TARDE,VIAS URBANAS,NAO DISPONIVEL,AVENIDA RIO SÃO LOURENÇO,-21.60111233,-48.38934804,OUTROS,0,0,0,0,0,0,0,0,0,0,0,13.0,0,0,Sem vítimas,False
2359822,SINISTRO NAO FATAL,2024-07-10,2024,7,10,13:18,Quarta-feira,TARDE,VIAS URBANAS,PUBLICO,RUA RUI BARBOSA,-21.6013372,-48.3688125,OUTROS,0,0,1,0,0,0,0,0,0,1,1,13.0,1,1,Com feridos leves,False
2341231,SINISTRO NAO FATAL,2024-07-11,2024,7,11,06:37,Quinta-feira,MANHA,VIAS URBANAS,PUBLICO,AVENIDA ANTÔNIO GORGATTI,-21.6169204,-48.3637734,COLISAO,0,1,1,0,0,0,0,0,0,1,2,6.0,1,2,Com feridos leves,False
2298138,SINISTRO NAO FATAL,2024-07-12,2024,7,12,19:58,Sexta-feira,NOITE,VIAS URBANAS,PUBLICO,AVENIDA PADRE NELSON ANTONIO ROMÃO,-21.6019187,-48.3614372,COLISAO,1,0,1,0,0,0,0,0,0,0,1,19.0,0,2,Sem vítimas,False
2370025,NOTIFICACAO,2024-07-12,2024,7,12,12:58,Sexta-feira,TARDE,VIAS URBANAS,NAO DISPONIVEL,RUA SILVIO QUARÉSIMA,-21.5832328,-48.3582815,NAO DISPONIVEL,0,0,0,0,0,0,0,0,0,0,0,12.0,0,0,Sem vítimas,False
2283019,SINISTRO NAO FATAL,2024-07-13,2024,7,13,15:53,Sábado,TARDE,VIAS URBANAS,PUBLICO,AVENIDA FRANCISCO MASTROPIETRO,-21.5855197,-48.3653845,COLISAO,0,1,1,0,0,0,0,0,0,1,1,15.0,1,2,Com feridos leves,True
2270265,NOTIFICACAO,2024-07-16,2024,7,16,16:32,Terça-feira,TARDE,VIAS URBANAS,NAO DISPONIVEL,AVENIDA SETE DE SETEMBRO,-21.6051156,-48.368058,NAO DISPONIVEL,0,0,0,0,0,0,0,0,0,0,0,16.0,0,0,Sem vítimas,False
2284357,NOTIFICACAO,2024-07-16,2024,7,16,18:46,Terça-feira,NOITE,VIAS URBANAS,NAO DISPONIVEL,RUA CARLOS MONTEIRO DE CASTRO,-21.6188988,-48.3572518,NAO DISPONIVEL,0,0,0,0,0,0,0,0,0,0,0,18.0,0,0,Sem vítimas,False
2288346,SINISTRO NAO FATAL,2024-07-17,2024,7,17,21:29,Quarta-feira,NOITE,VIAS URBANAS,PUBLICO,VIA AUGUSTO BAMBOZZI,-21.6326612,-48.3670617,COLISAO,0,1,1,0,0,0,0,0,0,1,1,21.0,1,2,Com feridos leves,False
2293396,NOTIFICACAO,2024-07-17,2024,7,17,22:58,Quarta-feira,NOITE,VIAS URBANAS,NAO DISPONIVEL,AVENIDA SETE DE SETEMBRO,-21.6051156,-48.368058,NAO DISPONIVEL,0,0,0,0,0,0,0,0,0,0,0,22.0,0,0,Sem vítimas,False
2351675,SINISTRO NAO FATAL,2024-07-17,2024,7,17,09:42,Quarta-feira,MANHA,VIAS URBANAS,PUBLICO,RUA RUI BARBOSA,-21.60415349,-48.36225865,ATROPELAMENTO,0,1,0,0,0,1,0,0,0,2,0,9.0,2,1,Com feridos leves,False
2285853,SINISTRO NAO FATAL,2024-07-18,2024,7,18,17:33,Quinta-feira,TARDE,VIAS URBANAS,PUBLICO,VIA ENGENHEIRO MILCÍADES BOTURA,-21.620929,-48.3438762,COLISAO,0,1,1,0,0,0,0,0,0,1,1,17.0,1,2,Com feridos leves,False
2286412,SINISTRO NAO FATAL,2024-07-18,2024,7,18,19:34,Quinta-feira,NOITE,VIAS URBANAS,NAO DISPONIVEL,AVENIDA JOAO ANTONIO MARTINS,-21.60481009,-48.35311472,COLISAO,0,1,1,0,0,0,0,0,0,1,1,19.0,1,2,Com feridos leves,False
2297352,NOTIFICACAO,2024-07-18,2024,7,18,19:34,Quinta-feira,NOITE,VIAS URBANAS,NAO DISPONIVEL,AVENIDA JOÃO MARCHESAN,-21.6043661,-48.3858794,OUTROS,0,0,0,0,0,0,0,0,0,0,0,19.0,0,0,Sem vítimas,False
2332256,NOTIFICACAO,2024-07-18,2024,7,18,00:17,Quinta-feira,MADRUGADA,VIAS URBANAS,NAO DISPONIVEL,AVENIDA SETE DE SETEMBRO,-21.6051156,-48.368058,NAO DISPONIVEL,0,0,0,0,0,0,0,0,0,0,0,0.0,0,0,Sem vítimas,False
2280563,SINISTRO NAO FATAL,2024-07-19,2024,7,19,18:20,Sexta-feira,NOITE,VIAS URBANAS,PUBLICO,VIA ORLANDO JOSÉ SCUTTI,-21.6293965,-48.3550037,COLISAO,0,1,1,0,0,0,0,0,0,1,1,18.0,1,2,Com feridos leves,False
2319539,SINISTRO NAO FATAL,2024-07-19,2024,7,19,23:24,Sexta-feira,NOITE,VIAS URBANAS,PUBLICO,RUA SÃO LOURENÇO,-21.5945125,-48.3736163,COLISAO,0,0,2,0,0,0,0,0,0,1,1,23.0,1,2,Com feridos leves,False
2332242,SINISTRO NAO FATAL,2024-07-20,2024,7,20,06:41,Sábado,MANHA,ESTRADAS E RODOVIAS,PUBLICO,SPA 301/310,-21.5937377,-48.384066,OUTROS,0,0,1,0,0,0,0,0,0,1,0,6.0,1,1,Com feridos leves,True
2341570,NOTIFICACAO,2024-07-20,2024,7,20,01:56,Sábado,MADRUGADA,VIAS URBANAS,NAO DISPONIVEL,RUA SÃO LOURENÇO,-21.6028358,-48.353247,NAO DISPONIVEL,0,0,0,0,0,0,0,0,0,0,0,1.0,0,0,Sem vítimas,True
2358403,NOTIFICACAO,2024-07-20,2024,7,20,06:48,Sábado,MANHA,VIAS URBANAS,NAO DISPONIVEL,AVENIDA UM,-21.6373058,-48.3435473,OUTROS,0,0,0,0,0,0,0,0,0,0,0,6.0,0,0,Sem vítimas,True
2368525,SINISTRO NAO FATAL,2024-07-21,2024,7,21,05:47,Domingo,MADRUGADA,VIAS URBANAS,PUBLICO,VICINAL GRACIANO DA RESUREIÇÃO AFONSO,-21.62306028,-48.34158793,OUTROS,0,0,1,0,0,0,0,0,0,1,0,5.0,1,1,Com feridos leves,True
2319662,SINISTRO NAO FATAL,2024-07-22,2024,7,22,06:36,Segunda-feira,MANHA,VIAS URBANAS,PUBLICO,AVENIDA FRANCISCO MASTROPIETRO,-21.584534,-48.3672579,COLISAO,0,0,2,0,0,0,0,0,0,2,1,6.0,2,2,Com feridos leves,False
2278639,SINISTRO NAO FATAL,2024-07-25,2024,7,25,17:16,Quinta-feira,TARDE,VIAS URBANAS,PUBLICO,RUA RUI BARBOSA,-21.6018679,-48.3681636,COLISAO,0,1,0,1,0,0,0,0,2,0,1,17.0,2,2,Com feridos graves,False
2296401,NOTIFICACAO,2024-07-27,2024,7,27,15:29,Sábado,TARDE,VIAS URBANAS,NAO DISPONIVEL,RUA SÃO LOURENÇO,-21.6034295,-48.3508796,NAO DISPONIVEL,0,0,0,0,0,0,0,0,0,0,0,15.0,0,0,Sem vítimas,True
2306595,NOTIFICACAO,2024-07-27,2024,7,27,21:36,Sábado,NOITE,VIAS URBANAS,NAO DISPONIVEL,RUA SINHARINHA FROTA,-21.6051156,-48.368058,NAO DISPONIVEL,0,0,0,0,0,0,0,0,0,0,0,21.0,0,0,Sem vítimas,True
2311517,NOTIFICACAO,2024-07-27,2024,7,27,18:10,Sábado,NOITE,VIAS URBANAS,NAO DISPONIVEL,AVENIDA BRASIL,-21.587684,-48.351397,OUTROS,0,0,0,0,0,0,0,0,0,0,0,18.0,0,0,Sem vítimas,True
2319223,SINISTRO NAO FATAL,2024-07-29,2024,7,29,06:56,Segunda-feira,MANHA,VIAS URBANAS,PUBLICO,AVENIDA SETE DE SETEMBRO,-21.59364,-48.361839,COLISAO,0,1,1,0,0,0,0,0,0,1,1,6.0,1,2,Com feridos leves,False
2320510,SINISTRO NAO FATAL,2024-07-29,2024,7,29,07:08,Segunda-feira,MANHA,VIAS URBANAS,PUBLICO,AVENIDA ARARAQUARA,-21.6073099,-48.3581252,COLISAO,0,0,1,0,0,0,0,0,0,1,1,7.0,1,1,Com feridos leves,False
2343721,SINISTRO NAO FATAL,2024-07-29,2024,7,29,05:55,Segunda-feira,MADRUGADA,VIAS URBANAS,PUBLICO,RUA MARLENE DAVID DOS SANTOS,-21.6309103,-48.3449722,COLISAO,0,2,0,0,0,0,0,0,0,2,0,5.0,2,2,Com feridos leves,False
2344286,NOTIFICACAO,2024-07-29,2024,7,29,06:57,Segunda-feira,MANHA,VIAS URBANAS,NAO DISPONIVEL,RUA PEDRO BIGAL,-21.5921268,-48.3622349,NAO DISPONIVEL,0,0,0,0,0,0,0,0,0,0,0,6.0,0,0,Sem vítimas,False
2356888,SINISTRO NAO FATAL,2024-07-29,2024,7,29,09:29,Segunda-feira,MANHA,VIAS URBANAS,PUBLICO,RUA SÃO LOURENÇO,-21.5973126,-48.3684674,COLISAO,0,1,1,0,0,0,0,0,0,1,1,9.0,1,2,Com feridos leves,False
2287288,NOTIFICACAO,2024-07-30,2024,7,30,19:56,Terça-feira,NOITE,VIAS URBANAS,PUBLICO,AVENIDA SANTO ANTÔNIO,-21.6051908,-48.3730176,NAO DISPONIVEL,0,0,0,0,0,0,0,0,0,0,0,19.0,0,0,Sem vítimas,False
2337583,SINISTRO NAO FATAL,2024-07-30,2024,7,30,12:13,Terça-feira,TARDE,VIAS URBANAS,PUBLICO,AVENIDA DOS TRABALHADORES,-21.58481749,-48.36860774,COLISAO,0,0,1,0,0,0,0,0,0,1,0,12.0,1,1,Com feridos leves,False
2286894,NOTIFICACAO,2024-07-31,2024,7,31,19:22,Quarta-feira,NOITE,VIAS URBANAS,NAO DISPONIVEL,RUA SINHARINHA FROTA,-21.6051156,-48.368058,OUTROS,0,0,0,0,0,0,0,0,0,0,0,19.0,0,0,Sem vítimas,False
2386774,NOTIFICACAO,2024-08-01,2024,8,1,08:16,Quinta-feira,MANHA,VIAS URBANAS,NAO DISPONIVEL,AVENIDA FRANCISCO CARLOS,-21.6198394,-48.3728536,ATROPELAMENTO,0,0,0,0,0,0,0,0,0,0,0,8.0,0,0,Sem vítimas,False
2387806,NOTIFICACAO,2024-08-02,2024,8,2,09:22,Sexta-feira,MANHA,VIAS URBANAS,PUBLICO,RUA SINHARINHA FROTA,-21.6051156,-48.368058,NAO DISPONIVEL,0,0,0,0,0,0,0,0,0,0,0,9.0,0,0,Sem vítimas,False
2380710,SINISTRO NAO FATAL,2024-08-05,2024,8,5,20:48,Segunda-feira,NOITE,VIAS URBANAS,PUBLICO,RUA SINHARINHA FROTA,-21.6051156,-48.368058,ATROPELAMENTO,0,0,1,0,0,2,0,0,0,1,2,20.0,1,1,Com feridos leves,False
2389083,SINISTRO NAO FATAL,2024-08-05,2024,8,5,11:56,Segunda-feira,MANHA,VIAS URBANAS,PUBLICO,AVENIDA JOSÉ CERQUEIRA,-21.5936283,-48.3778786,OUTROS,0,1,2,0,0,0,0,0,0,1,1,11.0,1,3,Com feridos leves,False
2389409,NOTIFICACAO,2024-08-05,2024,8,5,12:20,Segunda-feira,TARDE,VIAS URBANAS,NAO DISPONIVEL,RUA VICENTE MASTRO PIETRO,-21.6075711,-48.3676819,NAO DISPONIVEL,0,0,0,0,0,0,0,0,0,0,0,12.0,0,0,Sem vítimas,False
2390319,NOTIFICACAO,2024-08-05,2024,8,5,12:18,Segunda-feira,TARDE,VIAS URBANAS,NAO DISPONIVEL,AVENIDA FRANCISCO MASTROPIETRO,-21.5856013,-48.3649143,NAO DISPONIVEL,0,0,0,0,0,0,0,0,0,0,0,12.0,0,0,Sem vítimas,False
2390349,SINISTRO NAO FATAL,2024-08-05,2024,8,5,12:18,Segunda-feira,TARDE,VIAS URBANAS,PUBLICO,AVENIDA FRANCISCO MASTROPIETRO,-21.5845293,-48.3672712,COLISAO,0,1,1,0,0,0,0,0,1,0,1,12.0,1,2,Com feridos graves,False
2375697,SINISTRO NAO FATAL,2024-08-06,2024,8,6,15:20,Terça-feira,TARDE,ESTRADAS E RODOVIAS,PUBLICO,SP 310,-21.550903449,-48.489141695,CHOQUE,0,0,1,0,0,0,0,0,0,1,0,15.0,1,1,Com feridos leves,False
2378828,SINISTRO NAO FATAL,2024-08-06,2024,8,6,19:18,Terça-feira,NOITE,VIAS URBANAS,PUBLICO,RUA VITÓRIO PINOTI,-21.600695,-48.3850727,COLISAO,0,1,1,0,0,0,0,0,0,1,1,19.0,1,2,Com feridos leves,False
2375685,SINISTRO NAO FATAL,2024-08-07,2024,8,7,14:42,Quarta-feira,TARDE,VIAS URBANAS,PUBLICO,AVENIDA TROLESI,-21.612366,-48.3530445,COLISAO,0,1,1,0,0,0,0,0,0,1,1,14.0,1,2,Com feridos leves,False
2376128,NOTIFICACAO,2024-08-07,2024,8,7,15:11,Quarta-feira,TARDE,VIAS URBANAS,NAO DISPONIVEL,AVENIDA SETE DE SETEMBRO,-21.6051156,-48.368058,NAO DISPONIVEL,0,0,0,0,0,0,0,0,0,0,0,15.0,0,0,Sem vítimas,False
2387893,SINISTRO NAO FATAL,2024-08-07,2024,8,7,10:16,Quarta-feira,MANHA,VIAS URBANAS,PUBLICO,AVENIDA DANIEL ANTÔNIO BRITO,-21.6143451,-48.3603395,COLISAO,0,1,1,0,0,0,0,0,1,1,0,10.0,2,2,Com feridos graves,False
2388080,NOTIFICACAO,2024-08-07,2024,8,7,10:20,Quarta-feira,MANHA,VIAS URBANAS,NAO DISPONIVEL,AVENIDA DANIEL ANTONIO BRITO,-21.61132763,-48.35995352,NAO DISPONIVEL,0,0,0,0,0,0,0,0,0,0,0,10.0,0,0,Sem vítimas,False
2389805,NOTIFICACAO,2024-08-07,2024,8,7,12:30,Quarta-feira,TARDE,VIAS URBANAS,NAO DISPONIVEL,AVENIDA SETE DE SETEMBRO,-21.6051156,-48.368058,NAO DISPONIVEL,0,0,0,0,0,0,0,0,0,0,0,12.0,0,0,Sem vítimas,False
2390547,SINISTRO NAO FATAL,2024-08-07,2024,8,7,12:29,Quarta-feira,TARDE,VIAS URBANAS,PUBLICO,RUA SÃO LOURENÇO,-21.593436,-48.379974,COLISAO,0,1,1,0,0,0,0,0,0,1,1,12.0,1,2,Com feridos leves,False
2385989,NOTIFICACAO,2024-08-08,2024,8,8,08:54,Quinta-feira,MANHA,VIAS URBANAS,NAO DISPONIVEL,RUA SINHARINHA FROTA,-21.6051156,-48.368058,ATROPELAMENTO,0,0,0,0,0,0,0,0,0,0,0,8.0,0,0,Sem vítimas,False
2386422,NOTIFICACAO,2024-08-08,2024,8,8,00:00,Quinta-feira,MADRUGADA,VIAS URBANAS,NAO DISPONIVEL,AVENIDA SETE DE SETEMBRO,-21.59364,-48.361839,NAO DISPONIVEL,0,0,0,0,0,0,0,0,0,0,0,0.0,0,0,Sem vítimas,False
2388693,NOTIFICACAO,2024-08-08,2024,8,8,12:31,Quinta-feira,TARDE,VIAS URBANAS,NAO DISPONIVEL,RUA SINHARINHA FROTA,-21.6051156,-48.368058,NAO DISPONIVEL,0,0,0,0,0,0,0,0,0,0,0,12.0,0,0,Sem vítimas,False
2389639,SINISTRO NAO FATAL,2024-08-08,2024,8,8,12:38,Quinta-feira,TARDE,VIAS URBANAS,PUBLICO,AVENIDA VEREADOR ALBINO JOÃO BALDAN,-21.6318712,-48.3373178,COLISAO,0,1,1,0,0,0,0,0,0,1,1,12.0,1,2,Com feridos leves,False
2378586,NOTIFICACAO,2024-08-09,2024,8,9,18:56,Sexta-feira,NOITE,VIAS URBANAS,NAO DISPONIVEL,AVENIDA PADRE NELSON ANTONIO ROMÃO,-21.6131151,-48.3655907,NAO DISPONIVEL,0,0,0,0,0,0,0,0,0,0,0,18.0,0,0,Sem vítimas,False
2380578,SINISTRO NAO FATAL,2024-08-11,2024,8,11,17:27,Domingo,TARDE,VIAS URBANAS,PUBLICO,AVENIDA 28 DE AGOSTO,-21.5995603,-48.3626204,NAO DISPONIVEL,0,1,0,0,0,0,0,0,0,1,0,17.0,1,1,Com feridos leves,True
2387510,SINISTRO NAO FATAL,2024-08-11,2024,8,11,05:26,Domingo,MADRUGADA,VIAS URBANAS,PUBLICO,AVENIDA UM,-21.6367483,-48.3443124,OUTROS,0,0,1,0,0,0,0,0,0,1,1,5.0,1,1,Com feridos leves,True
2386238,NOTIFICACAO,2024-08-12,2024,8,12,08:15,Segunda-feira,MANHA,VIAS URBANAS,NAO DISPONIVEL,WOSHINTONG LUIZ,-21.59849374,-48.36298215,NAO DISPONIVEL,0,0,0,0,0,0,0,0,0,0,0,8.0,0,0,Sem vítimas,False
2456300,SINISTRO FATAL,2024-08-12,2024,8,12,08:19,Segunda-feira,MANHA,ESTRADAS E RODOVIAS,PUBLICO,SP 310,-21.59049584,-48.4424807361,OUTROS,0,0,1,0,0,0,0,1,0,0,0,8.0,1,1,Com óbito,False
2380732,NOTIFICACAO,2024-08-13,2024,8,13,23:36,Terça-feira,NOITE,VIAS URBANAS,NAO DISPONIVEL,PADRE NELSON,-21.59849374,-48.36298215,OUTROS,0,0,0,0,0,0,0,0,0,0,0,23.0,0,0,Sem vítimas,False
2381190,SINISTRO NAO FATAL,2024-08-13,2024,8,13,23:28,Terça-feira,NOITE,VIAS URBANAS,PUBLICO,AVENIDA PADRE NELSON ANTONIO ROMÃO,-21.6019187,-48.3614372,NAO DISPONIVEL,0,1,0,0,0,0,0,0,0,1,0,23.0,1,1,Com feridos leves,False
2390792,NOTIFICACAO,2024-08-13,2024,8,13,15:07,Terça-feira,TARDE,VIAS URBANAS,NAO DISPONIVEL,RUA VEREADOR AMAURI SQUISATTI,-21.6285067,-48.3459069,NAO DISPONIVEL,0,0,0,0,0,0,0,0,0,0,0,15.0,0,0,Sem vítimas,False
2389159,SINISTRO NAO FATAL,2024-08-15,2024,8,15,11:28,Quinta-feira,MANHA,VIAS URBANAS,PUBLICO,AVENIDA CAMPOS SALLES,-21.6018058,-48.3681172,COLISAO,0,1,1,0,0,0,0,0,0,1,1,11.0,1,2,Com feridos leves,False
2374811,SINISTRO NAO FATAL,2024-08-16,2024,8,16,13:59,Sexta-feira,TARDE,VIAS URBANAS,PUBLICO,RUA SINHARINHA FROTA,-21.6071734,-48.3637502,COLISAO,1,0,1,0,0,0,0,0,0,1,2,13.0,1,2,Com feridos leves,False
2385917,SINISTRO NAO FATAL,2024-08-16,2024,8,16,07:56,Sexta-feira,MANHA,VIAS URBANAS,PUBLICO,AVENIDA BENEDICTO QUEIROZ,-21.6011725,-48.3918591,COLISAO,0,1,1,0,0,0,0,0,0,1,1,7.0,1,2,Com feridos leves,False
2389193,NOTIFICACAO,2024-08-16,2024,8,16,11:57,Sexta-feira,MANHA,ESTRADAS E RODOVIAS,NAO DISPONIVEL,SP 310,-21.60481009,-48.35311472,OUTROS,0,0,0,0,0,0,0,0,0,0,0,11.0,0,0,Sem vítimas,False
2456915,SINISTRO FATAL,2024-08-16,2024,8,16,12:08,Sexta-feira,TARDE,ESTRADAS E RODOVIAS,PUBLICO,SP 310,-21.5433930672,-48.5000632588,COLISAO,0,0,0,0,2,0,0,1,0,0,0,12.0,1,2,Com óbito,False
2387083,SINISTRO NAO FATAL,2024-08-17,2024,8,17,05:16,Sábado,MADRUGADA,VIAS URBANAS,PUBLICO,AVENIDA TROLESI,-21.61025396,-48.35067163,ATROPELAMENTO,0,0,1,0,0,1,0,0,0,0,2,5.0,0,1,Sem vítimas,True
2389568,NOTIFICACAO,2024-08-17,2024,8,17,09:13,Sábado,MANHA,VIAS URBANAS,NAO DISPONIVEL,RUA RUI BARBOSA,-21.6018679,-48.3681636,ATROPELAMENTO,0,0,0,0,0,0,0,0,0,0,0,9.0,0,0,Sem vítimas,True
2389767,NOTIFICACAO,2024-08-17,2024,8,17,09:24,Sábado,MANHA,VIAS URBANAS,NAO DISPONIVEL,AVENIDA SIQUEIRA CAMPOS,-21.6053596,-48.3685466,NAO DISPONIVEL,0,0,0,0,0,0,0,0,0,0,0,9.0,0,0,Sem vítimas,True
2374971,SINISTRO NAO FATAL,2024-08-18,2024,8,18,07:51,Domingo,MANHA,VIAS URBANAS,PUBLICO,AVENIDA MATHIAS DIAS DE TOLEDO,-21.5957376,-48.3694331,OUTROS,0,1,0,0,0,0,0,0,0,1,0,7.0,1,1,Com feridos leves,True
2456317,SINISTRO FATAL,2024-08-18,2024,8,18,19:00,Domingo,NOITE,VIAS URBANAS,PUBLICO,AVENIDA PREFEITO LAERT JOSÉ TARALO MENDES,-21.6057771185,-48.3747621077,CHOQUE,0,1,1,0,0,0,0,1,0,0,0,19.0,1,2,Com óbito,True
2456567,SINISTRO FATAL,2024-08-18,2024,8,18,04:07,Domingo,MADRUGADA,ESTRADAS E RODOVIAS,PUBLICO,SP 326,-21.6868855674,-48.3389895653,CHOQUE,0,1,0,0,0,0,0,1,0,0,0,4.0,1,1,Com óbito,True
2385532,SINISTRO NAO FATAL,2024-08-20,2024,8,20,08:00,Terça-feira,MANHA,VIAS URBANAS,PUBLICO,AVENIDA VEREADOR ALBINO JOÃO BALDAN,-21.6318712,-48.3373178,COLISAO,0,1,1,0,0,0,0,0,0,1,1,8.0,1,2,Com feridos leves,False
2390754,NOTIFICACAO,2024-08-20,2024,8,20,14:49,Terça-feira,TARDE,VIAS URBANAS,NAO DISPONIVEL,VIA ORLANDO JOSE SCUTTI,-21.6218783,-48.3560938,OUTROS,0,0,0,0,0,0,0,0,0,0,0,14.0,0,0,Sem vítimas,False
2376488,NOTIFICACAO,2024-08-21,2024,8,21,17:04,Quarta-feira,TARDE,VIAS URBANAS,NAO DISPONIVEL,RUA SINHARINHA FROTA,-21.6051156,-48.368058,NAO DISPONIVEL,0,0,0,0,0,0,0,0,0,0,0,17.0,0,0,Sem vítimas,False
2379805,SINISTRO NAO FATAL,2024-08-21,2024,8,21,20:26,Quarta-feira,NOITE,VIAS URBANAS,PUBLICO,AVENIDA BENEDITO G DA COSTA,-21.6076566,-48.4004178,COLISAO,0,1,1,0,0,0,0,0,1,0,1,20.0,1,2,Com feridos graves,False
2386588,SINISTRO NAO FATAL,2024-08-21,2024,8,21,09:27,Quarta-feira,MANHA,VIAS URBANAS,PUBLICO,RUA MANOEL GIMENES,-21.6055047,-48.3763096,COLISAO,0,1,1,0,0,0,0,0,0,1,1,9.0,1,2,Com feridos leves,False
2380504,SINISTRO NAO FATAL,2024-08-23,2024,8,23,17:41,Sexta-feira,TARDE,VIAS URBANAS,PUBLICO,AVENIDA TROLESI,-21.6196899,-48.3566795,COLISAO,0,0,1,0,0,0,0,0,0,1,1,17.0,1,1,Com feridos leves,False
2389188,SINISTRO NAO FATAL,2024-08-23,2024,8,23,11:16,Sexta-feira,MANHA,VIAS URBANAS,PUBLICO,AVENIDA LUDWIG ECKES,-21.6012565,-48.3847126,COLISAO,0,1,0,0,1,0,0,0,0,1,1,11.0,1,2,Com feridos leves,False
2375478,SINISTRO NAO FATAL,2024-08-24,2024,8,24,11:57,Sábado,MANHA,VIAS URBANAS,PUBLICO,AVENIDA BRASIL,-21.5969077,-48.353812,COLISAO,0,1,1,0,0,0,0,0,0,1,1,11.0,1,2,Com feridos leves,True
2384955,SINISTRO NAO FATAL,2024-08-24,2024,8,24,02:25,Sábado,MADRUGADA,VIAS URBANAS,PUBLICO,RUA ALEXANDRE DOS SANTOS PÍRES,-21.6262655,-48.3508113,CHOQUE,0,1,0,0,0,0,0,0,1,0,0,2.0,1,1,Com feridos graves,True
2374824,SINISTRO NAO FATAL,2024-08-26,2024,8,26,16:07,Segunda-feira,TARDE,VIAS URBANAS,PUBLICO,RUA ORESTE BOZELI,-21.600348,-48.361006,OUTROS,0,0,0,0,1,0,3,0,0,1,0,16.0,1,4,Com feridos leves,False
2377083,NOTIFICACAO,2024-08-26,2024,8,26,18:52,Segunda-feira,NOITE,VIAS URBANAS,NAO DISPONIVEL,AVENIDA SIQUEIRA CAMPOS,-21.6053596,-48.3685466,NAO DISPONIVEL,0,0,0,0,0,0,0,0,0,0,0,18.0,0,0,Sem vítimas,False
2379552,NOTIFICACAO,2024-08-26,2024,8,26,22:03,Segunda-feira,NOITE,VIAS URBANAS,NAO DISPONIVEL,RUA JOÃO PESSOA,-21.5980708,-48.3736534,NAO DISPONIVEL,0,0,0,0,0,0,0,0,0,0,0,22.0,0,0,Sem vítimas,False
2390364,SINISTRO NAO FATAL,2024-08-26,2024,8,26,14:23,Segunda-feira,TARDE,VIAS URBANAS,PUBLICO,AVENIDA 15 DE NOVEMBRO,-21.6116202,-48.3694665,COLISAO,0,1,1,0,0,0,0,0,0,1,1,14.0,1,2,Com feridos leves,False
2388070,SINISTRO NAO FATAL,2024-08-31,2024,8,31,05:16,Sábado,MADRUGADA,VIAS URBANAS,PUBLICO,RUA ELIAS RAIMUNDO DE BRITO,-21.6200695,-48.3454849,COLISAO,0,0,1,0,0,0,0,0,0,1,0,5.0,1,1,Com feridos leves,True
2391456,SINISTRO NAO FATAL,2024-09-04,2024,9,4,13:52,Quarta-feira,TARDE,VIAS URBANAS,PUBLICO,AVENIDA JOSÉ CERQUEIRA,-21.5938507,-48.37735,COLISAO,1,0,1,0,0,0,0,0,0,1,2,13.0,1,2,Com feridos leves,False
2395548,NOTIFICACAO,2024-09-05,2024,9,5,19:30,Quinta-feira,NOITE,VIAS URBANAS,NAO DISPONIVEL,AVENIDA BALDAN,-21.6132925,-48.3718801,NAO DISPONIVEL,0,0,0,0,0,0,0,0,0,0,0,19.0,0,0,Sem vítimas,False
2400944,NOTIFICACAO,2024-09-05,2024,9,5,07:09,Quinta-feira,MANHA,VIAS URBANAS,NAO DISPONIVEL,AVENIDA BALDAN,-21.6141665,-48.3686939,NAO DISPONIVEL,0,0,0,0,0,0,0,0,0,0,0,7.0,0,0,Sem vítimas,False
2404037,SINISTRO NAO FATAL,2024-09-05,2024,9,5,07:33,Quinta-feira,MANHA,VIAS URBANAS,PUBLICO,AVENIDA BALDAN,-21.6140668,-48.3686813,COLISAO,0,0,1,0,0,0,0,0,0,1,0,7.0,1,1,Com feridos leves,False
2407139,NOTIFICACAO,2024-09-05,2024,9,5,13:25,Quinta-feira,TARDE,VIAS URBANAS,NAO DISPONIVEL,AVENIDA SIQUEIRA CAMPOS,-21.6053596,-48.3685466,NAO DISPONIVEL,0,0,0,0,0,0,0,0,0,0,0,13.0,0,0,Sem vítimas,False
2392957,SINISTRO NAO FATAL,2024-09-06,2024,9,6,15:29,Sexta-feira,TARDE,VIAS URBANAS,PUBLICO,AVENIDA TROLESI,-21.5994467,-48.3460055,COLISAO,0,0,2,0,0,0,0,0,0,5,0,15.0,5,2,Com feridos leves,False
2395934,SINISTRO NAO FATAL,2024-09-06,2024,9,6,18:01,Sexta-feira,NOITE,VIAS URBANAS,PUBLICO,AVENIDA 28 DE AGOSTO,-21.601142,-48.3629253,COLISAO,0,2,0,0,0,0,0,0,0,3,1,18.0,3,2,Com feridos leves,False
2395949,NOTIFICACAO,2024-09-06,2024,9,6,18:02,Sexta-feira,NOITE,VIAS URBANAS,NAO DISPONIVEL,AVENIDA 28 DE AGOSTO,-21.6111786,-48.3658833,NAO DISPONIVEL,0,0,0,0,0,0,0,0,0,0,0,18.0,0,0,Sem vítimas,False
2405053,NOTIFICACAO,2024-09-06,2024,9,6,12:04,Sexta-feira,TARDE,VIAS URBANAS,NAO DISPONIVEL,RUA SINHARINHA FROTA,-21.6051156,-48.368058,NAO DISPONIVEL,0,0,0,0,0,0,0,0,0,0,0,12.0,0,0,Sem vítimas,False
2391599,NOTIFICACAO,2024-09-07,2024,9,7,10:13,Sábado,MANHA,VIAS URBANAS,NAO DISPONIVEL,VIA CLITO BASTIA,-21.6356122,-48.3035992,OUTROS,0,0,0,0,0,0,0,0,0,0,0,10.0,0,0,Sem vítimas,True
2399559,NOTIFICACAO,2024-09-07,2024,9,7,20:48,Sábado,NOITE,VIAS URBANAS,PUBLICO,RUA SINHARINHA FROTA,-21.6051156,-48.368058,NAO DISPONIVEL,0,0,0,0,0,0,0,0,0,0,0,20.0,0,0,Sem vítimas,True
2402427,SINISTRO NAO FATAL,2024-09-08,2024,9,8,19:23,Domingo,NOITE,VIAS URBANAS,PUBLICO,AVENIDA 15 DE NOVEMBRO,-21.6006184,-48.3639036,COLISAO,0,2,0,0,0,0,0,0,0,3,1,19.0,3,2,Com feridos leves,True
2403409,SINISTRO NAO FATAL,2024-09-08,2024,9,8,22:52,Domingo,NOITE,VIAS URBANAS,PUBLICO,RUA SÃO LOURENÇO,-21.6032609,-48.3485547,COLISAO,0,0,2,0,0,0,0,0,0,1,1,22.0,1,2,Com feridos leves,True
2395056,NOTIFICACAO,2024-09-09,2024,9,9,18:39,Segunda-feira,NOITE,VIAS URBANAS,NAO DISPONIVEL,RUA RUI BARBOSA,-21.6018679,-48.3681636,OUTROS,0,0,0,0,0,0,0,0,0,0,0,18.0,0,0,Sem vítimas,False
2406784,SINISTRO NAO FATAL,2024-09-09,2024,9,9,12:10,Segunda-feira,TARDE,VIAS URBANAS,PUBLICO,AVENIDA SETE DE SETEMBRO,-21.6064411,-48.3680362,COLISAO,0,1,0,0,0,0,1,0,0,1,1,12.0,1,2,Com feridos leves,False
2456577,SINISTRO FATAL,2024-09-09,2024,9,9,18:45,Segunda-feira,NOITE,ESTRADAS E RODOVIAS,PUBLICO,SP 310,-21.6878604106,-48.3401900743,OUTROS,0,1,0,0,1,0,0,1,0,0,0,18.0,1,2,Com óbito,False
2395018,SINISTRO NAO FATAL,2024-09-10,2024,9,10,19:16,Terça-feira,NOITE,VIAS URBANAS,PUBLICO,AVENIDA BALDAN,-21.6179328,-48.3603392,COLISAO,0,1,1,0,0,0,0,0,0,1,2,19.0,1,2,Com feridos leves,False
2397292,NOTIFICACAO,2024-09-10,2024,9,10,20:00,Terça-feira,NOITE,VIAS URBANAS,NAO DISPONIVEL,AVENIDA IGNÁCIO BARBOSA DA SILVA BRASILINO,-21.5867064,-48.3425574,OUTROS,0,0,0,0,0,0,0,0,0,0,0,20.0,0,0,Sem vítimas,False
2404202,SINISTRO NAO FATAL,2024-09-10,2024,9,10,11:51,Terça-feira,MANHA,VIAS URBANAS,PUBLICO,RUA RUI BARBOSA,-21.5981338,-48.3753632,OUTROS,0,0,0,0,1,0,0,0,0,1,0,11.0,1,1,Com feridos leves,False
2405314,NOTIFICACAO,2024-09-10,2024,9,10,13:20,Terça-feira,TARDE,VIAS URBANAS,NAO DISPONIVEL,RUA DOLVALINO AGOSTINI,-21.5905986,-48.3442529,NAO DISPONIVEL,0,0,0,0,0,0,0,0,0,0,0,13.0,0,0,Sem vítimas,False
2404561,NOTIFICACAO,2024-09-11,2024,9,11,00:54,Quarta-feira,MADRUGADA,ESTRADAS E RODOVIAS,NAO DISPONIVEL,SP 310,-21.6347091,-48.4000264,NAO DISPONIVEL,0,0,0,0,0,0,0,0,0,0,0,0.0,0,0,Sem vítimas,False
2403797,SINISTRO NAO FATAL,2024-09-12,2024,9,12,06:45,Quinta-feira,MANHA,VIAS URBANAS,PUBLICO,RUA SÃO LOURENÇO,-21.593436,-48.379974,OUTROS,0,0,2,0,0,0,0,0,0,2,0,6.0,2,2,Com feridos leves,False
2404968,NOTIFICACAO,2024-09-12,2024,9,12,11:40,Quinta-feira,MANHA,VIAS URBANAS,NAO DISPONIVEL,RUA VIRGÍLIO TAGLIAVINI,-21.5910852,-48.360711,NAO DISPONIVEL,0,0,0,0,0,0,0,0,0,0,0,11.0,0,0,Sem vítimas,False
2407202,SINISTRO NAO FATAL,2024-09-12,2024,9,12,11:37,Quinta-feira,MANHA,VIAS URBANAS,PUBLICO,AVENIDA 28 DE AGOSTO,-21.5920877,-48.35813,COLISAO,0,2,0,0,0,0,0,0,0,2,1,11.0,2,2,Com feridos leves,False
2395165,SINISTRO NAO FATAL,2024-09-13,2024,9,13,18:15,Sexta-feira,NOITE,VIAS URBANAS,NAO DISPONIVEL,AVENIDA SAO PAULO,-21.59560186,-48.35008277,COLISAO,0,1,1,0,0,0,0,0,1,0,1,18.0,1,2,Com feridos graves,False
2398371,SINISTRO NAO FATAL,2024-09-13,2024,9,13,19:41,Sexta-feira,NOITE,VIAS URBANAS,NAO DISPONIVEL,AVENIDA SÃO PAULO,-21.6025984,-48.3526504,COLISAO,0,1,1,0,0,0,0,0,0,0,2,19.0,0,2,Sem vítimas,False
2395025,NOTIFICACAO,2024-09-14,2024,9,14,13:44,Sábado,TARDE,VIAS URBANAS,NAO DISPONIVEL,RUA AGNACIA BARBAOSA DA SILVA BRASILINO,-21.59849374,-48.36298215,ATROPELAMENTO,0,0,0,0,0,0,0,0,0,0,0,13.0,0,0,Sem vítimas,True
2395409,NOTIFICACAO,2024-09-14,2024,9,14,14:38,Sábado,TARDE,VIAS URBANAS,NAO DISPONIVEL,RUA SINHARINHA FROTA,-21.6051156,-48.368058,ATROPELAMENTO,0,0,0,0,0,0,0,0,0,0,0,14.0,0,0,Sem vítimas,True
2399735,SINISTRO NAO FATAL,2024-09-14,2024,9,14,21:40,Sábado,NOITE,VIAS URBANAS,PUBLICO,AVENIDA CAMPOS SALLES,-21.5927689,-48.3629301,COLISAO,0,1,1,0,0,0,0,0,1,0,1,21.0,1,2,Com feridos graves,True
2401110,SINISTRO NAO FATAL,2024-09-14,2024,9,14,19:33,Sábado,NOITE,VIAS URBANAS,PUBLICO,RUA JOSÉ MARTINHO MARTINS,-21.5978777,-48.3855594,COLISAO,0,0,1,0,0,0,0,0,0,1,2,19.0,1,1,Com feridos leves,True
2402653,NOTIFICACAO,2024-09-14,2024,9,14,22:12,Sábado,NOITE,VIAS URBANAS,NAO DISPONIVEL,RUA SINHARINHA FROTA,-21.6063455,-48.3653433,NAO DISPONIVEL,0,0,0,0,0,0,0,0,0,0,0,22.0,0,0,Sem vítimas,True
2403056,SINISTRO NAO FATAL,2024-09-14,2024,9,14,22:40,Sábado,NOITE,VIAS URBANAS,PUBLICO,AVENIDA PADRE NELSON ANTONIO ROMÃO,-21.610167,-48.3648647,COLISAO,0,1,1,0,0,0,0,0,0,1,1,22.0,1,2,Com feridos leves,True
2396012,NOTIFICACAO,2024-09-16,2024,9,16,22:00,Segunda-feira,NOITE,VIAS URBANAS,NAO DISPONIVEL,AVENIDA SETE DE SETEMBRO,-21.6051156,-48.368058,NAO DISPONIVEL,0,0,0,0,0,0,0,0,0,0,0,22.0,0,0,Sem vítimas,False
2400518,SINISTRO NAO FATAL,2024-09-16,2024,9,16,06:56,Segunda-feira,MANHA,VIAS URBANAS,PUBLICO,RUA MARLENE DAVID DOS SANTOS,-21.6296761,-48.3426786,COLISAO,1,1,0,0,0,0,0,0,0,2,1,6.0,2,2,Com feridos leves,False
2400985,NOTIFICACAO,2024-09-16,2024,9,16,04:50,Segunda-feira,MADRUGADA,VIAS URBANAS,PUBLICO,AVENIDA TROLESI,-21.5994953,-48.3460316,NAO DISPONIVEL,0,0,0,0,0,0,0,0,0,1,0,4.0,1,0,Com feridos leves,False
2404368,NOTIFICACAO,2024-09-16,2024,9,16,11:54,Segunda-feira,MANHA,VIAS URBANAS,NAO DISPONIVEL,RUA SINHARINHA FROTA,-21.6001825,-48.3780761,OUTROS,0,0,0,0,0,0,0,0,0,0,0,11.0,0,0,Sem vítimas,False
2394128,SINISTRO NAO FATAL,2024-09-17,2024,9,17,18:59,Terça-feira,NOITE,VIAS URBANAS,PUBLICO,RUA JOSÉ GONÇALVES,-21.6033497,-48.3885036,COLISAO,0,1,1,0,0,0,0,0,0,1,1,18.0,1,2,Com feridos leves,False
2404315,SINISTRO NAO FATAL,2024-09-17,2024,9,17,12:18,Terça-feira,TARDE,VIAS URBANAS,PUBLICO,AVENIDA MONTE ALTO,-21.6084462,-48.3550653,COLISAO,0,1,1,0,0,0,0,0,0,2,1,12.0,2,2,Com feridos leves,False
2405292,NOTIFICACAO,2024-09-17,2024,9,17,12:45,Terça-feira,TARDE,VIAS URBANAS,NAO DISPONIVEL,AVENIDA MONTE ALTO,-21.6114838,-48.35684,OUTROS,0,0,0,0,0,0,0,0,0,0,0,12.0,0,0,Sem vítimas,False
2394319,NOTIFICACAO,2024-09-19,2024,9,19,17:07,Quinta-feira,TARDE,VIAS URBANAS,NAO DISPONIVEL,RUA SINHARINHA FROTA,-21.6051156,-48.368058,NAO DISPONIVEL,0,0,0,0,0,0,0,0,0,0,0,17.0,0,0,Sem vítimas,False
2395600,SINISTRO NAO FATAL,2024-09-19,2024,9,19,17:49,Quinta-feira,TARDE,VIAS URBANAS,NAO DISPONIVEL,RUA CATHARINA BARLETA MORIS,-21.6200487,-48.3476162,CHOQUE,0,0,2,0,0,0,0,0,0,0,2,17.0,0,2,Sem vítimas,False
2398747,NOTIFICACAO,2024-09-19,2024,9,19,22:54,Quinta-feira,NOITE,VIAS URBANAS,NAO DISPONIVEL,RUA SINHARINHA FROTA,-21.6051156,-48.368058,NAO DISPONIVEL,0,0,0,0,0,0,0,0,0,0,0,22.0,0,0,Sem vítimas,False
2395101,SINISTRO NAO FATAL,2024-09-20,2024,9,20,16:58,Sexta-feira,TARDE,VIAS URBANAS,PUBLICO,RUA ORESTE BOZELI,-21.600348,-48.361006,COLISAO,0,0,1,0,0,0,0,0,0,1,0,16.0,1,1,Com feridos leves,False
2398832,NOTIFICACAO,2024-09-20,2024,9,20,21:00,Sexta-feira,NOITE,VIAS URBANAS,PUBLICO,AVENIDA SIQUEIRA CAMPOS,-21.6053596,-48.3685466,NAO DISPONIVEL,0,0,0,0,0,0,0,0,0,0,0,21.0,0,0,Sem vítimas,False
2405166,NOTIFICACAO,2024-09-20,2024,9,20,11:57,Sexta-feira,MANHA,VIAS URBANAS,NAO DISPONIVEL,AVENIDA 28 DE AGOSTO,-21.5995603,-48.3626204,OUTROS,0,0,0,0,0,0,0,0,0,0,0,11.0,0,0,Sem vítimas,False
2406354,NOTIFICACAO,2024-09-20,2024,9,20,13:17,Sexta-feira,TARDE,VIAS URBANAS,NAO DISPONIVEL,AVENIDA CAMPOS SALLES,-21.6018058,-48.3681172,NAO DISPONIVEL,0,0,0,0,0,0,0,0,0,0,0,13.0,0,0,Sem vítimas,False
2406460,SINISTRO NAO FATAL,2024-09-20,2024,9,20,11:55,Sexta-feira,MANHA,VIAS URBANAS,PUBLICO,AVENIDA 28 DE AGOSTO,-21.603237,-48.3641407,COLISAO,0,1,1,0,0,0,0,0,0,1,1,11.0,1,2,Com feridos leves,False
2397952,SINISTRO NAO FATAL,2024-09-22,2024,9,22,14:30,Domingo,TARDE,VIAS URBANAS,PUBLICO,RUA JOSÉ GONÇALVES,-21.6041585,-48.3825668,COLISAO,0,0,2,0,0,0,0,0,1,0,2,14.0,1,2,Com feridos graves,True
2396712,SINISTRO NAO FATAL,2024-09-23,2024,9,23,20:14,Segunda-feira,NOITE,VIAS URBANAS,PUBLICO,RUA SÃO LOURENÇO,-21.60276,-48.3514065,COLISAO,0,0,2,0,0,0,0,0,0,1,1,20.0,1,2,Com feridos leves,False
2393788,SINISTRO NAO FATAL,2024-09-24,2024,9,24,17:11,Terça-feira,TARDE,VIAS URBANAS,PUBLICO,AVENIDA BALDAN,-21.6148473,-48.3673696,COLISAO,0,1,2,0,0,0,0,0,0,1,2,17.0,1,3,Com feridos leves,False
2405059,SINISTRO NAO FATAL,2024-09-26,2024,9,26,10:25,Quinta-feira,MANHA,VIAS URBANAS,PUBLICO,AVENIDA 28 DE AGOSTO,-21.5995603,-48.3626204,COLISAO,0,1,1,0,0,0,0,0,0,1,1,10.0,1,2,Com feridos leves,False
2405540,NOTIFICACAO,2024-09-26,2024,9,26,10:58,Quinta-feira,MANHA,VIAS URBANAS,NAO DISPONIVEL,AVENIDA ANÍBAL RIBEIRO,-21.6216881,-48.3434994,OUTROS,0,0,0,0,0,0,0,0,0,0,0,10.0,0,0,Sem vítimas,False
2398533,SINISTRO NAO FATAL,2024-09-28,2024,9,28,20:24,Sábado,NOITE,VIAS URBANAS,PUBLICO,AVENIDA 15 DE NOVEMBRO,-21.6057114,-48.3665259,COLISAO,0,0,2,0,0,0,0,0,0,3,2,20.0,3,2,Com feridos leves,True
2399236,NOTIFICACAO,2024-09-28,2024,9,28,20:23,Sábado,NOITE,VIAS URBANAS,NAO DISPONIVEL,RUA SINHARINHA FROTA,-21.6004667,-48.3780924,OUTROS,0,0,0,0,0,0,0,0,0,0,0,20.0,0,0,Sem vítimas,True
2392850,SINISTRO NAO FATAL,2024-09-29,2024,9,29,10:26,Domingo,MANHA,VIAS URBANAS,PUBLICO,ESTRADA DOBRADA  MATÃO,-21.58481749,-48.36860774,COLISAO,0,0,1,0,0,0,0,0,0,2,1,10.0,2,1,Com feridos leves,True
2393694,NOTIFICACAO,2024-09-29,2024,9,29,10:39,Domingo,MANHA,VIAS URBANAS,NAO DISPONIVEL,VIA CLITO BASTIA,-21.62290619,-48.33411401,NAO DISPONIVEL,0,0,0,0,0,0,0,0,0,0,0,10.0,0,0,Sem vítimas,True
2399163,NOTIFICACAO,2024-09-29,2024,9,29,15:52,Domingo,TARDE,VIAS URBANAS,NAO DISPONIVEL,AVENIDA SIQUEIRA CAMPOS,-21.6053596,-48.3685466,NAO DISPONIVEL,0,0,0,0,0,0,0,0,0,0,0,15.0,0,0,Sem vítimas,True
2400096,NOTIFICACAO,2024-09-29,2024,9,29,21:39,Domingo,NOITE,VIAS URBANAS,NAO DISPONIVEL,VIA VICENTE BARBOSA DA SILVA,-21.6416363,-48.3447269,OUTROS,0,0,0,0,0,0,0,0,0,0,0,21.0,0,0,Sem vítimas,True
2439792,NOTIFICACAO,2024-10-01,2024,10,1,07:36,Terça-feira,MANHA,VIAS URBANAS,NAO DISPONIVEL,AVENIDA SETE DE SETEMBRO,-21.6051156,-48.368058,NAO DISPONIVEL,0,0,0,0,0,0,0,0,0,0,0,7.0,0,0,Sem vítimas,False
2456901,SINISTRO FATAL,2024-10-03,2024,10,3,14:00,Quinta-feira,TARDE,VIAS URBANAS,PUBLICO,AVENIDA SEBASTIANA SILVEIRA MENDONCA,-21.5910979923,-48.3733177966,CHOQUE,0,0,1,0,0,0,0,1,0,0,0,14.0,1,1,Com óbito,False
2428951,NOTIFICACAO,2024-10-04,2024,10,4,21:51,Sexta-feira,NOITE,VIAS URBANAS,NAO DISPONIVEL,AVENIDA BALDAN,-21.6196651,-48.3577575,NAO DISPONIVEL,0,0,0,0,0,0,0,0,0,0,0,21.0,0,0,Sem vítimas,False
2433851,SINISTRO NAO FATAL,2024-10-06,2024,10,6,16:41,Domingo,TARDE,VIAS URBANAS,PUBLICO,AVENIDA JOSÉ CERQUEIRA,-21.5936283,-48.3778786,OUTROS,0,1,0,0,0,0,0,0,0,1,0,16.0,1,1,Com feridos leves,True
2456292,SINISTRO FATAL,2024-10-06,2024,10,6,05:30,Domingo,MADRUGADA,VIAS URBANAS,PUBLICO,AVENIDA PREFEITO LAERT JOSÉ TARALO MENDES,-21.6002049541,-48.372853311,CHOQUE,0,1,0,0,0,0,0,1,0,0,0,5.0,1,1,Com óbito,True
2409575,SINISTRO NAO FATAL,2024-10-07,2024,10,7,13:06,Segunda-feira,TARDE,ESTRADAS E RODOVIAS,PUBLICO,SP 310,-21.60111233,-48.38934804,OUTROS,0,1,0,0,0,0,0,0,1,0,0,13.0,1,1,Com feridos graves,False
2445145,NOTIFICACAO,2024-10-07,2024,10,7,08:20,Segunda-feira,MANHA,VIAS URBANAS,PRIVADO,AVENIDA SETE DE SETEMBRO,-21.6051156,-48.368058,ATROPELAMENTO,0,0,0,0,0,1,0,0,0,1,0,8.0,1,0,Com feridos leves,False
2445290,NOTIFICACAO,2024-10-07,2024,10,7,08:36,Segunda-feira,MANHA,VIAS URBANAS,NAO DISPONIVEL,AVENIDA SETE DE SETEMBRO,-21.6051156,-48.368058,NAO DISPONIVEL,0,0,0,0,0,0,0,0,0,0,0,8.0,0,0,Sem vítimas,False
2419132,NOTIFICACAO,2024-10-08,2024,10,8,18:18,Terça-feira,NOITE,VIAS URBANAS,NAO DISPONIVEL,RUA SINHARINHA FROTA,-21.6051156,-48.368058,NAO DISPONIVEL,0,0,0,0,0,0,0,0,0,0,0,18.0,0,0,Sem vítimas,False
2420317,NOTIFICACAO,2024-10-08,2024,10,8,18:37,Terça-feira,NOITE,VIAS URBANAS,NAO DISPONIVEL,AVENIDA SETE DE SETEMBRO,-21.6051156,-48.368058,NAO DISPONIVEL,0,0,0,0,0,0,0,0,0,0,0,18.0,0,0,Sem vítimas,False
2439344,NOTIFICACAO,2024-10-08,2024,10,8,07:37,Terça-feira,MANHA,VIAS URBANAS,NAO DISPONIVEL,RUA JOÃO PESSOA,-21.607119,-48.3534099,NAO DISPONIVEL,0,0,0,0,0,0,0,0,0,0,0,7.0,0,0,Sem vítimas,False
2441303,NOTIFICACAO,2024-10-08,2024,10,8,08:38,Terça-feira,MANHA,VIAS URBANAS,NAO DISPONIVEL,RUA SINHARINHA FROTA,-21.6051156,-48.368058,NAO DISPONIVEL,0,0,0,0,0,0,0,0,0,0,0,8.0,0,0,Sem vítimas,False
2455232,NOTIFICACAO,2024-10-09,2024,10,9,13:42,Quarta-feira,TARDE,VIAS URBANAS,PUBLICO,RUA SINHARINHA FROTA,-21.6051156,-48.368058,NAO DISPONIVEL,0,0,0,0,0,0,0,0,0,0,0,13.0,0,0,Sem vítimas,False
2433539,SINISTRO NAO FATAL,2024-10-10,2024,10,10,06:17,Quinta-feira,MANHA,VIAS URBANAS,PUBLICO,RUA SAO LOURENCO,-21.60150932,-48.36040515,NAO DISPONIVEL,0,1,0,0,0,0,0,0,0,1,0,6.0,1,1,Com feridos leves,False
2436970,SINISTRO NAO FATAL,2024-10-10,2024,10,10,07:08,Quinta-feira,MANHA,VIAS URBANAS,PUBLICO,AVENIDA PADRE NELSON ANTONIO ROMÃO,-21.6026967,-48.3619086,COLISAO,0,0,1,0,0,0,0,0,0,1,1,7.0,1,1,Com feridos leves,False
2445933,SINISTRO NAO FATAL,2024-10-10,2024,10,10,11:40,Quinta-feira,MANHA,VIAS URBANAS,PUBLICO,RUA UM,-21.6012678,-48.3613567,COLISAO,0,1,1,0,0,0,0,0,0,1,1,11.0,1,2,Com feridos leves,False
2412704,SINISTRO NAO FATAL,2024-10-11,2024,10,11,14:57,Sexta-feira,TARDE,VIAS URBANAS,PUBLICO,AV MARQUESAN,-21.59849374,-48.36298215,NAO DISPONIVEL,0,1,0,0,0,0,0,0,0,1,0,14.0,1,1,Com feridos leves,False
2413028,NOTIFICACAO,2024-10-11,2024,10,11,15:04,Sexta-feira,TARDE,VIAS URBANAS,NAO DISPONIVEL,AVENIDA JOÃO MARCHESAN,-21.6091981,-48.3796786,NAO DISPONIVEL,0,0,0,0,0,0,0,0,0,0,0,15.0,0,0,Sem vítimas,False
2426024,SINISTRO NAO FATAL,2024-10-11,2024,10,11,19:26,Sexta-feira,NOITE,VIAS URBANAS,PUBLICO,RUA ADELAR MACHADO,-21.59884358,-48.38909561,CHOQUE,0,1,0,0,0,0,0,0,0,1,0,19.0,1,1,Com feridos leves,False
2426733,NOTIFICACAO,2024-10-11,2024,10,11,19:40,Sexta-feira,NOITE,VIAS URBANAS,NAO DISPONIVEL,RUA ADELAR MACHADO,-21.5983787,-48.384056,NAO DISPONIVEL,0,0,0,0,0,0,0,0,0,0,0,19.0,0,0,Sem vítimas,False
2430766,SINISTRO NAO FATAL,2024-10-11,2024,10,11,21:08,Sexta-feira,NOITE,VIAS URBANAS,PUBLICO,RUA JOSÉ GONÇALVES,-21.6031282,-48.3905049,CHOQUE,0,0,2,0,0,0,0,0,0,1,1,21.0,1,2,Com feridos leves,False
2431262,SINISTRO NAO FATAL,2024-10-11,2024,10,11,21:18,Sexta-feira,NOITE,VIAS URBANAS,NAO DISPONIVEL,AVENIDA PADRE NELSON ANTONIO ROMÃO,-21.6102516,-48.3653224,COLISAO,0,0,1,0,0,0,0,0,0,1,2,21.0,1,1,Com feridos leves,False
2431464,NOTIFICACAO,2024-10-11,2024,10,11,21:27,Sexta-feira,NOITE,VIAS URBANAS,NAO DISPONIVEL,AVENIDA BALDAN,-21.6148355,-48.3673949,NAO DISPONIVEL,0,0,0,0,0,0,0,0,0,0,0,21.0,0,0,Sem vítimas,False
2438502,NOTIFICACAO,2024-10-11,2024,10,11,06:41,Sexta-feira,MANHA,VIAS URBANAS,NAO DISPONIVEL,PORTARIA DA CITROSUCO,-21.59849374,-48.36298215,OUTROS,0,0,0,0,0,0,0,0,0,0,0,6.0,0,0,Sem vítimas,False
2455063,SINISTRO NAO FATAL,2024-10-11,2024,10,11,13:08,Sexta-feira,TARDE,VIAS URBANAS,PUBLICO,RUA VEREADOR ALDO GORGATTI,-21.6259197,-48.3529923,COLISAO,0,0,1,0,0,0,0,0,0,1,1,13.0,1,1,Com feridos leves,False
2420883,NOTIFICACAO,2024-10-12,2024,10,12,14:45,Sábado,TARDE,VIAS URBANAS,NAO DISPONIVEL,RUA SINHARINHA FROTA,-21.6051156,-48.368058,NAO DISPONIVEL,0,0,0,0,0,0,0,0,0,0,0,14.0,0,0,Sem vítimas,True
2430332,SINISTRO NAO FATAL,2024-10-12,2024,10,12,17:58,Sábado,TARDE,VIAS URBANAS,PUBLICO,RUA ALEXANDRE DOS SANTOS PÍRES,-21.6218705,-48.3541064,COLISAO,0,1,1,0,0,0,0,0,0,1,1,17.0,1,2,Com feridos leves,True
2435775,SINISTRO NAO FATAL,2024-10-13,2024,10,13,20:09,Domingo,NOITE,ESTRADAS E RODOVIAS,NAO DISPONIVEL,SP 310,-21.59849374,-48.36298215,COLISAO,0,0,1,0,1,0,1,0,0,1,2,20.0,1,3,Com feridos leves,True
2435841,NOTIFICACAO,2024-10-13,2024,10,13,20:13,Domingo,NOITE,VIAS URBANAS,NAO DISPONIVEL,AVENIDA ARARAQUARA,-21.6074164,-48.3585598,NAO DISPONIVEL,0,0,0,0,0,0,0,0,0,0,0,20.0,0,0,Sem vítimas,True
2421801,NOTIFICACAO,2024-10-15,2024,10,15,18:43,Terça-feira,NOITE,VIAS URBANAS,NAO DISPONIVEL,RUA SÃO LOURENÇO,-21.6027767,-48.3535113,OUTROS,0,0,0,0,0,0,0,0,0,0,0,18.0,0,0,Sem vítimas,False
2413241,SINISTRO NAO FATAL,2024-10-17,2024,10,17,14:29,Quinta-feira,TARDE,VIAS URBANAS,PUBLICO,AVENIDA SALDANHA DA GAMA,-21.5980831,-48.3681167,COLISAO,0,1,1,0,0,0,0,0,0,1,1,14.0,1,2,Com feridos leves,False
2441968,NOTIFICACAO,2024-10-17,2024,10,17,00:00,Quinta-feira,MADRUGADA,VIAS URBANAS,PUBLICO,RUA SINHARINHA FROTA,-21.6051156,-48.368058,OUTROS,0,0,0,0,0,0,0,0,0,0,0,0.0,0,0,Sem vítimas,False
2453984,NOTIFICACAO,2024-10-17,2024,10,17,11:54,Quinta-feira,MANHA,VIAS URBANAS,NAO DISPONIVEL,AVENIDA SETE DE SETEMBRO,-21.6051156,-48.368058,NAO DISPONIVEL,0,0,0,0,0,0,0,0,0,0,0,11.0,0,0,Sem vítimas,False
2411962,SINISTRO NAO FATAL,2024-10-19,2024,10,19,12:31,Sábado,TARDE,VIAS URBANAS,PRIVADO,AVENIDA UM,-21.6373001,-48.3435415,COLISAO,0,1,1,0,0,0,0,0,0,1,1,12.0,1,2,Com feridos leves,True
2421309,SINISTRO NAO FATAL,2024-10-21,2024,10,21,01:20,Segunda-feira,MADRUGADA,VIAS URBANAS,PUBLICO,RUA RUI BARBOSA,-21.5981338,-48.3753632,COLISAO,0,1,1,0,0,0,0,0,0,2,1,1.0,2,2,Com feridos leves,False
2422737,NOTIFICACAO,2024-10-21,2024,10,21,01:23,Segunda-feira,MADRUGADA,VIAS URBANAS,NAO DISPONIVEL,AVENIDA CAMPOS SALLES,-21.6018058,-48.3681172,NAO DISPONIVEL,0,0,0,0,0,0,0,0,0,0,0,1.0,0,0,Sem vítimas,False
2421438,SINISTRO NAO FATAL,2024-10-22,2024,10,22,19:14,Terça-feira,NOITE,VIAS URBANAS,PUBLICO,RUA RUI BARBOSA,-21.5981338,-48.3753632,COLISAO,0,0,1,0,0,0,0,0,0,1,0,19.0,1,1,Com feridos leves,False
2424860,SINISTRO NAO FATAL,2024-10-22,2024,10,22,20:30,Terça-feira,NOITE,VIAS URBANAS,PUBLICO,AVENIDA BALDAN,-21.6148473,-48.3673696,CHOQUE,0,0,1,0,0,0,0,0,0,1,0,20.0,1,1,Com feridos leves,False
2450796,NOTIFICACAO,2024-10-22,2024,10,22,12:36,Terça-feira,TARDE,VIAS URBANAS,NAO DISPONIVEL,RUA ELIAS RAIMUNDO DE BRITO,-21.6208234,-48.344796,NAO DISPONIVEL,0,0,0,0,0,0,0,0,0,0,0,12.0,0,0,Sem vítimas,False
2418874,NOTIFICACAO,2024-10-23,2024,10,23,17:37,Quarta-feira,TARDE,VIAS URBANAS,NAO DISPONIVEL,RUA SINHARINHA FROTA,-21.6051156,-48.368058,ATROPELAMENTO,0,0,0,0,0,0,0,0,0,0,0,17.0,0,0,Sem vítimas,False
2412302,SINISTRO NAO FATAL,2024-10-26,2024,10,26,10:00,Sábado,MANHA,VIAS URBANAS,PUBLICO,RUA SÃO LOURENÇO,-21.598973,-48.3663346,COLISAO,0,1,1,0,0,0,0,0,0,1,1,10.0,1,2,Com feridos leves,True
2412653,NOTIFICACAO,2024-10-26,2024,10,26,10:07,Sábado,MANHA,VIAS URBANAS,NAO DISPONIVEL,AVENIDA 28 DE AGOSTO,-21.6003249,-48.3633563,OUTROS,0,0,0,0,0,0,0,0,0,0,0,10.0,0,0,Sem vítimas,True
2414419,NOTIFICACAO,2024-10-26,2024,10,26,10:46,Sábado,MANHA,VIAS URBANAS,NAO DISPONIVEL,AVENIDA JOSÉ FROTA,-21.6193228,-48.3747285,NAO DISPONIVEL,0,0,0,0,0,0,0,0,0,0,0,10.0,0,0,Sem vítimas,True
2433777,SINISTRO NAO FATAL,2024-10-26,2024,10,26,19:07,Sábado,NOITE,VIAS URBANAS,PUBLICO,AVENIDA JOSÉ CERQUEIRA,-21.59127709,-48.37369929,COLISAO,0,1,0,0,0,0,0,0,0,1,0,19.0,1,1,Com feridos leves,True
2429835,NOTIFICACAO,2024-10-27,2024,10,27,16:26,Domingo,TARDE,VIAS URBANAS,NAO DISPONIVEL,AVENIDA SETE DE SETEMBRO,-21.6051156,-48.368058,OUTROS,0,0,0,0,0,0,0,0,0,0,0,16.0,0,0,Sem vítimas,True
2445830,SINISTRO NAO FATAL,2024-10-28,2024,10,28,09:12,Segunda-feira,MANHA,VIAS URBANAS,PUBLICO,RUA SÃO LOURENÇO,-21.593436,-48.379974,COLISAO,0,1,1,0,0,0,0,0,0,2,0,9.0,2,2,Com feridos leves,False
2423053,SINISTRO NAO FATAL,2024-10-29,2024,10,29,19:50,Terça-feira,NOITE,ESTRADAS E RODOVIAS,PUBLICO,SP 310,-21.62300221,-48.34153801,COLISAO,0,0,0,0,2,0,0,0,1,0,1,19.0,1,2,Com feridos graves,False
2418925,NOTIFICACAO,2024-10-30,2024,10,30,18:40,Quarta-feira,NOITE,VIAS URBANAS,NAO DISPONIVEL,AVENIDA SIQUEIRA CAMPOS,-21.6053596,-48.3685466,NAO DISPONIVEL,0,0,0,0,0,0,0,0,0,0,0,18.0,0,0,Sem vítimas,False
2449020,SINISTRO NAO FATAL,2024-10-30,2024,10,30,11:44,Quarta-feira,MANHA,VIAS URBANAS,NAO DISPONIVEL,RUA VITÓRIO PINOTI,-21.6008494,-48.387157,COLISAO,0,0,2,0,0,0,0,0,0,0,2,11.0,0,2,Sem vítimas,False
2442848,SINISTRO NAO FATAL,2024-10-31,2024,10,31,08:54,Quinta-feira,MANHA,VIAS URBANAS,PUBLICO,AVENIDA LUDWIG ECKES,-21.6009448,-48.3851728,OUTROS,0,1,0,0,0,0,0,0,0,1,0,8.0,1,1,Com feridos leves,False
2414907,SINISTRO NAO FATAL,2024-11-01,2024,11,1,16:33,Sexta-feira,TARDE,VIAS URBANAS,NAO DISPONIVEL,RUA JOSÉ GONÇALVES,-21.6026211,-48.3983773,COLISAO,0,0,2,0,0,0,0,0,0,0,2,16.0,0,2,Sem vítimas,False
2456520,SINISTRO FATAL,2024-11-01,2024,11,1,18:44,Sexta-feira,NOITE,VIAS URBANAS,PUBLICO,AVENIDA LUDWIG ECKES,-21.6001379056,-48.3840835687,COLISAO,0,1,0,0,0,0,0,1,0,0,0,18.0,1,1,Com óbito,False
2440748,NOTIFICACAO,2024-11-03,2024,11,3,01:39,Domingo,MADRUGADA,VIAS URBANAS,PUBLICO,RUA SINHARINHA FROTA,-21.6051156,-48.368058,ATROPELAMENTO,0,0,0,0,0,0,0,0,0,0,0,1.0,0,0,Sem vítimas,True
2446576,SINISTRO NAO FATAL,2024-11-03,2024,11,3,03:42,Domingo,MADRUGADA,VIAS URBANAS,PUBLICO,RUA SINHARINHA FROTA,-21.6115285,-48.3537122,COLISAO,0,0,1,0,0,0,0,0,0,1,2,3.0,1,1,Com feridos leves,True
2450664,SINISTRO NAO FATAL,2024-11-03,2024,11,3,06:23,Domingo,MANHA,VIAS URBANAS,PUBLICO,AVENIDA JOSÉ CERQUEIRA,-21.5936283,-48.3778786,OUTROS,0,0,1,0,0,0,0,0,1,0,0,6.0,1,1,Com feridos graves,True
2453578,NOTIFICACAO,2024-11-03,2024,11,3,07:35,Domingo,MANHA,VIAS URBANAS,NAO DISPONIVEL,RUA SINHARINHA FROTA,-21.6051156,-48.368058,NAO DISPONIVEL,0,0,0,0,0,0,0,0,0,0,0,7.0,0,0,Sem vítimas,True
2452319,NOTIFICACAO,2024-11-05,2024,11,5,13:11,Terça-feira,TARDE,VIAS URBANAS,NAO DISPONIVEL,BR364,-21.62286,-48.3357894,OUTROS,0,0,0,0,0,0,0,0,0,0,0,13.0,0,0,Sem vítimas,False
2453546,NOTIFICACAO,2024-11-06,2024,11,6,12:22,Quarta-feira,TARDE,VIAS URBANAS,NAO DISPONIVEL,AVENIDA 15 DE NOVEMBRO,-21.588083,-48.357765,OUTROS,0,0,0,0,0,0,0,0,0,0,0,12.0,0,0,Sem vítimas,False
2427567,NOTIFICACAO,2024-11-08,2024,11,8,21:56,Sexta-feira,NOITE,VIAS URBANAS,NAO DISPONIVEL,RUA JOSÉ GONÇALVES,-21.6041585,-48.3825668,NAO DISPONIVEL,0,0,0,0,0,0,0,0,0,0,0,21.0,0,0,Sem vítimas,False
2428777,SINISTRO NAO FATAL,2024-11-08,2024,11,8,22:25,Sexta-feira,NOITE,VIAS URBANAS,PUBLICO,AVENIDA SÃO PAULO,-21.6025984,-48.3526504,COLISAO,0,1,1,0,0,0,0,0,0,1,1,22.0,1,2,Com feridos leves,False
2431987,SINISTRO NAO FATAL,2024-11-10,2024,11,10,16:55,Domingo,TARDE,VIAS URBANAS,PUBLICO,AVENIDA LUDWIG ECKES,-21.58812,-48.3779671,COLISAO,0,1,1,0,0,0,0,0,0,1,1,16.0,1,2,Com feridos leves,True
2432733,NOTIFICACAO,2024-11-10,2024,11,10,17:26,Domingo,TARDE,VIAS URBANAS,NAO DISPONIVEL,RUA SINHARINHA FROTA,-21.6051156,-48.368058,NAO DISPONIVEL,0,0,0,0,0,0,0,0,0,0,0,17.0,0,0,Sem vítimas,True
2430684,NOTIFICACAO,2024-11-11,2024,11,11,22:50,Segunda-feira,NOITE,VIAS URBANAS,NAO DISPONIVEL,USINA BONFIM,-21.68865228,-48.33856218,NAO DISPONIVEL,0,0,0,0,0,0,0,0,0,0,0,22.0,0,0,Sem vítimas,False
2436013,NOTIFICACAO,2024-11-12,2024,11,12,06:40,Terça-feira,MANHA,VIAS URBANAS,NAO DISPONIVEL,AVENIDA ANTONIO TANAKA,-21.6198789,-48.3709425,ATROPELAMENTO,0,0,0,0,0,0,0,0,0,0,0,6.0,0,0,Sem vítimas,False
2456437,SINISTRO FATAL,2024-11-12,2024,11,12,07:00,Terça-feira,MANHA,VIAS URBANAS,PUBLICO,AVENIDA ANTONIO TANAKA,-21.6186554015,-48.3705543666,ATROPELAMENTO,0,1,0,0,0,1,0,1,0,0,0,7.0,1,1,Com óbito,False
2424287,SINISTRO NAO FATAL,2024-11-14,2024,11,14,19:56,Quinta-feira,NOITE,VIAS URBANAS,PUBLICO,RUA SÃO LOURENÇO,-21.593436,-48.379974,COLISAO,0,0,2,0,0,0,0,0,0,2,1,19.0,2,2,Com feridos leves,False
2441123,SINISTRO NAO FATAL,2024-11-14,2024,11,14,08:15,Quinta-feira,MANHA,ESTRADAS E RODOVIAS,PUBLICO,SP 310,-21.54710894,-48.49468058,OUTROS,0,0,1,0,1,0,1,0,0,1,1,8.0,1,3,Com feridos leves,False
2456554,SINISTRO FATAL,2024-11-15,2024,11,15,20:29,Sexta-feira,NOITE,VIAS URBANAS,PUBLICO,AVENIDA BALDAN,-21.6208186,-48.3552164589,CHOQUE,0,1,0,0,0,0,0,1,0,0,0,20.0,1,1,Com óbito,False
2409645,NOTIFICACAO,2024-11-18,2024,11,18,13:44,Segunda-feira,TARDE,VIAS URBANAS,NAO DISPONIVEL,AVENIDA VEREADOR ALBINO JOÃO BALDAN,-21.6318712,-48.3373178,NAO DISPONIVEL,0,0,0,0,0,0,0,0,0,0,0,13.0,0,0,Sem vítimas,False
2410974,NOTIFICACAO,2024-11-18,2024,11,18,14:20,Segunda-feira,TARDE,VIAS URBANAS,NAO DISPONIVEL,RUA SINHARINHA FROTA,-21.6051156,-48.368058,NAO DISPONIVEL,0,0,0,0,0,0,0,0,0,0,0,14.0,0,0,Sem vítimas,False
2444160,SINISTRO NAO FATAL,2024-11-18,2024,11,18,08:09,Segunda-feira,MANHA,VIAS URBANAS,NAO DISPONIVEL,AVENIDA TROLESI,-21.6096768,-48.3516058,COLISAO,0,1,0,0,1,0,0,0,0,1,1,8.0,1,2,Com feridos leves,False
2419405,SINISTRO NAO FATAL,2024-11-20,2024,11,20,15:02,Quarta-feira,TARDE,VIAS URBANAS,PUBLICO,AVENIDA LUDWIG ECKES,-21.5975762,-48.3825356,OUTROS,0,1,0,0,0,0,0,0,0,1,0,15.0,1,1,Com feridos leves,False
2416943,SINISTRO NAO FATAL,2024-11-21,2024,11,21,17:18,Quinta-feira,TARDE,VIAS URBANAS,PUBLICO,RUA JOSÉ GONÇALVES,-21.6041585,-48.3825668,OUTROS,0,0,3,0,0,0,0,0,0,3,0,17.0,3,3,Com feridos leves,False
2412561,NOTIFICACAO,2024-11-22,2024,11,22,15:23,Sexta-feira,TARDE,VIAS URBANAS,NAO DISPONIVEL,RUA MARLENE DAVID DOS SANTOS,-21.6263486,-48.3370198,NAO DISPONIVEL,0,0,0,0,0,0,0,0,0,0,0,15.0,0,0,Sem vítimas,False
2412597,SINISTRO NAO FATAL,2024-11-22,2024,11,22,15:24,Sexta-feira,TARDE,VIAS URBANAS,NAO DISPONIVEL,RUA MARLENE DAVID DOS SANTOS,-21.6307546,-48.3443102,COLISAO,0,1,1,0,0,0,0,0,0,1,2,15.0,1,2,Com feridos leves,False
2433896,NOTIFICACAO,2024-11-23,2024,11,23,20:54,Sábado,NOITE,ESTRADAS E RODOVIAS,NAO DISPONIVEL,SP 310,-21.53065572,-48.51858279,OUTROS,0,0,0,0,0,0,0,0,0,0,0,20.0,0,0,Sem vítimas,True
2440619,NOTIFICACAO,2024-11-23,2024,11,23,02:52,Sábado,MADRUGADA,VIAS URBANAS,NAO DISPONIVEL,RUA FAUSTINO SILVA,-21.6069597,-48.3967734,OUTROS,0,0,0,0,0,0,0,0,0,0,0,2.0,0,0,Sem vítimas,True
2455934,NOTIFICACAO,2024-11-24,2024,11,24,07:49,Domingo,MANHA,VIAS URBANAS,NAO DISPONIVEL,AVENIDA CAMPOS SALLES,-21.6018058,-48.3681172,OUTROS,0,0,0,0,0,0,0,0,0,0,0,7.0,0,0,Sem vítimas,True
2439158,NOTIFICACAO,2024-11-25,2024,11,25,05:00,Segunda-feira,MADRUGADA,VIAS URBANAS,NAO DISPONIVEL,AVENIDA VINTE E OITO DE AGOSTO,-21.5991067,-48.36104373,OUTROS,0,0,0,0,0,0,0,0,0,0,0,5.0,0,0,Sem vítimas,False
2441776,NOTIFICACAO,2024-11-25,2024,11,25,07:30,Segunda-feira,MANHA,VIAS URBANAS,NAO DISPONIVEL,RUA SINHARINHA FROTA,-21.6051156,-48.368058,NAO DISPONIVEL,0,0,0,0,0,0,0,0,0,0,0,7.0,0,0,Sem vítimas,False
2420834,SINISTRO NAO FATAL,2024-11-27,2024,11,27,18:59,Quarta-feira,NOITE,VIAS URBANAS,PUBLICO,AVENIDA 15 DE NOVEMBRO,-21.5974591,-48.362416,NAO DISPONIVEL,0,1,1,0,0,0,0,0,1,0,1,18.0,1,2,Com feridos graves,False
2439797,NOTIFICACAO,2024-11-27,2024,11,27,07:21,Quarta-feira,MANHA,VIAS URBANAS,NAO DISPONIVEL,RUA SINHARINHA FROTA,-21.6051156,-48.368058,NAO DISPONIVEL,0,0,0,0,0,0,0,0,0,0,0,7.0,0,0,Sem vítimas,False
2443633,SINISTRO NAO FATAL,2024-11-27,2024,11,27,09:23,Quarta-feira,MANHA,VIAS URBANAS,PUBLICO,RUA SINHARINHA FROTA,-21.6051156,-48.368058,CHOQUE,0,0,1,0,0,0,0,0,1,0,1,9.0,1,1,Com feridos graves,False
2413234,SINISTRO NAO FATAL,2024-11-28,2024,11,28,15:59,Quinta-feira,TARDE,VIAS URBANAS,PUBLICO,RUA SANTA CATARINA,-21.5957402,-48.3508135,COLISAO,0,1,1,0,0,0,0,0,0,2,1,15.0,2,2,Com feridos leves,False
2440204,NOTIFICACAO,2024-11-28,2024,11,28,07:08,Quinta-feira,MANHA,VIAS URBANAS,NAO DISPONIVEL,RUA RUI BARBOSA,-21.6018679,-48.3681636,OUTROS,0,0,0,0,0,0,0,0,0,0,0,7.0,0,0,Sem vítimas,False
2444982,SINISTRO NAO FATAL,2024-11-28,2024,11,28,09:03,Quinta-feira,MANHA,VIAS URBANAS,NAO DISPONIVEL,RUA CESÁRIO MOTTA,-21.6017195,-48.3729831,COLISAO,0,1,1,0,0,0,0,0,0,1,1,9.0,1,2,Com feridos leves,False
2445537,NOTIFICACAO,2024-11-28,2024,11,28,09:29,Quinta-feira,MANHA,VIAS URBANAS,NAO DISPONIVEL,AVENIDA MARIA CAMPOS SALTO,-21.5900639,-48.3659967,OUTROS,0,0,0,0,0,0,0,0,0,0,0,9.0,0,0,Sem vítimas,False
2452032,NOTIFICACAO,2024-11-28,2024,11,28,12:36,Quinta-feira,TARDE,VIAS URBANAS,NAO DISPONIVEL,AVENIDA UM,-21.6373001,-48.3435415,NAO DISPONIVEL,0,0,0,0,0,0,0,0,0,0,0,12.0,0,0,Sem vítimas,False
2453239,NOTIFICACAO,2024-11-28,2024,11,28,12:54,Quinta-feira,TARDE,VIAS URBANAS,NAO DISPONIVEL,RUA SINHARINHA FROTA,-21.6027601,-48.3721373,NAO DISPONIVEL,0,0,0,0,0,0,0,0,0,0,0,12.0,0,0,Sem vítimas,False
2454765,NOTIFICACAO,2024-11-28,2024,11,28,13:15,Quinta-feira,TARDE,VIAS URBANAS,NAO DISPONIVEL,RUA RUI BARBOSA,-21.5981338,-48.3753632,NAO DISPONIVEL,0,0,0,0,0,0,0,0,0,0,0,13.0,0,0,Sem vítimas,False
2423539,NOTIFICACAO,2024-11-29,2024,11,29,19:10,Sexta-feira,NOITE,VIAS URBANAS,NAO DISPONIVEL,VIA CLITO BASTIA,-21.6356122,-48.3035992,OUTROS,0,0,0,0,0,0,0,0,0,0,0,19.0,0,0,Sem vítimas,False
2456313,SINISTRO FATAL,2024-11-29,2024,11,29,19:01,Sexta-feira,NOITE,VIAS URBANAS,PUBLICO,VIA CLITO BASTIA,-21.6356180939,-48.3036068604,COLISAO,0,1,1,0,0,0,0,1,0,0,0,19.0,1,2,Com óbito,False
2426931,NOTIFICACAO,2024-12-01,2024,12,1,15:11,Domingo,TARDE,VIAS URBANAS,NAO DISPONIVEL,RUA SINHARINHA FROTA,-21.6051156,-48.368058,OUTROS,0,0,0,0,0,0,0,0,0,0,0,15.0,0,0,Sem vítimas,True
2429144,SINISTRO NAO FATAL,2024-12-01,2024,12,1,16:05,Domingo,TARDE,VIAS URBANAS,PUBLICO,VIA AUGUSTO BAMBOZZI,-21.6272785,-48.3830186,COLISAO,0,0,1,0,0,0,0,0,0,1,1,16.0,1,1,Com feridos leves,True
2432075,SINISTRO NAO FATAL,2024-12-01,2024,12,1,17:24,Domingo,TARDE,VIAS URBANAS,PUBLICO,RUA MAJOR JOAQUIM GABRIEL DE CARVALHO,-21.5950959,-48.3675554,COLISAO,0,1,1,0,0,0,0,0,0,0,2,17.0,0,2,Sem vítimas,True
2419894,SINISTRO NAO FATAL,2024-12-02,2024,12,2,17:10,Segunda-feira,TARDE,VIAS URBANAS,PUBLICO,AVENIDA SIQUEIRA CAMPOS,-21.6079607,-48.3699508,COLISAO,0,1,1,0,0,0,0,0,0,1,1,17.0,1,2,Com feridos leves,False
2455787,SINISTRO NAO FATAL,2024-12-06,2024,12,6,13:28,Sexta-feira,TARDE,VIAS URBANAS,PUBLICO,AVENIDA CÁSSIO BOTTURA,-21.62178,-48.3441434,OUTROS,0,1,1,0,0,0,0,0,0,1,1,13.0,1,2,Com feridos leves,False
2431109,NOTIFICACAO,2024-12-07,2024,12,7,17:56,Sábado,TARDE,VIAS URBANAS,NAO DISPONIVEL,AVENIDA SIQUEIRA CAMPOS,-21.6053596,-48.3685466,NAO DISPONIVEL,0,0,0,0,0,0,0,0,0,0,0,17.0,0,0,Sem vítimas,True
2522207,SINISTRO NAO FATAL,2024-12-07,2024,12,7,22:00,Sábado,NOITE,VIAS URBANAS,PUBLICO,RUA RUI BARBOSA,-21.5981338,-48.3753632,CHOQUE,0,0,1,0,0,0,0,0,1,0,0,22.0,1,1,Com feridos graves,True
2454117,SINISTRO NAO FATAL,2024-12-08,2024,12,8,07:36,Domingo,MANHA,VIAS URBANAS,PUBLICO,AVENIDA VEREADOR ALBINO JOÃO BALDAN,-21.60239779,-48.36604331,OUTROS,0,0,1,0,0,0,0,0,0,1,0,7.0,1,1,Com feridos leves,True
2418298,SINISTRO NAO FATAL,2024-12-10,2024,12,10,18:01,Terça-feira,NOITE,VIAS URBANAS,PUBLICO,RUA OTÁVIO BARBOSA DA SILVA,-21.5944522,-48.3443295,COLISAO,1,0,1,0,0,0,0,0,0,1,1,18.0,1,2,Com feridos leves,False
2420629,NOTIFICACAO,2024-12-13,2024,12,13,18:11,Sexta-feira,NOITE,VIAS URBANAS,PUBLICO,RUA SÃO LOURENÇO,-21.6032609,-48.3485547,OUTROS,0,0,0,0,0,0,0,0,0,0,0,18.0,0,0,Sem vítimas,False
2429571,SINISTRO NAO FATAL,2024-12-13,2024,12,13,21:20,Sexta-feira,NOITE,ESTRADAS E RODOVIAS,PUBLICO,SP 310,-21.6347091,-48.4000264,OUTROS,0,1,0,0,0,0,0,0,0,1,0,21.0,1,1,Com feridos leves,False
2413587,SINISTRO NAO FATAL,2024-12-14,2024,12,14,11:46,Sábado,MANHA,VIAS URBANAS,PUBLICO,AVENIDA SETE DE SETEMBRO,-21.59364,-48.361839,COLISAO,0,1,1,0,0,0,0,0,1,1,1,11.0,2,2,Com feridos graves,True
2418506,SINISTRO NAO FATAL,2024-12-18,2024,12,18,18:11,Quarta-feira,NOITE,VIAS URBANAS,PUBLICO,RUA JOSE TEODOLO RODRIGUES,-21.59849374,-48.36298215,ATROPELAMENTO,0,0,1,0,0,1,0,0,0,1,1,18.0,1,1,Com feridos leves,False
2420858,SINISTRO NAO FATAL,2024-12-18,2024,12,18,19:01,Quarta-feira,NOITE,VIAS URBANAS,PUBLICO,AVENIDA SÃO PAULO,-21.59562,-48.3512757,ATROPELAMENTO,0,0,1,0,0,2,0,0,0,1,2,19.0,1,1,Com feridos leves,False
2421359,NOTIFICACAO,2024-12-18,2024,12,18,19:02,Quarta-feira,NOITE,VIAS URBANAS,NAO DISPONIVEL,AVENIDA SÃO PAULO,-21.6025984,-48.3526504,ATROPELAMENTO,0,0,0,0,0,0,0,0,0,0,0,19.0,0,0,Sem vítimas,False
2411121,NOTIFICACAO,2024-12-20,2024,12,20,13:37,Sexta-feira,TARDE,VIAS URBANAS,NAO DISPONIVEL,AVENIDA SETE DE SETEMBRO,-21.605776,-48.3677338,NAO DISPONIVEL,0,0,0,0,0,0,0,0,0,0,0,13.0,0,0,Sem vítimas,False
2431528,NOTIFICACAO,2024-12-20,2024,12,20,21:33,Sexta-feira,NOITE,VIAS URBANAS,NAO DISPONIVEL,AVENIDA UM,-21.6373001,-48.3435415,NAO DISPONIVEL,0,0,0,0,0,0,0,0,0,0,0,21.0,0,0,Sem vítimas,False
2432077,NOTIFICACAO,2024-12-20,2024,12,20,21:50,Sexta-feira,NOITE,VIAS URBANAS,NAO DISPONIVEL,AVENIDA FRANCISCO MALZONI,-21.6090565,-48.3639902,OUTROS,0,0,0,0,0,0,0,0,0,0,0,21.0,0,0,Sem vítimas,False
2432630,SINISTRO NAO FATAL,2024-12-20,2024,12,20,02:07,Sexta-feira,MADRUGADA,VIAS URBANAS,PUBLICO,AVENIDA FRANCISCO MASTROPIETRO,-21.5946194,-48.3450174,OUTROS,0,1,0,0,0,0,0,0,1,0,0,2.0,1,1,Com feridos graves,False
2452864,NOTIFICACAO,2024-12-20,2024,12,20,11:48,Sexta-feira,MANHA,VIAS URBANAS,NAO DISPONIVEL,RUA SINHARINHA FROTA,-21.6051156,-48.368058,NAO DISPONIVEL,0,0,0,0,0,0,0,0,0,0,0,11.0,0,0,Sem vítimas,False
2455746,NOTIFICACAO,2024-12-20,2024,12,20,12:31,Sexta-feira,TARDE,VIAS URBANAS,NAO DISPONIVEL,RUA ENZO CASTELANI,-21.5910316,-48.3579783,OUTROS,0,0,0,0,0,0,0,0,0,0,0,12.0,0,0,Sem vítimas,False
2442755,SINISTRO NAO FATAL,2024-12-21,2024,12,21,03:29,Sábado,MADRUGADA,VIAS URBANAS,PUBLICO,AVENIDA 15 DE NOVEMBRO,-21.588083,-48.357765,COLISAO,0,1,1,0,0,0,0,0,0,1,1,3.0,1,2,Com feridos leves,True
2433035,SINISTRO NAO FATAL,2024-12-22,2024,12,22,18:00,Domingo,NOITE,VIAS URBANAS,PUBLICO,RUA BAHIA,-21.595032,-48.344213,ATROPELAMENTO,0,0,1,0,0,2,0,0,1,0,2,18.0,1,1,Com feridos graves,True
2452648,SINISTRO NAO FATAL,2024-12-23,2024,12,23,10:17,Segunda-feira,MANHA,VIAS URBANAS,PUBLICO,RUA DOIS,-21.60355721,-48.38907656,COLISAO,1,0,1,0,0,0,0,0,0,2,0,10.0,2,2,Com feridos leves,False
2453265,NOTIFICACAO,2024-12-23,2024,12,23,10:25,Segunda-feira,MANHA,VIAS URBANAS,NAO DISPONIVEL,AVENIDA BRASIL,-21.587684,-48.351397,NAO DISPONIVEL,0,0,0,0,0,0,0,0,0,0,0,10.0,0,0,Sem vítimas,False
2453572,SINISTRO NAO FATAL,2024-12-23,2024,12,23,10:40,Segunda-feira,MANHA,VIAS URBANAS,PUBLICO,AVENIDA VEREADOR ALBINO JOÃO BALDAN,-21.6319493,-48.3373217,COLISAO,0,1,1,0,0,0,0,0,0,1,1,10.0,1,2,Com feridos leves,False
2454778,NOTIFICACAO,2024-12-23,2024,12,23,11:11,Segunda-feira,MANHA,VIAS URBANAS,NAO DISPONIVEL,AVENIDA SETE DE SETEMBRO,-21.6051156,-48.368058,NAO DISPONIVEL,0,0,0,0,0,0,0,0,0,0,0,11.0,0,0,Sem vítimas,False
2438747,SINISTRO NAO FATAL,2024-12-25,2024,12,25,19:43,Quarta-feira,NOITE,VIAS URBANAS,PUBLICO,AVENIDA BALDAN,-21.6132844,-48.3719068,COLISAO,0,1,1,0,0,0,0,0,0,1,1,19.0,1,2,Com feridos leves,False
2434558,NOTIFICACAO,2024-12-29,2024,12,29,20:42,Domingo,NOITE,VIAS URBANAS,NAO DISPONIVEL,AVENIDA JOAO ANTONIO MARTINS,-21.60488347,-48.35313648,OUTROS,0,0,0,0,0,0,0,0,0,0,0,20.0,0,0,Sem vítimas,True
2434566,NOTIFICACAO,2024-12-29,2024,12,29,20:39,Domingo,NOITE,VIAS URBANAS,NAO DISPONIVEL,AVENIDA SÃO PAULO,-21.589518,-48.349918,OUTROS,0,0,0,0,0,0,0,0,0,0,0,20.0,0,0,Sem vítimas,True
2434658,NOTIFICACAO,2024-12-29,2024,12,29,20:45,Domingo,NOITE,ESTRADAS E RODOVIAS,NAO DISPONIVEL,SP 310,-21.59674739,-48.43654568,NAO DISPONIVEL,0,0,0,0,0,0,0,0,0,0,0,20.0,0,0,Sem vítimas,True
2517460,NOTIFICACAO,2025-01-01,2025,1,1,19:56,Quarta-feira,NOITE,VIAS URBANAS,NAO DISPONIVEL,SAIDA MATAO PARA MOTUCA,,,OUTROS,0,0,0,0,0,0,0,0,0,0,0,19.0,0,0,Sem vítimas,False
2515137,SINISTRO NAO FATAL,2025-01-05,2025,1,5,17:38,Domingo,TARDE,VIAS URBANAS,PUBLICO,RUA ITAPOLIS,-21.6115096,-48.3557364,ATROPELAMENTO,0,0,1,0,0,2,0,0,0,1,2,17.0,1,1,Com feridos leves,True
2527646,SINISTRO NAO FATAL,2025-01-05,2025,1,5,10:56,Domingo,MANHA,VIAS URBANAS,PUBLICO,AVENIDA 15 DE NOVEMBRO,-21.5972299,-48.3619856,COLISAO,0,1,1,0,0,0,0,0,0,1,1,10.0,1,2,Com feridos leves,True
2526598,NOTIFICACAO,2025-01-06,2025,1,6,12:00,Segunda-feira,TARDE,VIAS URBANAS,NAO DISPONIVEL,RUA SINHARINHA FROTA,-21.6052791,-48.3678239,NAO DISPONIVEL,0,0,0,0,0,0,0,0,0,0,0,12.0,0,0,Sem vítimas,False
2542708,SINISTRO NAO FATAL,2025-01-06,2025,1,6,11:38,Segunda-feira,MANHA,VIAS URBANAS,PUBLICO,RUA SINHARINHA FROTA,-21.6001825,-48.3780761,COLISAO,1,1,0,0,0,0,0,0,0,2,0,11.0,2,2,Com feridos leves,False
2521499,NOTIFICACAO,2025-01-07,2025,1,7,08:22,Terça-feira,MANHA,VIAS URBANAS,NAO DISPONIVEL,RUA SINHARINHA FROTA,-21.6052791,-48.3678239,NAO DISPONIVEL,0,0,0,0,0,0,0,0,0,0,0,8.0,0,0,Sem vítimas,False
2534378,NOTIFICACAO,2025-01-07,2025,1,7,23:25,Terça-feira,NOITE,VIAS URBANAS,NAO DISPONIVEL,BRIGADEIRO FARIA LIMA,,,NAO DISPONIVEL,0,0,0,0,0,0,0,0,0,0,0,23.0,0,0,Sem vítimas,False
2510374,SINISTRO NAO FATAL,2025-01-09,2025,1,9,17:37,Quinta-feira,TARDE,VIAS URBANAS,PUBLICO,AVENIDA PADRE NELSON ANTONIO ROMAO,-21.60589469,-48.36129109,COLISAO,0,1,1,0,0,0,0,0,0,1,1,17.0,1,2,Com feridos leves,False
2510435,NOTIFICACAO,2025-01-09,2025,1,9,17:48,Quinta-feira,TARDE,VIAS URBANAS,NAO DISPONIVEL,RUA ESTEFANO D'AVASSI,,,OUTROS,0,0,0,0,0,0,0,0,0,0,0,17.0,0,0,Sem vítimas,False
2520697,SINISTRO NAO FATAL,2025-01-09,2025,1,9,08:35,Quinta-feira,MANHA,VIAS URBANAS,PUBLICO,RUA MIGUEL LANDIM,-21.7579869,-48.8244549,COLISAO,0,0,2,0,0,0,0,0,0,1,1,8.0,1,2,Com feridos leves,False
2741213,NOTIFICACAO,2025-01-09,2025,1,9,17:23,Quinta-feira,TARDE,VIAS URBANAS,NAO DISPONIVEL,RUA MARLENE DAVID DOS SANTOS,,,COLISAO,0,0,0,0,0,0,0,0,0,0,0,17.0,0,0,Sem vítimas,False
2516683,NOTIFICACAO,2025-01-10,2025,1,10,23:08,Sexta-feira,NOITE,VIAS URBANAS,NAO DISPONIVEL,AVENIDA TROLESI,,,OUTROS,0,0,0,0,0,0,0,0,0,0,0,23.0,0,0,Sem vítimas,False
2512370,SINISTRO NAO FATAL,2025-01-11,2025,1,11,15:32,Sábado,TARDE,VIAS URBANAS,PUBLICO,RUA SAO LOURENCO,,,COLISAO,0,1,0,0,0,0,0,0,0,2,0,15.0,2,1,Com feridos leves,True
2526345,NOTIFICACAO,2025-01-11,2025,1,11,10:54,Sábado,MANHA,VIAS URBANAS,NAO DISPONIVEL,AVENIDA SETE DE SETEMBRO,,,NAO DISPONIVEL,0,0,0,0,0,0,0,0,0,0,0,10.0,0,0,Sem vítimas,True
2526726,NOTIFICACAO,2025-01-11,2025,1,11,10:54,Sábado,MANHA,VIAS URBANAS,NAO DISPONIVEL,AVENIDA CAMPOS SALLES,-21.6018058,-48.3681172,NAO DISPONIVEL,0,0,0,0,0,0,0,0,0,0,0,10.0,0,0,Sem vítimas,True
2740790,NOTIFICACAO,2025-01-11,2025,1,11,12:11,Sábado,TARDE,VIAS URBANAS,NAO DISPONIVEL,RUA SINHARINHA FROTA,,,COLISAO,0,0,0,0,0,0,0,0,0,0,0,12.0,0,0,Sem vítimas,True
2743548,NOTIFICACAO,2025-01-11,2025,1,11,01:14,Sábado,MADRUGADA,VIAS URBANAS,NAO DISPONIVEL,RUA BENEDICTA DE OLIVEIRA SANTOS,,,COLISAO,0,0,0,0,0,0,0,0,0,0,0,1.0,0,0,Sem vítimas,True
2514339,NOTIFICACAO,2025-01-13,2025,1,13,20:35,Segunda-feira,NOITE,VIAS URBANAS,NAO DISPONIVEL,AVENIDA BALDAN,,,OUTROS,0,0,0,0,0,0,0,0,0,0,0,20.0,0,0,Sem vítimas,False
2520190,NOTIFICACAO,2025-01-13,2025,1,13,08:29,Segunda-feira,MANHA,VIAS URBANAS,NAO DISPONIVEL,RUA SINHARINHA FROTA,,,NAO DISPONIVEL,0,0,0,0,0,0,0,0,0,0,0,8.0,0,0,Sem vítimas,False
2741526,NOTIFICACAO,2025-01-13,2025,1,13,17:31,Segunda-feira,TARDE,VIAS URBANAS,NAO DISPONIVEL,RUA MILTON SIMONETTI TRENCH,,,COLISAO,0,0,0,0,0,0,0,0,0,0,0,17.0,0,0,Sem vítimas,False
2522004,NOTIFICACAO,2025-01-14,2025,1,14,11:30,Terça-feira,MANHA,VIAS URBANAS,NAO DISPONIVEL,RUA SINHARINHA FROTA,-21.6052791,-48.3678239,NAO DISPONIVEL,0,0,0,0,0,0,0,0,0,0,0,11.0,0,0,Sem vítimas,False
2523508,NOTIFICACAO,2025-01-14,2025,1,14,11:29,Terça-feira,MANHA,VIAS URBANAS,NAO DISPONIVEL,AVENIDA PADRE NELSON ANTONIO ROMAO,,,NAO DISPONIVEL,0,0,0,0,0,0,0,0,0,0,0,11.0,0,0,Sem vítimas,False
2510133,SINISTRO NAO FATAL,2025-01-15,2025,1,15,16:15,Quarta-feira,TARDE,VIAS URBANAS,PUBLICO,AVENIDA TROLESI,-21.5939407,-48.3437161,COLISAO,0,1,1,0,0,0,0,0,0,1,1,16.0,1,2,Com feridos leves,False
2511211,NOTIFICACAO,2025-01-15,2025,1,15,17:13,Quarta-feira,TARDE,VIAS URBANAS,NAO DISPONIVEL,AVENIDA 7 DE SETEMBRO,-21.6058318,-48.368099,NAO DISPONIVEL,0,0,0,0,0,0,0,0,0,0,0,17.0,0,0,Sem vítimas,False
2515094,SINISTRO NAO FATAL,2025-01-15,2025,1,15,22:06,Quarta-feira,NOITE,VIAS URBANAS,PUBLICO,AVENINA TOLESE,-21.59849374,-48.36298215,COLISAO,0,1,1,0,0,0,0,0,0,1,2,22.0,1,2,Com feridos leves,False
2519452,NOTIFICACAO,2025-01-15,2025,1,15,08:18,Quarta-feira,MANHA,VIAS URBANAS,NAO DISPONIVEL,RUA SINHARINHA FROTA,-21.6052791,-48.3678239,NAO DISPONIVEL,0,0,0,0,0,0,0,0,0,0,0,8.0,0,0,Sem vítimas,False
2512034,SINISTRO NAO FATAL,2025-01-17,2025,1,17,18:16,Sexta-feira,NOITE,VIAS URBANAS,PUBLICO,AVENIDA ALEXANDRE DALE VEDOVE,-21.6031613,-48.353189,COLISAO,0,2,0,0,0,0,0,0,1,0,1,18.0,1,2,Com feridos graves,False
2512168,NOTIFICACAO,2025-01-17,2025,1,17,18:25,Sexta-feira,NOITE,VIAS URBANAS,NAO DISPONIVEL,SAO PAULO,,,NAO DISPONIVEL,0,0,0,0,0,0,0,0,0,0,0,18.0,0,0,Sem vítimas,False
2524541,NOTIFICACAO,2025-01-17,2025,1,17,11:18,Sexta-feira,MANHA,VIAS URBANAS,NAO DISPONIVEL,RUA SINHARINHA FROTA,-21.6052791,-48.3678239,NAO DISPONIVEL,0,0,0,0,0,0,0,0,0,0,0,11.0,0,0,Sem vítimas,False
2509672,SINISTRO NAO FATAL,2025-01-18,2025,1,18,11:41,Sábado,MANHA,VIAS URBANAS,PUBLICO,RUA SINHARINHA FROTA,-21.6101654,-48.3574655,COLISAO,0,0,2,0,0,0,0,0,0,1,2,11.0,1,2,Com feridos leves,True
2521498,NOTIFICACAO,2025-01-18,2025,1,18,05:38,Sábado,MADRUGADA,VIAS URBANAS,NAO DISPONIVEL,RUA SINHARINHA FROTA,-21.6052791,-48.3678239,NAO DISPONIVEL,0,0,0,0,0,0,0,0,0,0,0,5.0,0,0,Sem vítimas,True
2539125,SINISTRO NAO FATAL,2025-01-19,2025,1,19,22:27,Domingo,NOITE,VIAS URBANAS,PUBLICO,AVENIDA UM,-21.6379109,-48.3439127,COLISAO,0,0,2,0,0,0,0,0,0,2,1,22.0,2,2,Com feridos leves,True
2456441,SINISTRO FATAL,2025-01-20,2025,1,20,17:09,Segunda-feira,TARDE,VIAS URBANAS,PUBLICO,AVENIDA TROLESI,-21.60857904,-48.3503899774,ATROPELAMENTO,0,1,0,0,0,1,0,1,0,0,0,17.0,1,1,Com óbito,False
2514673,NOTIFICACAO,2025-01-20,2025,1,20,20:33,Segunda-feira,NOITE,VIAS URBANAS,NAO DISPONIVEL,RUA VEREADOR AMAURI SQUISATTI,,,OUTROS,0,0,0,0,0,0,0,0,0,0,0,20.0,0,0,Sem vítimas,False
2741824,NOTIFICACAO,2025-01-20,2025,1,20,17:09,Segunda-feira,TARDE,VIAS URBANAS,PUBLICO,RUA RUI BARBOSA,-21.5981338,-48.3753632,ATROPELAMENTO,0,0,0,0,0,1,0,0,0,2,0,17.0,2,0,Com feridos leves,False
2508348,NOTIFICACAO,2025-01-21,2025,1,21,15:10,Terça-feira,TARDE,VIAS URBANAS,NAO DISPONIVEL,AVENIDA 28 DE AGOSTO,,,NAO DISPONIVEL,0,0,0,0,0,0,0,0,0,0,0,15.0,0,0,Sem vítimas,False
2509243,NOTIFICACAO,2025-01-21,2025,1,21,15:56,Terça-feira,TARDE,VIAS URBANAS,NAO DISPONIVEL,RUA JOAO PESSOA,-21.5983056,-48.3707539,OUTROS,0,0,0,0,0,0,0,0,0,0,0,15.0,0,0,Sem vítimas,False
2511049,SINISTRO NAO FATAL,2025-01-23,2025,1,23,17:31,Quinta-feira,TARDE,VIAS URBANAS,PUBLICO,RUA ARMANDO ANTONIO MOCHETTI,-21.584794,-48.3730896,COLISAO,0,0,1,0,0,0,0,0,1,0,1,17.0,1,1,Com feridos graves,False
2511773,NOTIFICACAO,2025-01-23,2025,1,23,18:16,Quinta-feira,NOITE,VIAS URBANAS,NAO DISPONIVEL,AVENIDA CAMPOS SALLES,-21.6018058,-48.3681172,NAO DISPONIVEL,0,0,0,0,0,0,0,0,0,0,0,18.0,0,0,Sem vítimas,False
2512527,NOTIFICACAO,2025-01-23,2025,1,23,18:52,Quinta-feira,NOITE,ESTRADAS E RODOVIAS,NAO DISPONIVEL,SP 456,,,NAO DISPONIVEL,0,0,0,0,0,0,0,0,0,0,0,18.0,0,0,Sem vítimas,False
2513798,SINISTRO NAO FATAL,2025-01-25,2025,1,25,15:19,Sábado,TARDE,VIAS URBANAS,PUBLICO,AVENIDA SAO PAULO,-21.6025984,-48.3526504,COLISAO,0,1,0,0,0,0,0,0,0,3,0,15.0,3,1,Com feridos leves,True
2516942,NOTIFICACAO,2025-01-25,2025,1,25,21:16,Sábado,NOITE,VIAS URBANAS,NAO DISPONIVEL,RUA ORESTE BOZELI,,,OUTROS,0,0,0,0,0,0,0,0,0,0,0,21.0,0,0,Sem vítimas,True
2519953,SINISTRO NAO FATAL,2025-01-25,2025,1,25,04:03,Sábado,MADRUGADA,VIAS URBANAS,PUBLICO,AVERNIDA SAO LOURENCO,-21.59849374,-48.36298215,NAO DISPONIVEL,0,1,0,0,0,0,0,0,0,1,1,4.0,1,1,Com feridos leves,True
2539272,NOTIFICACAO,2025-01-25,2025,1,25,23:45,Sábado,NOITE,VIAS URBANAS,NAO DISPONIVEL,AVENIDA TROLESI,-21.6156337,-48.354684,NAO DISPONIVEL,0,0,0,0,0,0,0,0,0,0,0,23.0,0,0,Sem vítimas,True
2516277,NOTIFICACAO,2025-01-26,2025,1,26,18:32,Domingo,NOITE,VIAS URBANAS,NAO DISPONIVEL,AVENIDA PADRE NELSON ANTONIO ROMAO,,,NAO DISPONIVEL,0,0,0,0,0,0,0,0,0,0,0,18.0,0,0,Sem vítimas,True
2567652,NOTIFICACAO,2025-01-26,2025,1,26,18:33,Domingo,NOITE,VIAS URBANAS,PUBLICO,AVENIDA PADRE NELSON ANTONIO ROMAO,,,NAO DISPONIVEL,0,0,0,0,0,0,0,0,0,0,0,18.0,0,0,Sem vítimas,True
2743765,NOTIFICACAO,2025-01-27,2025,1,27,06:45,Segunda-feira,MANHA,VIAS URBANAS,NAO DISPONIVEL,RUA SINHARINHA FROTA,-21.6052791,-48.3678239,ATROPELAMENTO,0,0,0,0,0,0,0,0,0,0,0,6.0,0,0,Sem vítimas,False
2510680,NOTIFICACAO,2025-01-29,2025,1,29,18:37,Quarta-feira,NOITE,VIAS URBANAS,NAO DISPONIVEL,AVENIDA TROLEVI,,,OUTROS,0,0,0,0,0,0,0,0,0,0,0,18.0,0,0,Sem vítimas,False
2742962,NOTIFICACAO,2025-01-29,2025,1,29,22:50,Quarta-feira,NOITE,VIAS URBANAS,NAO DISPONIVEL,BRG FARIA LIMA,,,COLISAO,0,0,0,0,0,0,0,0,0,0,0,22.0,0,0,Sem vítimas,False
2512120,SINISTRO NAO FATAL,2025-01-31,2025,1,31,17:37,Sexta-feira,TARDE,ESTRADAS E RODOVIAS,PUBLICO,SP 326,-21.5897925318,-48.3343206403,OUTROS,0,0,0,0,1,0,0,0,0,1,0,17.0,1,1,Com feridos leves,False
2518769,NOTIFICACAO,2025-01-31,2025,1,31,07:41,Sexta-feira,MANHA,VIAS URBANAS,NAO DISPONIVEL,RUA SINHARINHA FROTA,-21.6052791,-48.3678239,NAO DISPONIVEL,0,0,0,0,0,0,0,0,0,0,0,7.0,0,0,Sem vítimas,False
2522741,NOTIFICACAO,2025-01-31,2025,1,31,09:05,Sexta-feira,MANHA,VIAS URBANAS,PUBLICO,AVENIDA SETE DE SETEMBRO,,,NAO DISPONIVEL,0,0,0,0,0,0,0,0,0,0,0,9.0,0,0,Sem vítimas,False
2523562,NOTIFICACAO,2025-01-31,2025,1,31,10:00,Sexta-feira,MANHA,VIAS URBANAS,NAO DISPONIVEL,RUA SINHARINHA FROTA,-21.6052791,-48.3678239,NAO DISPONIVEL,0,0,0,0,0,0,0,0,0,0,0,10.0,0,0,Sem vítimas,False
2526738,SINISTRO NAO FATAL,2025-01-31,2025,1,31,13:54,Sexta-feira,TARDE,VIAS URBANAS,PUBLICO,AVENIDA SETE DE SETEMBRO,-21.59924176,-48.36336999,COLISAO,0,1,1,0,0,0,0,0,0,0,1,13.0,0,2,Sem vítimas,False
2537394,NOTIFICACAO,2025-01-31,2025,1,31,23:47,Sexta-feira,NOITE,VIAS URBANAS,PUBLICO,AVENIDA BRASIL,-21.5958347,-48.3526753,ATROPELAMENTO,0,0,0,0,0,2,0,0,0,1,1,23.0,1,0,Com feridos leves,False
2743697,NOTIFICACAO,2025-01-31,2025,1,31,06:49,Sexta-feira,MANHA,VIAS URBANAS,NAO DISPONIVEL,AVENIDA PREFEITO LAERT JOSE TARALO MENDES,,,COLISAO,0,0,0,0,0,0,0,0,0,0,0,6.0,0,0,Sem vítimas,False
2549064,NOTIFICACAO,2025-02-02,2025,2,2,13:06,Domingo,TARDE,VIAS URBANAS,NAO DISPONIVEL,RUA SINHARINHA FROTA,-21.6052791,-48.3678239,NAO DISPONIVEL,0,0,0,0,0,0,0,0,0,0,0,13.0,0,0,Sem vítimas,True
2554947,SINISTRO NAO FATAL,2025-02-03,2025,2,3,09:34,Segunda-feira,MANHA,VIAS URBANAS,PUBLICO,AVENIDA FRANCISCO MASTROPIETRO,-21.5845293,-48.3672712,OUTROS,0,1,0,0,0,0,0,0,0,1,1,9.0,1,1,Com feridos leves,False
2557916,SINISTRO NAO FATAL,2025-02-04,2025,2,4,12:54,Terça-feira,TARDE,VIAS URBANAS,PUBLICO,RUA SAO LOURENCO,,,COLISAO,0,1,1,0,0,0,0,0,0,1,1,12.0,1,2,Com feridos leves,False
2555106,SINISTRO NAO FATAL,2025-02-05,2025,2,5,09:26,Quarta-feira,MANHA,VIAS URBANAS,PUBLICO,AVENIDA TROLESI,-21.6174224,-48.35566,COLISAO,0,1,1,0,0,0,1,0,1,0,2,9.0,1,3,Com feridos graves,False
2555325,NOTIFICACAO,2025-02-06,2025,2,6,09:30,Quinta-feira,MANHA,VIAS URBANAS,NAO DISPONIVEL,RUA SINHARINHA FROTA,-21.6052791,-48.3678239,ATROPELAMENTO,0,0,0,0,0,0,0,0,0,0,0,9.0,0,0,Sem vítimas,False
2547879,SINISTRO NAO FATAL,2025-02-07,2025,2,7,15:12,Sexta-feira,TARDE,VIAS URBANAS,PUBLICO,AVENIDA JOSE SCHIMIDT,-21.622265,-48.3429857,COLISAO,0,0,1,0,0,0,0,0,0,1,0,15.0,1,1,Com feridos leves,False
2549626,SINISTRO NAO FATAL,2025-02-07,2025,2,7,17:39,Sexta-feira,TARDE,VIAS URBANAS,PUBLICO,AVENIDA TROLESI,,,OUTROS,0,1,0,0,0,0,0,0,0,1,1,17.0,1,1,Com feridos leves,False
2551234,SINISTRO NAO FATAL,2025-02-10,2025,2,10,21:43,Segunda-feira,NOITE,VIAS URBANAS,PUBLICO,AVENIDA CAMPOS SALLES,-21.5988249,-48.366469,COLISAO,0,0,1,0,0,0,0,0,1,0,1,21.0,1,1,Com feridos graves,False
2551273,NOTIFICACAO,2025-02-10,2025,2,10,21:48,Segunda-feira,NOITE,VIAS URBANAS,NAO DISPONIVEL,RUA SAO LOURENCO,,,OUTROS,0,0,0,0,0,0,0,0,0,0,0,21.0,0,0,Sem vítimas,False
2551391,NOTIFICACAO,2025-02-10,2025,2,10,21:49,Segunda-feira,NOITE,VIAS URBANAS,NAO DISPONIVEL,RUA SAO LOURENCO,,,OUTROS,0,0,0,0,0,0,0,0,0,0,0,21.0,0,0,Sem vítimas,False
2741512,NOTIFICACAO,2025-02-11,2025,2,11,17:10,Terça-feira,TARDE,VIAS URBANAS,NAO DISPONIVEL,AVENIDA ANIBAL RIBEIRO,,,COLISAO,0,0,0,0,0,0,0,0,0,0,0,17.0,0,0,Sem vítimas,False
2556637,NOTIFICACAO,2025-02-14,2025,2,14,11:52,Sexta-feira,MANHA,VIAS URBANAS,NAO DISPONIVEL,AVENIDA SETE DE SETEMBRO,,,NAO DISPONIVEL,0,0,0,0,0,0,0,0,0,0,0,11.0,0,0,Sem vítimas,False
2550642,SINISTRO NAO FATAL,2025-02-15,2025,2,15,17:02,Sábado,TARDE,VIAS URBANAS,PUBLICO,CARL FISCHER,-21.5937018,-48.3929356,OUTROS,0,1,0,0,0,0,0,0,0,1,1,17.0,1,1,Com feridos leves,True
2552028,SINISTRO NAO FATAL,2025-02-15,2025,2,15,19:57,Sábado,NOITE,VIAS URBANAS,NAO DISPONIVEL,AVENIDA CAMPOS SALLES,-22.3123451338,-47.6656290264,OUTROS,0,0,0,0,0,0,1,0,0,1,1,19.0,1,1,Com feridos leves,True
2742903,NOTIFICACAO,2025-02-15,2025,2,15,16:41,Sábado,TARDE,VIAS URBANAS,NAO DISPONIVEL,AV BRASIL,,,COLISAO,0,0,0,0,0,0,0,0,0,0,0,16.0,0,0,Sem vítimas,True
2744123,NOTIFICACAO,2025-02-15,2025,2,15,20:05,Sábado,NOITE,VIAS URBANAS,NAO DISPONIVEL,AVENIDA BALDAN,,,COLISAO,0,0,0,0,0,0,0,0,0,0,0,20.0,0,0,Sem vítimas,True
2545955,SINISTRO FATAL,2025-02-16,2025,2,16,23:25,Domingo,NOITE,VIAS URBANAS,PUBLICO,AVENIDA TAQUARITINGA,-21.6110046086,-48.3549715807,CHOQUE,0,0,1,0,0,0,0,1,0,0,0,23.0,1,1,Com óbito,True
2551633,NOTIFICACAO,2025-02-16,2025,2,16,16:47,Domingo,TARDE,VIAS URBANAS,NAO DISPONIVEL,AVENIDA JOSE FROTA,,,NAO DISPONIVEL,0,0,0,0,0,0,0,0,0,0,0,16.0,0,0,Sem vítimas,True
2743585,SINISTRO NAO FATAL,2025-02-16,2025,2,16,16:47,Domingo,TARDE,VIAS URBANAS,PUBLICO,RUA SINHARINHA FROTA,-21.6107266,-48.3549907,CHOQUE,0,0,1,0,0,0,0,0,2,0,0,16.0,2,1,Com feridos graves,True
2547600,NOTIFICACAO,2025-02-18,2025,2,18,17:46,Terça-feira,TARDE,VIAS URBANAS,PUBLICO,AVENIDA TROLESI,-21.6195294,-48.3571164,ATROPELAMENTO,0,0,0,0,0,0,0,0,0,1,1,17.0,1,0,Com feridos leves,False
2741423,NOTIFICACAO,2025-02-18,2025,2,18,17:46,Terça-feira,TARDE,VIAS URBANAS,NAO DISPONIVEL,RUA SAO LOURENCO,,,ATROPELAMENTO,0,0,0,0,0,0,0,0,0,0,0,17.0,0,0,Sem vítimas,False
2551799,NOTIFICACAO,2025-02-21,2025,2,21,21:44,Sexta-feira,NOITE,VIAS URBANAS,NAO DISPONIVEL,NILCIDES BOTURA,,,OUTROS,0,0,0,0,0,0,0,0,0,0,0,21.0,0,0,Sem vítimas,False
2551941,SINISTRO NAO FATAL,2025-02-21,2025,2,21,21:43,Sexta-feira,NOITE,VIAS URBANAS,PUBLICO,AVENIDA CASSIO BOTTURA,-21.6219205,-48.3490304,CHOQUE,0,0,1,0,0,0,0,0,1,0,1,21.0,1,1,Com feridos graves,False
2552022,NOTIFICACAO,2025-02-21,2025,2,21,21:41,Sexta-feira,NOITE,VIAS URBANAS,NAO DISPONIVEL,AVENIDA CAMPOS SALLES,-21.6018058,-48.3681172,NAO DISPONIVEL,0,0,0,0,0,0,0,0,0,0,0,21.0,0,0,Sem vítimas,False
2552041,NOTIFICACAO,2025-02-21,2025,2,21,21:52,Sexta-feira,NOITE,VIAS URBANAS,NAO DISPONIVEL,VIA CLITO BASTIA,,,NAO DISPONIVEL,0,0,0,0,0,0,0,0,0,0,0,21.0,0,0,Sem vítimas,False
2552076,NOTIFICACAO,2025-02-21,2025,2,21,21:45,Sexta-feira,NOITE,VIAS URBANAS,NAO DISPONIVEL,AVENIDA ANIBAL RIBEIRO,,,OUTROS,0,0,0,0,0,0,0,0,0,0,0,21.0,0,0,Sem vítimas,False
2552102,NOTIFICACAO,2025-02-21,2025,2,21,21:41,Sexta-feira,NOITE,VIAS URBANAS,NAO DISPONIVEL,AVENIDA MESSIAS BOTURA,,,NAO DISPONIVEL,0,0,0,0,0,0,0,0,0,0,0,21.0,0,0,Sem vítimas,False
2553023,SINISTRO NAO FATAL,2025-02-23,2025,2,23,21:34,Domingo,NOITE,VIAS URBANAS,PUBLICO,RUA DOS TRABALHADORES,-21.59856354,-48.36101293,CHOQUE,0,1,1,0,0,0,0,0,0,1,1,21.0,1,2,Com feridos leves,True
2554089,SINISTRO NAO FATAL,2025-02-23,2025,2,23,02:08,Domingo,MADRUGADA,VIAS URBANAS,PUBLICO,AVENIDA SAO PAULO,-21.589518,-48.349918,COLISAO,0,0,1,0,0,0,0,0,0,1,1,2.0,1,1,Com feridos leves,True
2549057,SINISTRO NAO FATAL,2025-02-24,2025,2,24,17:28,Segunda-feira,TARDE,VIAS URBANAS,PUBLICO,AVENIDA BALDAN,-21.6209519,-48.3554762,COLISAO,0,0,2,0,0,0,0,0,0,1,1,17.0,1,2,Com feridos leves,False
2547377,NOTIFICACAO,2025-02-25,2025,2,25,17:09,Terça-feira,TARDE,VIAS URBANAS,NAO DISPONIVEL,RUA JOSE GONCALVES,,,NAO DISPONIVEL,0,0,0,0,0,0,0,0,0,0,0,17.0,0,0,Sem vítimas,False
2555487,SINISTRO NAO FATAL,2025-02-25,2025,2,25,11:15,Terça-feira,MANHA,VIAS URBANAS,PUBLICO,AVENIDA PREFEITO LAERT JOSE TARALO MENDES,-21.5990441,-48.3725832,NAO DISPONIVEL,0,1,0,0,0,0,0,0,0,1,0,11.0,1,1,Com feridos leves,False
2557279,SINISTRO NAO FATAL,2025-02-25,2025,2,25,12:36,Terça-feira,TARDE,VIAS URBANAS,PUBLICO,RUA AMERICO VEZANI,-21.5854917,-48.37053,COLISAO,0,0,1,0,1,0,0,0,0,1,1,12.0,1,2,Com feridos leves,False
2740695,NOTIFICACAO,2025-02-27,2025,2,27,15:31,Quinta-feira,TARDE,VIAS URBANAS,NAO DISPONIVEL,RUA OTONE CORREA,,,COLISAO,0,0,0,0,0,0,0,0,0,0,0,15.0,0,0,Sem vítimas,False
2555135,SINISTRO NAO FATAL,2025-02-28,2025,2,28,08:50,Sexta-feira,MANHA,VIAS URBANAS,PUBLICO,AVENIDA NILSON BARBACO,-21.5947988,-48.3838883,COLISAO,0,1,0,0,0,0,0,0,0,1,2,8.0,1,1,Com feridos leves,False
2569909,NOTIFICACAO,2025-03-01,2025,3,1,21:32,Sábado,NOITE,VIAS URBANAS,NAO DISPONIVEL,SP 310,,,OUTROS,0,0,0,0,0,0,0,0,0,0,0,21.0,0,0,Sem vítimas,True
2572976,SINISTRO NAO FATAL,2025-03-01,2025,3,1,03:59,Sábado,MADRUGADA,VIAS URBANAS,PUBLICO,RUA SINHARINHA FROTA,-21.6064961,-48.3640027,OUTROS,0,1,0,0,0,0,0,0,0,0,1,3.0,0,1,Sem vítimas,True
2743812,NOTIFICACAO,2025-03-01,2025,3,1,19:11,Sábado,NOITE,VIAS URBANAS,NAO DISPONIVEL,RUA ARTHUR ANTUNES,,,COLISAO,0,0,0,0,0,0,0,0,0,0,0,19.0,0,0,Sem vítimas,True
2567523,SINISTRO NAO FATAL,2025-03-03,2025,3,3,20:45,Segunda-feira,NOITE,VIAS URBANAS,PUBLICO,AVENIDA LUDWIG ECKES,-21.6033051,-48.3858724,CHOQUE,0,0,1,0,0,0,0,0,0,3,0,20.0,3,1,Com feridos leves,False
2558770,SINISTRO FATAL,2025-03-05,2025,3,5,17:39,Quarta-feira,TARDE,VIAS URBANAS,PUBLICO,RODOVIA DO TRABALHADOR,-21.5744399951,-48.3742326927,COLISAO,0,1,2,0,0,0,0,1,0,0,0,17.0,1,3,Com óbito,False
2563647,NOTIFICACAO,2025-03-05,2025,3,5,17:44,Quarta-feira,TARDE,VIAS URBANAS,NAO DISPONIVEL,RUA RUI BARBOSA,,,NAO DISPONIVEL,0,0,0,0,0,0,0,0,0,0,0,17.0,0,0,Sem vítimas,False
2576187,SINISTRO NAO FATAL,2025-03-06,2025,3,6,13:09,Quinta-feira,TARDE,VIAS URBANAS,PUBLICO,VIA NARCISO BALDAN,-21.6068296,-48.3566954,COLISAO,0,1,1,0,0,0,0,0,0,1,1,13.0,1,2,Com feridos leves,False
2576923,NOTIFICACAO,2025-03-06,2025,3,6,13:50,Quinta-feira,TARDE,VIAS URBANAS,NAO DISPONIVEL,RUA SINHARINHA FROTA,-21.6052791,-48.3678239,NAO DISPONIVEL,0,0,0,0,0,0,0,0,0,0,0,13.0,0,0,Sem vítimas,False
2564074,NOTIFICACAO,2025-03-07,2025,3,7,18:23,Sexta-feira,NOITE,VIAS URBANAS,NAO DISPONIVEL,AVENIDA BRASIL,,,NAO DISPONIVEL,0,0,0,0,0,0,0,0,0,0,0,18.0,0,0,Sem vítimas,False
2562252,NOTIFICACAO,2025-03-08,2025,3,8,14:06,Sábado,TARDE,VIAS URBANAS,NAO DISPONIVEL,RUA MARCILIO CECHETO,,,NAO DISPONIVEL,0,0,0,0,0,0,0,0,0,0,0,14.0,0,0,Sem vítimas,True
2562412,NOTIFICACAO,2025-03-08,2025,3,8,14:11,Sábado,TARDE,VIAS URBANAS,NAO DISPONIVEL,RUA VITORIO PINOTI,,,OUTROS,0,0,0,0,0,0,0,0,0,0,0,14.0,0,0,Sem vítimas,True
2579418,SINISTRO NAO FATAL,2025-03-08,2025,3,8,10:54,Sábado,MANHA,VIAS URBANAS,PUBLICO,AVENIDA ANGELO BELLINE,-21.58960665,-48.3772137,COLISAO,0,1,0,0,0,0,0,0,1,0,0,10.0,1,1,Com feridos graves,True
2745751,NOTIFICACAO,2025-03-08,2025,3,8,05:40,Sábado,MADRUGADA,VIAS URBANAS,NAO DISPONIVEL,AVENIDA FRANCISCO MASTROPIETRO,,,COLISAO,0,0,0,0,0,0,0,0,0,0,0,5.0,0,0,Sem vítimas,True
2747376,NOTIFICACAO,2025-03-08,2025,3,8,10:54,Sábado,MANHA,VIAS URBANAS,NAO DISPONIVEL,RUA AUGUSTO BELINI,,,NAO DISPONIVEL,0,0,0,0,0,0,0,0,0,0,0,10.0,0,0,Sem vítimas,True
2575004,NOTIFICACAO,2025-03-09,2025,3,9,05:05,Domingo,MADRUGADA,VIAS URBANAS,NAO DISPONIVEL,RUA VICENTE MASTRO PIETRO,,,OUTROS,0,0,0,0,0,0,0,0,0,0,0,5.0,0,0,Sem vítimas,True
2565704,SINISTRO NAO FATAL,2025-03-10,2025,3,10,18:41,Segunda-feira,NOITE,VIAS URBANAS,PUBLICO,VIA NARCISO BALDAN,-21.6071717,-48.3562898,NAO DISPONIVEL,0,1,0,0,0,0,0,0,0,1,0,18.0,1,1,Com feridos leves,False
2562630,SINISTRO NAO FATAL,2025-03-12,2025,3,12,18:16,Quarta-feira,NOITE,VIAS URBANAS,PUBLICO,AVENIDA LUDWIG ECKES,-21.5975762,-48.3825356,COLISAO,0,1,1,0,0,0,0,0,0,1,2,18.0,1,2,Com feridos leves,False
2564030,NOTIFICACAO,2025-03-12,2025,3,12,19:23,Quarta-feira,NOITE,VIAS URBANAS,PUBLICO,AVENIDA SAO PAULO,-21.589518,-48.349918,ATROPELAMENTO,0,0,0,0,0,1,0,0,1,0,0,19.0,1,0,Com feridos graves,False
2566574,NOTIFICACAO,2025-03-12,2025,3,12,21:57,Quarta-feira,NOITE,VIAS URBANAS,NAO DISPONIVEL,RUA SINHARINHA FROTA,,,NAO DISPONIVEL,0,0,0,0,0,0,0,0,0,0,0,21.0,0,0,Sem vítimas,False
2572159,SINISTRO NAO FATAL,2025-03-14,2025,3,14,07:50,Sexta-feira,MANHA,VIAS URBANAS,PUBLICO,RUA ORESTE BOZELI,-21.600348,-48.361006,OUTROS,0,0,1,0,0,0,0,0,0,1,0,7.0,1,1,Com feridos leves,False
2566257,NOTIFICACAO,2025-03-16,2025,3,16,16:15,Domingo,TARDE,VIAS URBANAS,NAO DISPONIVEL,RUA SINHARINHA FROTA,-21.6052791,-48.3678239,NAO DISPONIVEL,0,0,0,0,0,0,0,0,0,0,0,16.0,0,0,Sem vítimas,True
2570417,SINISTRO NAO FATAL,2025-03-16,2025,3,16,23:34,Domingo,NOITE,VIAS URBANAS,PUBLICO,CARL FISCHER,-21.5939413,-48.3841711,COLISAO,0,0,1,0,0,0,0,0,0,1,0,23.0,1,1,Com feridos leves,True
2570478,NOTIFICACAO,2025-03-16,2025,3,16,23:47,Domingo,NOITE,VIAS URBANAS,NAO DISPONIVEL,RUA SINHARINHA FROTA,-21.6052791,-48.3678239,NAO DISPONIVEL,0,0,0,0,0,0,0,0,0,0,0,23.0,0,0,Sem vítimas,True
2742999,NOTIFICACAO,2025-03-16,2025,3,16,16:01,Domingo,TARDE,VIAS URBANAS,NAO DISPONIVEL,AVENIDA SAO PAULO,,,COLISAO,0,0,0,0,0,0,0,0,0,0,0,16.0,0,0,Sem vítimas,True
2561280,NOTIFICACAO,2025-03-17,2025,3,17,15:52,Segunda-feira,TARDE,VIAS URBANAS,NAO DISPONIVEL,AVENIDA LUDI WIGI,,,OUTROS,0,0,0,0,0,0,0,0,0,0,0,15.0,0,0,Sem vítimas,False
2572610,SINISTRO NAO FATAL,2025-03-17,2025,3,17,07:57,Segunda-feira,MANHA,VIAS URBANAS,PUBLICO,AVENIDA SAO PAULO,-21.589518,-48.349918,ATROPELAMENTO,0,0,1,0,0,0,0,0,0,1,1,7.0,1,1,Com feridos leves,False
2573487,NOTIFICACAO,2025-03-17,2025,3,17,08:58,Segunda-feira,MANHA,VIAS URBANAS,NAO DISPONIVEL,RUA SINHARINHA FROTA,-21.6052791,-48.3678239,NAO DISPONIVEL,0,0,0,0,0,0,0,0,0,0,0,8.0,0,0,Sem vítimas,False
2573134,SINISTRO NAO FATAL,2025-03-18,2025,3,18,08:15,Terça-feira,MANHA,VIAS URBANAS,PUBLICO,58CH9HPJ+2C  WASHINGTON LUIS,-21.6149375,-48.4189375,OUTROS,0,0,1,0,0,0,0,0,0,1,0,8.0,1,1,Com feridos leves,False
2563384,NOTIFICACAO,2025-03-21,2025,3,21,17:23,Sexta-feira,TARDE,VIAS URBANAS,NAO DISPONIVEL,AVENIDA SAO PAULO,,,NAO DISPONIVEL,0,0,0,0,0,0,0,0,0,0,0,17.0,0,0,Sem vítimas,False
2566168,SINISTRO NAO FATAL,2025-03-21,2025,3,21,19:50,Sexta-feira,NOITE,ESTRADAS E RODOVIAS,PUBLICO,SP 326,-21.68865228,-48.33856218,COLISAO,1,1,0,0,0,0,0,0,0,3,2,19.0,3,2,Com feridos leves,False
2571470,NOTIFICACAO,2025-03-21,2025,3,21,06:45,Sexta-feira,MANHA,VIAS URBANAS,NAO DISPONIVEL,AVENIDA SIQUEIRA CAMPOS,,,NAO DISPONIVEL,0,0,0,0,0,0,0,0,0,0,0,6.0,0,0,Sem vítimas,False
2741735,NOTIFICACAO,2025-03-21,2025,3,21,17:09,Sexta-feira,TARDE,VIAS URBANAS,NAO DISPONIVEL,AVENIDA SAO PAULO,,,COLISAO,0,0,0,0,0,0,0,0,0,0,0,17.0,0,0,Sem vítimas,False
2743735,NOTIFICACAO,2025-03-21,2025,3,21,21:33,Sexta-feira,NOITE,VIAS URBANAS,NAO DISPONIVEL,AVENIDA BALDAN,,,COLISAO,0,0,0,0,0,0,0,0,0,0,0,21.0,0,0,Sem vítimas,False
2561741,SINISTRO NAO FATAL,2025-03-22,2025,3,22,13:20,Sábado,TARDE,VIAS URBANAS,PUBLICO,AVENIDA JOSE CERQUEIRA,-21.5871631,-48.3704543,COLISAO,0,0,2,0,0,0,0,0,0,2,1,13.0,2,2,Com feridos leves,True
2566803,NOTIFICACAO,2025-03-22,2025,3,22,17:40,Sábado,TARDE,VIAS URBANAS,NAO DISPONIVEL,RUA SINHARINHA FROTA,-21.6052791,-48.3678239,NAO DISPONIVEL,0,0,0,0,0,0,0,0,0,0,0,17.0,0,0,Sem vítimas,True
2743297,NOTIFICACAO,2025-03-22,2025,3,22,17:07,Sábado,TARDE,VIAS URBANAS,NAO DISPONIVEL,AVENIDA BALDAM,,,COLISAO,0,0,0,0,0,0,0,0,0,0,0,17.0,0,0,Sem vítimas,True
2743847,NOTIFICACAO,2025-03-23,2025,3,23,19:53,Domingo,NOITE,VIAS URBANAS,NAO DISPONIVEL,AVENIDA AURELIO DIAS,,,COLISAO,0,0,0,0,0,0,0,0,0,0,0,19.0,0,0,Sem vítimas,True
2562039,SINISTRO NAO FATAL,2025-03-24,2025,3,24,17:24,Segunda-feira,TARDE,VIAS URBANAS,PUBLICO,RUA RUI BARBOSA,-21.6018679,-48.3681636,COLISAO,0,1,1,0,0,0,0,0,0,1,1,17.0,1,2,Com feridos leves,False
2575276,SINISTRO NAO FATAL,2025-03-24,2025,3,24,11:59,Segunda-feira,MANHA,VIAS URBANAS,PUBLICO,AVENIDA SEBASTIANA SILVEIRA MENDONCA,-21.5906561,-48.3732954,COLISAO,0,0,1,0,0,0,0,0,0,1,0,11.0,1,1,Com feridos leves,False
2575606,SINISTRO NAO FATAL,2025-03-26,2025,3,26,11:54,Quarta-feira,MANHA,VIAS URBANAS,PUBLICO,RUA SINHARINHA FROTA,,,NAO DISPONIVEL,0,1,1,0,0,0,0,0,0,0,0,11.0,0,2,Sem vítimas,False
2558774,SINISTRO FATAL,2025-03-27,2025,3,27,08:10,Quinta-feira,MANHA,VIAS URBANAS,PUBLICO,DO TRABALHADOR,-21.5816072693,-48.3703948988,CHOQUE,0,1,0,0,1,0,0,1,0,0,0,8.0,1,2,Com óbito,False
2568118,NOTIFICACAO,2025-03-27,2025,3,27,23:06,Quinta-feira,NOITE,VIAS URBANAS,NAO DISPONIVEL,AVENIDA BRASIL,,,NAO DISPONIVEL,0,0,0,0,0,0,0,0,0,0,0,23.0,0,0,Sem vítimas,False
2570626,SINISTRO NAO FATAL,2025-03-27,2025,3,27,00:24,Quinta-feira,MADRUGADA,VIAS URBANAS,NAO DISPONIVEL,RUA SINHARINHA FROTA,-21.6117287,-48.3542853,CHOQUE,0,0,1,0,0,0,0,0,0,0,3,0.0,0,1,Sem vítimas,False
2576865,NOTIFICACAO,2025-03-27,2025,3,27,13:56,Quinta-feira,TARDE,VIAS URBANAS,NAO DISPONIVEL,RUA CONSTANTINO BASTIA,,,NAO DISPONIVEL,0,0,0,0,0,0,0,0,0,0,0,13.0,0,0,Sem vítimas,False
2742388,NOTIFICACAO,2025-03-27,2025,3,27,18:43,Quinta-feira,NOITE,VIAS URBANAS,NAO DISPONIVEL,AVENIDA PADRE NELSON ANTONIO ROMAO,,,ATROPELAMENTO,0,0,0,0,0,0,0,0,0,0,0,18.0,0,0,Sem vítimas,False
2573398,NOTIFICACAO,2025-03-29,2025,3,29,06:28,Sábado,MANHA,VIAS URBANAS,NAO DISPONIVEL,VIA NARCISO BALDAN,,,NAO DISPONIVEL,0,0,0,0,0,0,0,0,0,0,0,6.0,0,0,Sem vítimas,True
2573789,NOTIFICACAO,2025-03-29,2025,3,29,07:18,Sábado,MANHA,VIAS URBANAS,NAO DISPONIVEL,AVENIDA 7 DE SETEMBRO,-21.6058318,-48.368099,NAO DISPONIVEL,0,0,0,0,0,0,0,0,0,0,0,7.0,0,0,Sem vítimas,True
2742885,NOTIFICACAO,2025-03-30,2025,3,30,17:07,Domingo,TARDE,VIAS URBANAS,NAO DISPONIVEL,AVENIDA FRANCISCO MASTROPIETRO,,,COLISAO,0,0,0,0,0,0,0,0,0,0,0,17.0,0,0,Sem vítimas,True
2581143,NOTIFICACAO,2025-04-01,2025,4,1,17:01,Terça-feira,TARDE,VIAS URBANAS,NAO DISPONIVEL,RUA SINHARINHA FROTA,-21.6052791,-48.3678239,OUTROS,0,0,0,0,0,0,0,0,0,0,0,17.0,0,0,Sem vítimas,False
2580614,SINISTRO NAO FATAL,2025-04-04,2025,4,4,15:38,Sexta-feira,TARDE,VIAS URBANAS,PUBLICO,AVENIDA BALDAN,-21.6140427,-48.3691574,COLISAO,0,1,1,0,0,0,0,0,0,1,1,15.0,1,2,Com feridos leves,False
2586164,NOTIFICACAO,2025-04-04,2025,4,4,21:40,Sexta-feira,NOITE,VIAS URBANAS,NAO DISPONIVEL,AVENIDA PREFEITO LAERT JOSE TARALO MENDES,,,OUTROS,0,0,0,0,0,0,0,0,0,0,0,21.0,0,0,Sem vítimas,False
2589936,SINISTRO NAO FATAL,2025-04-05,2025,4,5,04:13,Sábado,MADRUGADA,VIAS URBANAS,PUBLICO,AVENIDA PADRE NELSON ANTONIO ROMAO,-21.6147073,-48.3656577,NAO DISPONIVEL,0,1,0,0,0,0,0,0,0,1,0,4.0,1,1,Com feridos leves,True
2591000,SINISTRO NAO FATAL,2025-04-06,2025,4,6,03:36,Domingo,MADRUGADA,VIAS URBANAS,PUBLICO,AVENIDA BALDAN,-21.61463263,-48.36819279,COLISAO,0,1,0,0,0,0,0,0,1,1,1,3.0,2,1,Com feridos graves,True
2591003,NOTIFICACAO,2025-04-06,2025,4,6,03:36,Domingo,MADRUGADA,VIAS URBANAS,NAO DISPONIVEL,AVENIDA BALDAN,,,OUTROS,0,0,0,0,0,0,0,0,0,0,0,3.0,0,0,Sem vítimas,True
2593681,SINISTRO NAO FATAL,2025-04-08,2025,4,8,13:27,Terça-feira,TARDE,VIAS URBANAS,PUBLICO,AVENIDA LUDWIG ECKES,-21.6002272,-48.3839451,COLISAO,0,1,1,0,0,0,1,0,1,0,1,13.0,1,3,Com feridos graves,False
2593232,NOTIFICACAO,2025-04-09,2025,4,9,13:12,Quarta-feira,TARDE,VIAS URBANAS,NAO DISPONIVEL,AVENIDA 7 DE SETEMBRO,-21.6058318,-48.368099,NAO DISPONIVEL,0,0,0,0,0,0,0,0,0,0,0,13.0,0,0,Sem vítimas,False
2588229,SINISTRO NAO FATAL,2025-04-11,2025,4,11,05:25,Sexta-feira,MADRUGADA,VIAS URBANAS,PUBLICO,RUA VICENTE VESPA,-21.6208126,-48.3625869,OUTROS,0,0,1,0,0,0,0,0,0,1,1,5.0,1,1,Com feridos leves,False
2585467,NOTIFICACAO,2025-04-12,2025,4,12,16:48,Sábado,TARDE,VIAS URBANAS,NAO DISPONIVEL,AVENIDA 7 DE SETEMBRO,-21.6058318,-48.368099,NAO DISPONIVEL,0,0,0,0,0,0,0,0,0,0,0,16.0,0,0,Sem vítimas,True
2589236,NOTIFICACAO,2025-04-14,2025,4,14,06:52,Segunda-feira,MANHA,ESTRADAS E RODOVIAS,NAO DISPONIVEL,BR 364,,,OUTROS,0,0,0,0,0,0,0,0,0,0,0,6.0,0,0,Sem vítimas,False
2593574,NOTIFICACAO,2025-04-15,2025,4,15,13:58,Terça-feira,TARDE,VIAS URBANAS,NAO DISPONIVEL,RUA SAO LOURENCO,,,OUTROS,0,0,0,0,0,0,0,0,0,0,0,13.0,0,0,Sem vítimas,False
2586834,SINISTRO NAO FATAL,2025-04-18,2025,4,18,20:01,Sexta-feira,NOITE,VIAS URBANAS,PUBLICO,AVENIDA PADRE NELSON ANTONIO ROMAO,-21.6019187,-48.3614372,COLISAO,0,0,1,0,0,0,0,0,0,1,2,20.0,1,1,Com feridos leves,False
2579495,SINISTRO FATAL,2025-04-19,2025,4,19,22:30,Sábado,NOITE,ESTRADAS E RODOVIAS,PUBLICO,SP 326,-21.646567921,-48.3371494444,COLISAO,0,1,1,0,0,0,0,1,0,0,0,22.0,1,2,Com óbito,True
2584739,SINISTRO NAO FATAL,2025-04-19,2025,4,19,16:50,Sábado,TARDE,VIAS URBANAS,PUBLICO,AVENIDA 28 DE AGOSTO,-21.5995603,-48.3626204,COLISAO,0,1,1,0,0,0,0,0,0,1,1,16.0,1,2,Com feridos leves,True
2585111,NOTIFICACAO,2025-04-19,2025,4,19,16:54,Sábado,TARDE,VIAS URBANAS,NAO DISPONIVEL,AVENIDA 28 DE AGOSTO,,,OUTROS,0,0,0,0,0,0,0,0,0,0,0,16.0,0,0,Sem vítimas,True
2581027,NOTIFICACAO,2025-04-22,2025,4,22,16:48,Terça-feira,TARDE,VIAS URBANAS,NAO DISPONIVEL,AVENIDA TOLEDO MALTA,,,COLISAO,0,0,0,0,0,0,0,0,0,0,0,16.0,0,0,Sem vítimas,False
2583623,NOTIFICACAO,2025-04-22,2025,4,22,19:26,Terça-feira,NOITE,VIAS URBANAS,NAO DISPONIVEL,AVENIDA 7 DE SETEMBRO,-21.6058318,-48.368099,NAO DISPONIVEL,0,0,0,0,0,0,0,0,0,0,0,19.0,0,0,Sem vítimas,False
2587630,SINISTRO NAO FATAL,2025-04-23,2025,4,23,05:42,Quarta-feira,MADRUGADA,VIAS URBANAS,PUBLICO,AVENIDA LUWG ECKS,-21.60481009,-48.35311472,NAO DISPONIVEL,0,1,0,0,0,0,0,0,0,1,0,5.0,1,1,Com feridos leves,False
2593499,SINISTRO NAO FATAL,2025-04-24,2025,4,24,13:40,Quinta-feira,TARDE,VIAS URBANAS,NAO DISPONIVEL,RUA FRANCISCO PEDRO ANTONIO,,,CHOQUE,0,0,1,0,0,0,0,0,0,1,0,13.0,1,1,Com feridos leves,False
2583707,SINISTRO NAO FATAL,2025-04-25,2025,4,25,19:34,Sexta-feira,NOITE,VIAS URBANAS,PUBLICO,RUA SAO LOURENCO,-21.596239,-48.370858,COLISAO,0,1,1,0,0,0,0,0,0,1,1,19.0,1,2,Com feridos leves,False
2586709,SINISTRO NAO FATAL,2025-04-25,2025,4,25,23:36,Sexta-feira,NOITE,VIAS URBANAS,PUBLICO,RUA ELIAS RAIMUNDO DE BRITO,-21.6176035,-48.3482238,OUTROS,0,1,0,0,0,0,0,0,0,1,0,23.0,1,1,Com feridos leves,False
2589029,NOTIFICACAO,2025-04-25,2025,4,25,06:50,Sexta-feira,MANHA,VIAS URBANAS,NAO DISPONIVEL,AV JOAO MARCHESAN,,,OUTROS,0,0,0,0,0,0,0,0,0,0,0,6.0,0,0,Sem vítimas,False
2579497,SINISTRO FATAL,2025-04-26,2025,4,26,11:03,Sábado,MANHA,VIAS URBANAS,PUBLICO,AVENIDA FRANCISCO MASTROPIETRO,-21.5900671903,-48.355459,ATROPELAMENTO,0,0,1,0,0,1,0,1,0,0,0,11.0,1,1,Com óbito,True
2581636,NOTIFICACAO,2025-04-26,2025,4,26,13:42,Sábado,TARDE,VIAS URBANAS,NAO DISPONIVEL,RUA ORESTE BOZELI,,,OUTROS,0,0,0,0,0,0,0,0,0,0,0,13.0,0,0,Sem vítimas,True
2594003,NOTIFICACAO,2025-04-26,2025,4,26,11:03,Sábado,MANHA,VIAS URBANAS,NAO DISPONIVEL,AVENIDA FRANCISCO MASTROPIETRO,,,ATROPELAMENTO,0,0,0,0,0,0,0,0,0,0,0,11.0,0,0,Sem vítimas,True
2585514,SINISTRO NAO FATAL,2025-04-28,2025,4,28,19:08,Segunda-feira,NOITE,ESTRADAS E RODOVIAS,PUBLICO,SP 310,-21.5938628608,-48.4392679067,COLISAO,0,0,0,0,2,0,2,0,0,1,1,19.0,1,4,Com feridos leves,False
2582084,SINISTRO NAO FATAL,2025-04-30,2025,4,30,17:41,Quarta-feira,TARDE,VIAS URBANAS,PUBLICO,AVENIDA TROLESI,-21.6160777,-48.3541284,COLISAO,0,1,1,0,0,0,0,0,1,0,1,17.0,1,2,Com feridos graves,False
2599366,NOTIFICACAO,2025-05-02,2025,5,2,16:52,Sexta-feira,TARDE,VIAS URBANAS,NAO DISPONIVEL,RUA FIORAVANTE CALABRETI,,,OUTROS,0,0,0,0,0,0,0,0,0,0,0,16.0,0,0,Sem vítimas,False
2601400,NOTIFICACAO,2025-05-02,2025,5,2,19:45,Sexta-feira,NOITE,VIAS URBANAS,NAO DISPONIVEL,RUA OTONE CORREA,,,COLISAO,0,0,0,0,0,0,0,0,0,0,0,19.0,0,0,Sem vítimas,False
2601656,NOTIFICACAO,2025-05-02,2025,5,2,20:20,Sexta-feira,NOITE,VIAS URBANAS,NAO DISPONIVEL,AVENIDA SANTO ANTONIO,,,COLISAO,0,0,0,0,0,0,0,0,0,0,0,20.0,0,0,Sem vítimas,False
2602040,SINISTRO NAO FATAL,2025-05-02,2025,5,2,18:32,Sexta-feira,NOITE,VIAS URBANAS,PUBLICO,AVENIDA SAO PAULO,-21.59602,-48.3513902,COLISAO,0,1,1,0,0,0,0,0,0,1,1,18.0,1,2,Com feridos leves,False
2603351,NOTIFICACAO,2025-05-03,2025,5,3,21:36,Sábado,NOITE,VIAS URBANAS,NAO DISPONIVEL,AVENIDA FIORAVANTE BERTACHINI,,,OUTROS,0,0,0,0,0,0,0,0,0,0,0,21.0,0,0,Sem vítimas,True
2599263,NOTIFICACAO,2025-05-04,2025,5,4,11:36,Domingo,MANHA,VIAS URBANAS,NAO DISPONIVEL,AVENIDA 7 DE SETEMBRO,-21.6058318,-48.368099,ATROPELAMENTO,0,0,0,0,0,0,0,0,0,0,0,11.0,0,0,Sem vítimas,True
2603223,SINISTRO NAO FATAL,2025-05-04,2025,5,4,18:37,Domingo,NOITE,VIAS URBANAS,PUBLICO,AVENIDA SAO PAULO,-21.589518,-48.349918,COLISAO,0,0,3,0,0,0,0,0,0,1,2,18.0,1,3,Com feridos leves,True
2597090,NOTIFICACAO,2025-05-06,2025,5,6,17:07,Terça-feira,TARDE,VIAS URBANAS,NAO DISPONIVEL,AVENIDA MONTE ALTO,,,COLISAO,0,0,0,0,0,0,0,0,0,0,0,17.0,0,0,Sem vítimas,False
2597401,NOTIFICACAO,2025-05-07,2025,5,7,16:57,Quarta-feira,TARDE,VIAS URBANAS,NAO DISPONIVEL,AVENIDA SETE DE SETEMBRO,,,ATROPELAMENTO,0,0,0,0,0,0,0,0,0,0,0,16.0,0,0,Sem vítimas,False
2601492,NOTIFICACAO,2025-05-08,2025,5,8,20:51,Quinta-feira,NOITE,VIAS URBANAS,NAO DISPONIVEL,VIA NARCISO BALDAN,,,NAO DISPONIVEL,0,0,0,0,0,0,0,0,0,0,0,20.0,0,0,Sem vítimas,False
2603311,NOTIFICACAO,2025-05-08,2025,5,8,20:55,Quinta-feira,NOITE,VIAS URBANAS,NAO DISPONIVEL,VIA NARCISO BALDAN,,,NAO DISPONIVEL,0,0,0,0,0,0,0,0,0,0,0,20.0,0,0,Sem vítimas,False
2607875,SINISTRO NAO FATAL,2025-05-08,2025,5,8,05:40,Quinta-feira,MADRUGADA,VIAS URBANAS,PUBLICO,SP 310,-21.6662475161,-48.3668422829,COLISAO,0,0,1,0,1,0,2,0,0,1,1,5.0,1,4,Com feridos leves,False
2610700,SINISTRO NAO FATAL,2025-05-08,2025,5,8,13:12,Quinta-feira,TARDE,VIAS URBANAS,PUBLICO,AV PREFEITO LAERT JOSE TARALO MENDES,-21.601389,-48.373222,COLISAO,0,1,1,0,0,0,0,0,0,1,1,13.0,1,2,Com feridos leves,False
2599679,SINISTRO NAO FATAL,2025-05-10,2025,5,10,15:29,Sábado,TARDE,VIAS URBANAS,PUBLICO,RUA SAO LOURENCO,-21.593436,-48.379974,COLISAO,0,1,1,0,0,0,0,0,0,2,1,15.0,2,2,Com feridos leves,True
2607408,NOTIFICACAO,2025-05-10,2025,5,10,06:06,Sábado,MANHA,VIAS URBANAS,NAO DISPONIVEL,AVENIDA PINDORAMA,,,OUTROS,0,0,0,0,0,0,0,0,0,0,0,6.0,0,0,Sem vítimas,True
2609165,SINISTRO NAO FATAL,2025-05-10,2025,5,10,07:37,Sábado,MANHA,VIAS URBANAS,PUBLICO,RUA JOAO AUGUSTO DE ARRUDA,-21.591691,-48.3456725,CHOQUE,0,0,2,0,0,0,0,0,0,3,1,7.0,3,2,Com feridos leves,True
2607593,NOTIFICACAO,2025-05-12,2025,5,12,05:53,Segunda-feira,MADRUGADA,VIAS URBANAS,NAO DISPONIVEL,AVENIDA 7 DE SETEMBRO,-21.6058318,-48.368099,OUTROS,0,0,0,0,0,0,0,0,0,0,0,5.0,0,0,Sem vítimas,False
2595739,SINISTRO NAO FATAL,2025-05-13,2025,5,13,15:59,Terça-feira,TARDE,VIAS URBANAS,PUBLICO,AVENIDA BALDAN,,,COLISAO,0,1,1,0,0,0,0,0,0,1,1,15.0,1,2,Com feridos leves,False
2602566,SINISTRO NAO FATAL,2025-05-15,2025,5,15,21:40,Quinta-feira,NOITE,VIAS URBANAS,PUBLICO,AVENIDA PADRE NELSON ANTONIO ROMAO,-21.609767,-48.3645161,COLISAO,0,1,1,0,0,0,0,0,0,1,1,21.0,1,2,Com feridos leves,False
2599831,SINISTRO NAO FATAL,2025-05-16,2025,5,16,18:19,Sexta-feira,NOITE,VIAS URBANAS,PUBLICO,AVENIDA BALDAN,-21.6148473,-48.3673696,COLISAO,0,1,1,0,0,0,0,0,0,1,1,18.0,1,2,Com feridos leves,False
2600409,NOTIFICACAO,2025-05-16,2025,5,16,19:04,Sexta-feira,NOITE,VIAS URBANAS,NAO DISPONIVEL,VIA ORLANDO JOSE SCUTTI,,,NAO DISPONIVEL,0,0,0,0,0,0,0,0,0,0,0,19.0,0,0,Sem vítimas,False
2604999,NOTIFICACAO,2025-05-16,2025,5,16,07:05,Sexta-feira,MANHA,VIAS URBANAS,NAO DISPONIVEL,AVENIDA FRANCISCO MASTROPIETRO,,,COLISAO,0,0,0,0,0,0,0,0,0,0,0,7.0,0,0,Sem vítimas,False
2610178,SINISTRO NAO FATAL,2025-05-16,2025,5,16,13:33,Sexta-feira,TARDE,VIAS URBANAS,PUBLICO,RUA SAO LOURENCO,,,COLISAO,0,0,2,0,0,0,0,0,0,1,1,13.0,1,2,Com feridos leves,False
2610698,NOTIFICACAO,2025-05-16,2025,5,16,13:03,Sexta-feira,TARDE,VIAS URBANAS,NAO DISPONIVEL,RUA ALBERTO JOSE BENASSI,,,COLISAO,0,0,0,0,0,0,0,0,0,0,0,13.0,0,0,Sem vítimas,False
2604685,NOTIFICACAO,2025-05-17,2025,5,17,23:13,Sábado,NOITE,VIAS URBANAS,NAO DISPONIVEL,AVENIDA BALDAN,,,COLISAO,0,0,0,0,0,0,0,0,0,0,0,23.0,0,0,Sem vítimas,True
2609583,SINISTRO NAO FATAL,2025-05-20,2025,5,20,13:15,Terça-feira,TARDE,VIAS URBANAS,PUBLICO,RUA SAO LOURENCO,-21.6016119,-48.3561605,COLISAO,0,1,1,0,0,0,0,0,0,1,1,13.0,1,2,Com feridos leves,False
2609909,NOTIFICACAO,2025-05-20,2025,5,20,14:31,Terça-feira,TARDE,VIAS URBANAS,NAO DISPONIVEL,AVENIDA 7 DE SETEMBRO,-21.6058318,-48.368099,NAO DISPONIVEL,0,0,0,0,0,0,0,0,0,0,0,14.0,0,0,Sem vítimas,False
2611676,SINISTRO NAO FATAL,2025-05-21,2025,5,21,14:23,Quarta-feira,TARDE,VIAS URBANAS,PUBLICO,AVENIDA BALDAN,-21.6148473,-48.3673696,COLISAO,0,1,1,0,0,0,0,0,0,1,1,14.0,1,2,Com feridos leves,False
2597805,SINISTRO NAO FATAL,2025-05-22,2025,5,22,17:37,Quinta-feira,TARDE,VIAS URBANAS,PUBLICO,ALAMEDA DA SAUDADE,-21.5988301,-48.3774463,COLISAO,0,1,1,0,0,0,0,0,0,1,1,17.0,1,2,Com feridos leves,False
2600339,NOTIFICACAO,2025-05-23,2025,5,23,20:44,Sexta-feira,NOITE,VIAS URBANAS,NAO DISPONIVEL,RUA JOSE GONCALVES,,,OUTROS,0,0,0,0,0,0,0,0,0,0,0,20.0,0,0,Sem vítimas,False
2601340,SINISTRO NAO FATAL,2025-05-23,2025,5,23,20:42,Sexta-feira,NOITE,VIAS URBANAS,PUBLICO,RUA JOSE GONCALVES,-21.6031282,-48.3905049,COLISAO,0,1,1,0,0,0,0,0,1,1,1,20.0,2,2,Com feridos graves,False
2601546,SINISTRO NAO FATAL,2025-05-24,2025,5,24,17:34,Sábado,TARDE,VIAS URBANAS,PUBLICO,AV TROLEZI,-21.59849374,-48.36298215,COLISAO,0,1,1,0,0,0,0,0,0,1,1,17.0,1,2,Com feridos leves,True
2602925,NOTIFICACAO,2025-05-24,2025,5,24,17:37,Sábado,TARDE,VIAS URBANAS,NAO DISPONIVEL,AVENIDA TROLESI,,,OUTROS,0,0,0,0,0,0,0,0,0,0,0,17.0,0,0,Sem vítimas,True
2603092,NOTIFICACAO,2025-05-24,2025,5,24,17:47,Sábado,TARDE,VIAS URBANAS,NAO DISPONIVEL,AVENIDA TROLESI,,,NAO DISPONIVEL,0,0,0,0,0,0,0,0,0,0,0,17.0,0,0,Sem vítimas,True
2603133,NOTIFICACAO,2025-05-24,2025,5,24,17:48,Sábado,TARDE,VIAS URBANAS,NAO DISPONIVEL,AVENIDA TROLEZI,,,OUTROS,0,0,0,0,0,0,0,0,0,0,0,17.0,0,0,Sem vítimas,True
2606057,NOTIFICACAO,2025-05-24,2025,5,24,03:49,Sábado,MADRUGADA,VIAS URBANAS,NAO DISPONIVEL,AVENIDA MATO GROSSO DO SUL,,,CHOQUE,0,0,0,0,0,0,0,0,0,0,0,3.0,0,0,Sem vítimas,True
2611745,SINISTRO NAO FATAL,2025-05-24,2025,5,24,11:26,Sábado,MANHA,VIAS URBANAS,PUBLICO,AVENIDA CAMPOS SALLES,-21.594342,-48.363778,COLISAO,0,1,1,0,0,0,0,0,0,1,1,11.0,1,2,Com feridos leves,True
2602939,NOTIFICACAO,2025-05-25,2025,5,25,17:57,Domingo,TARDE,VIAS URBANAS,NAO DISPONIVEL,CLUBE DE CAMPO SINDICATO DOS METALURGICOS DE MATAO,,,NAO DISPONIVEL,0,0,0,0,0,0,0,0,0,0,0,17.0,0,0,Sem vítimas,True
2604182,SINISTRO NAO FATAL,2025-05-25,2025,5,25,18:00,Domingo,NOITE,ESTRADAS E RODOVIAS,PUBLICO,BR 364,-21.6456875,-48.3368125,COLISAO,0,0,2,0,0,0,0,0,0,1,2,18.0,1,2,Com feridos leves,True
2606029,NOTIFICACAO,2025-05-25,2025,5,25,01:31,Domingo,MADRUGADA,VIAS URBANAS,NAO DISPONIVEL,RUA MARLENE DAVID DOS SANTOS,,,COLISAO,0,0,0,0,0,0,0,0,0,0,0,1.0,0,0,Sem vítimas,True
2605829,NOTIFICACAO,2025-05-26,2025,5,26,07:18,Segunda-feira,MANHA,VIAS URBANAS,NAO DISPONIVEL,AVENIDA ARMINIO DE ARRUDA CAMARGO,,,COLISAO,0,0,0,0,0,0,0,0,0,0,0,7.0,0,0,Sem vítimas,False
2598662,NOTIFICACAO,2025-05-27,2025,5,27,19:32,Terça-feira,NOITE,VIAS URBANAS,NAO DISPONIVEL,AVENIDA 7 DE SETEMBRO,-21.6058318,-48.368099,ATROPELAMENTO,0,0,0,0,0,0,0,0,0,0,0,19.0,0,0,Sem vítimas,False
2611290,NOTIFICACAO,2025-05-27,2025,5,27,13:49,Terça-feira,TARDE,VIAS URBANAS,NAO DISPONIVEL,AVENIDA CAMPOS SALLES,,,COLISAO,0,0,0,0,0,0,0,0,0,0,0,13.0,0,0,Sem vítimas,False
2595454,SINISTRO NAO FATAL,2025-05-28,2025,5,28,14:49,Quarta-feira,TARDE,VIAS URBANAS,PUBLICO,RUA SAO LOURENCO,,,OUTROS,1,0,1,0,0,0,0,0,0,1,0,14.0,1,2,Com feridos leves,False
2599612,SINISTRO NAO FATAL,2025-05-29,2025,5,29,19:31,Quinta-feira,NOITE,VIAS URBANAS,PUBLICO,AVENIDA JOSE CERQUEIRA,-21.5936283,-48.3778786,COLISAO,0,1,1,0,0,0,0,0,0,1,1,19.0,1,2,Com feridos leves,False
2599890,SINISTRO NAO FATAL,2025-05-29,2025,5,29,18:33,Quinta-feira,NOITE,VIAS URBANAS,PUBLICO,RUA ITAPOLIS,-21.6095434,-48.359893,COLISAO,0,1,1,0,0,0,0,0,0,1,1,18.0,1,2,Com feridos leves,False
2602551,NOTIFICACAO,2025-05-30,2025,5,30,21:07,Sexta-feira,NOITE,VIAS URBANAS,NAO DISPONIVEL,JOAO MARCHESAN,,,OUTROS,0,0,0,0,0,0,0,0,0,0,0,21.0,0,0,Sem vítimas,False
2596527,SINISTRO NAO FATAL,2025-05-31,2025,5,31,14:12,Sábado,TARDE,VIAS URBANAS,PUBLICO,AVENIDA SAO PAULO,-21.5982265,-48.3517608,COLISAO,0,1,1,0,0,0,0,0,0,1,2,14.0,1,2,Com feridos leves,True
2618480,NOTIFICACAO,2025-06-02,2025,6,2,22:29,Segunda-feira,NOITE,VIAS URBANAS,NAO DISPONIVEL,SP 310,-21.8216858944,-48.1737357422,OUTROS,0,0,0,0,0,0,0,0,0,0,0,22.0,0,0,Sem vítimas,False
2623631,NOTIFICACAO,2025-06-04,2025,6,4,11:04,Quarta-feira,MANHA,VIAS URBANAS,NAO DISPONIVEL,RUA SINHARINHA FROTA,-21.6052791,-48.3678239,NAO DISPONIVEL,0,0,0,0,0,0,0,0,0,0,0,11.0,0,0,Sem vítimas,False
2614159,SINISTRO NAO FATAL,2025-06-05,2025,6,5,17:00,Quinta-feira,TARDE,VIAS URBANAS,PUBLICO,R JOSE BONIFACIO,-21.6055,-48.362028,COLISAO,0,1,1,0,0,0,0,0,0,1,1,17.0,1,2,Com feridos leves,False
2616669,SINISTRO NAO FATAL,2025-06-05,2025,6,5,18:38,Quinta-feira,NOITE,VIAS URBANAS,PUBLICO,RUA AMERICO VEZANI,-21.5856177,-48.3723885,ATROPELAMENTO,0,1,0,0,0,1,0,0,0,1,1,18.0,1,1,Com feridos leves,False
2617488,SINISTRO NAO FATAL,2025-06-05,2025,6,5,19:38,Quinta-feira,NOITE,VIAS URBANAS,PUBLICO,R SAO LOURENCO,-21.601639,-48.359167,COLISAO,0,0,1,0,0,0,0,0,0,1,1,19.0,1,1,Com feridos leves,False
2625547,SINISTRO NAO FATAL,2025-06-05,2025,6,5,13:14,Quinta-feira,TARDE,VIAS URBANAS,PUBLICO,RUA SAO LOURENCO,,,COLISAO,0,1,1,0,0,0,0,0,0,1,1,13.0,1,2,Com feridos leves,False
2627395,NOTIFICACAO,2025-06-05,2025,6,5,13:19,Quinta-feira,TARDE,VIAS URBANAS,NAO DISPONIVEL,RUA SAO LOURENCO,,,NAO DISPONIVEL,0,0,0,0,0,0,0,0,0,0,0,13.0,0,0,Sem vítimas,False
2620795,SINISTRO NAO FATAL,2025-06-06,2025,6,6,07:06,Sexta-feira,MANHA,VIAS URBANAS,PUBLICO,RUA SINHARINHA FROTA,-21.6082069,-48.3613267,COLISAO,0,1,1,0,0,0,0,0,0,1,2,7.0,1,2,Com feridos leves,False
2612849,SINISTRO NAO FATAL,2025-06-07,2025,6,7,11:05,Sábado,MANHA,VIAS URBANAS,PUBLICO,R SINHARINHA FROTA,-21.608722,-48.359722,COLISAO,0,1,1,0,0,0,0,0,0,1,1,11.0,1,2,Com feridos leves,True
2615281,SINISTRO NAO FATAL,2025-06-07,2025,6,7,13:52,Sábado,TARDE,VIAS URBANAS,PUBLICO,AVENIDA SAO PAULO,-21.5906185,-48.3498118,COLISAO,0,1,1,0,0,0,0,0,0,1,1,13.0,1,2,Com feridos leves,True
2617617,NOTIFICACAO,2025-06-07,2025,6,7,16:37,Sábado,TARDE,VIAS URBANAS,NAO DISPONIVEL,AV 15 DE NOVEMBRO,,,COLISAO,0,0,0,0,0,0,0,0,0,0,0,16.0,0,0,Sem vítimas,True
2618139,NOTIFICACAO,2025-06-07,2025,6,7,17:27,Sábado,TARDE,VIAS URBANAS,NAO DISPONIVEL,AVENIDA SIQUEIRA CAMPOS,,,NAO DISPONIVEL,0,0,0,0,0,0,0,0,0,0,0,17.0,0,0,Sem vítimas,True
2619525,NOTIFICACAO,2025-06-07,2025,6,7,20:50,Sábado,NOITE,VIAS URBANAS,NAO DISPONIVEL,AVENIDA 7 DE SETEMBRO,-21.6058318,-48.368099,NAO DISPONIVEL,0,0,0,0,0,0,0,0,0,0,0,20.0,0,0,Sem vítimas,True
2627348,SINISTRO NAO FATAL,2025-06-07,2025,6,7,08:56,Sábado,MANHA,VIAS URBANAS,PUBLICO,RUA TABATINGA,-21.6121595,-48.3574617,ATROPELAMENTO,0,0,2,0,0,0,0,0,0,2,3,8.0,2,2,Com feridos leves,True
2623987,NOTIFICACAO,2025-06-08,2025,6,8,01:43,Domingo,MADRUGADA,VIAS URBANAS,NAO DISPONIVEL,RUA JOSE GONCALVES,,,NAO DISPONIVEL,0,0,0,0,0,0,0,0,0,0,0,1.0,0,0,Sem vítimas,True
2613934,SINISTRO NAO FATAL,2025-06-09,2025,6,9,17:33,Segunda-feira,TARDE,VIAS URBANAS,PUBLICO,RUA SAO LOURENCO,,,COLISAO,0,0,1,0,0,0,0,0,0,1,2,17.0,1,1,Com feridos leves,False
2615868,NOTIFICACAO,2025-06-09,2025,6,9,19:19,Segunda-feira,NOITE,VIAS URBANAS,NAO DISPONIVEL,AVENIDA CAMPOS SALLES,-21.6018058,-48.3681172,COLISAO,0,0,0,0,0,0,0,0,0,0,0,19.0,0,0,Sem vítimas,False
2626861,SINISTRO NAO FATAL,2025-06-09,2025,6,9,13:13,Segunda-feira,TARDE,VIAS URBANAS,PUBLICO,ALAMEDA DA SAUDADE,-21.6004466,-48.3729299,COLISAO,0,0,3,0,0,0,0,0,0,1,2,13.0,1,3,Com feridos leves,False
2620960,SINISTRO NAO FATAL,2025-06-12,2025,6,12,07:47,Quinta-feira,MANHA,VIAS URBANAS,PUBLICO,RUA RUI BARBOSA,-21.6018679,-48.3681636,OUTROS,0,0,0,0,1,0,1,0,0,1,1,7.0,1,2,Com feridos leves,False
2621281,NOTIFICACAO,2025-06-12,2025,6,12,06:24,Quinta-feira,MANHA,VIAS URBANAS,NAO DISPONIVEL,AVENIDA CAMPOS SALLES,-21.6018058,-48.3681172,NAO DISPONIVEL,0,0,0,0,0,0,0,0,0,0,0,6.0,0,0,Sem vítimas,False
2625087,NOTIFICACAO,2025-06-12,2025,6,12,10:11,Quinta-feira,MANHA,VIAS URBANAS,NAO DISPONIVEL,RUA SINHARINHA FROTA,-21.6052791,-48.3678239,NAO DISPONIVEL,0,0,0,0,0,0,0,0,0,0,0,10.0,0,0,Sem vítimas,False
2627701,SINISTRO NAO FATAL,2025-06-12,2025,6,12,16:15,Quinta-feira,TARDE,VIAS URBANAS,PUBLICO,RUA JOSE GONCALVES,-21.6033497,-48.3885036,COLISAO,0,1,1,0,0,0,0,0,1,0,1,16.0,1,2,Com feridos graves,False
2615941,SINISTRO NAO FATAL,2025-06-13,2025,6,13,19:32,Sexta-feira,NOITE,VIAS URBANAS,PUBLICO,AVENIDA TROLESI,-21.6109169,-48.35101951,COLISAO,0,1,0,0,1,0,0,0,1,0,1,19.0,1,2,Com feridos graves,False
2624855,SINISTRO NAO FATAL,2025-06-13,2025,6,13,09:20,Sexta-feira,MANHA,VIAS URBANAS,PRIVADO,AVENIDA 15 DE NOVEMBRO,-21.6023634,-48.3651613,NAO DISPONIVEL,0,0,1,0,0,0,1,0,0,3,3,9.0,3,2,Com feridos leves,False
2625136,SINISTRO NAO FATAL,2025-06-13,2025,6,13,09:16,Sexta-feira,MANHA,VIAS URBANAS,PUBLICO,RUA SINHARINHA FROTA,-21.6086817,-48.3605246,COLISAO,0,1,1,0,0,0,0,0,1,0,1,9.0,1,2,Com feridos graves,False
2611768,SINISTRO FATAL,2025-06-14,2025,6,14,19:03,Sábado,NOITE,VIAS URBANAS,PUBLICO,ESTRADA VICINAL PREFEITO LAERT TARALLO MENDES,-21.5744709884,-48.4529438373,COLISAO,0,1,1,0,0,0,0,1,0,0,0,19.0,1,2,Com óbito,True
2617657,NOTIFICACAO,2025-06-14,2025,6,14,18:16,Sábado,NOITE,VIAS URBANAS,NAO DISPONIVEL,RUA SAO LOURENCO,,,NAO DISPONIVEL,0,0,0,0,0,0,0,0,0,0,0,18.0,0,0,Sem vítimas,True
2618151,NOTIFICACAO,2025-06-14,2025,6,14,19:15,Sábado,NOITE,VIAS URBANAS,NAO DISPONIVEL,SAO LORENCO DO TURVO,,,NAO DISPONIVEL,0,0,0,0,0,0,0,0,0,0,0,19.0,0,0,Sem vítimas,True
2627625,NOTIFICACAO,2025-06-14,2025,6,14,11:41,Sábado,MANHA,VIAS URBANAS,NAO DISPONIVEL,AV SAO PAULO,,,NAO DISPONIVEL,0,0,0,0,0,0,0,0,0,0,0,11.0,0,0,Sem vítimas,True
2611771,SINISTRO FATAL,2025-06-15,2025,6,15,17:59,Domingo,TARDE,VIAS URBANAS,PUBLICO,AVENIDA 28 DE AGOSTO,-21.5975921822,-48.3612696429,COLISAO,0,1,1,0,0,0,0,1,0,0,0,17.0,1,2,Com óbito,True
2618700,NOTIFICACAO,2025-06-15,2025,6,15,18:08,Domingo,NOITE,VIAS URBANAS,NAO DISPONIVEL,AVENIDA 28 DE AGOSTO,,,OUTROS,0,0,0,0,0,0,0,0,0,0,0,18.0,0,0,Sem vítimas,True
2617754,SINISTRO NAO FATAL,2025-06-16,2025,6,16,21:16,Segunda-feira,NOITE,VIAS URBANAS,PUBLICO,RUA SAO LOURENCO,,,COLISAO,0,1,1,0,0,0,0,0,0,1,1,21.0,1,2,Com feridos leves,False
2614008,SINISTRO NAO FATAL,2025-06-17,2025,6,17,17:41,Terça-feira,TARDE,VIAS URBANAS,PUBLICO,EDIFICIO CASTRO ALVES  CENTRO,-21.5994145,-48.3612739,COLISAO,0,1,1,0,0,0,0,0,0,1,1,17.0,1,2,Com feridos leves,False
2625368,NOTIFICACAO,2025-06-17,2025,6,17,13:44,Terça-feira,TARDE,VIAS URBANAS,NAO DISPONIVEL,AVENIDA 15 DE NOVEMBRO,,,COLISAO,0,0,0,0,0,0,0,0,0,0,0,13.0,0,0,Sem vítimas,False
2616572,NOTIFICACAO,2025-06-18,2025,6,18,19:45,Quarta-feira,NOITE,ESTRADAS E RODOVIAS,NAO DISPONIVEL,SP 310,-21.6603311329,-48.3739496833,NAO DISPONIVEL,0,0,0,0,0,0,0,0,0,0,0,19.0,0,0,Sem vítimas,False
2612653,NOTIFICACAO,2025-06-19,2025,6,19,12:09,Quinta-feira,TARDE,VIAS URBANAS,NAO DISPONIVEL,AVENIDA SINHARIA FROTA,,,ATROPELAMENTO,0,0,0,0,0,0,0,0,0,0,0,12.0,0,0,Sem vítimas,False
2619912,NOTIFICACAO,2025-06-19,2025,6,19,22:02,Quinta-feira,NOITE,VIAS URBANAS,NAO DISPONIVEL,AVENIDA SETE DE SETEMBRO,,,NAO DISPONIVEL,0,0,0,0,0,0,0,0,0,0,0,22.0,0,0,Sem vítimas,False
2621357,NOTIFICACAO,2025-06-19,2025,6,19,21:06,Quinta-feira,NOITE,VIAS URBANAS,NAO DISPONIVEL,RUA MARANHAO,,,NAO DISPONIVEL,0,0,0,0,0,0,0,0,0,0,0,21.0,0,0,Sem vítimas,False
2622191,SINISTRO NAO FATAL,2025-06-19,2025,6,19,04:18,Quinta-feira,MADRUGADA,VIAS URBANAS,PUBLICO,AVENIDA CAMPOS SALLES,-21.6076678,-48.3710713,COLISAO,0,1,1,0,0,0,0,0,1,0,1,4.0,1,2,Com feridos graves,False
2622420,SINISTRO NAO FATAL,2025-06-19,2025,6,19,02:17,Quinta-feira,MADRUGADA,VIAS URBANAS,PUBLICO,RUA ANTONIO BOVO,-21.6160059,-48.3595224,CHOQUE,0,0,1,0,0,0,0,0,0,1,1,2.0,1,1,Com feridos leves,False
2620997,SINISTRO NAO FATAL,2025-06-21,2025,6,21,20:43,Sábado,NOITE,VIAS URBANAS,PUBLICO,AVENIDA PADRE NELSON ANTONIO ROMAO,-21.6019901,-48.3614609,COLISAO,1,0,1,0,0,0,0,0,0,1,2,20.0,1,2,Com feridos leves,True
2622530,NOTIFICACAO,2025-06-22,2025,6,22,00:58,Domingo,MADRUGADA,VIAS URBANAS,NAO DISPONIVEL,AVENIDA 7 DE SETEMBRO,-21.6058318,-48.368099,CHOQUE,0,0,0,0,0,0,0,0,0,0,0,0.0,0,0,Sem vítimas,True
2614079,NOTIFICACAO,2025-06-23,2025,6,23,17:03,Segunda-feira,TARDE,VIAS URBANAS,NAO DISPONIVEL,VIA ORLANDO JOSE SCUTTI,,,NAO DISPONIVEL,0,0,0,0,0,0,0,0,0,0,0,17.0,0,0,Sem vítimas,False
2624742,SINISTRO NAO FATAL,2025-06-23,2025,6,23,11:46,Segunda-feira,MANHA,VIAS URBANAS,PUBLICO,R JOSE GONCALVES,-21.60475,-48.378389,COLISAO,1,0,1,0,0,0,0,0,1,0,1,11.0,1,2,Com feridos graves,False
2612890,SINISTRO NAO FATAL,2025-06-24,2025,6,24,17:01,Terça-feira,TARDE,VIAS URBANAS,PUBLICO,AVENIDA 28 DE AGOSTO,-21.6049815,-48.3651349,COLISAO,0,1,1,0,0,0,0,0,0,1,1,17.0,1,2,Com feridos leves,False
2621757,NOTIFICACAO,2025-06-24,2025,6,24,08:45,Terça-feira,MANHA,VIAS URBANAS,NAO DISPONIVEL,AVENIDA 7 DE SETEMBRO,-21.6058318,-48.368099,NAO DISPONIVEL,0,0,0,0,0,0,0,0,0,0,0,8.0,0,0,Sem vítimas,False
2624311,SINISTRO NAO FATAL,2025-06-25,2025,6,25,12:38,Quarta-feira,TARDE,VIAS URBANAS,PUBLICO,AVENIDA 15 DE NOVEMBRO,-21.601649,-48.364673,COLISAO,0,1,1,0,0,0,0,0,0,1,1,12.0,1,2,Com feridos leves,False
2619056,NOTIFICACAO,2025-06-26,2025,6,26,21:24,Quinta-feira,NOITE,VIAS URBANAS,NAO DISPONIVEL,AVENIDA SETE DE SETEMBRO,,,NAO DISPONIVEL,0,0,0,0,0,0,0,0,0,0,0,21.0,0,0,Sem vítimas,False
2624273,SINISTRO NAO FATAL,2025-06-28,2025,6,28,08:23,Sábado,MANHA,VIAS URBANAS,PUBLICO,AVENIDA SALDANHA DA GAMA,-21.6049395,-48.3716505,COLISAO,0,1,1,0,0,0,0,0,1,0,1,8.0,1,2,Com feridos graves,True
2618290,NOTIFICACAO,2025-06-29,2025,6,29,12:08,Domingo,TARDE,VIAS URBANAS,NAO DISPONIVEL,RUA MARLENE DAVID DOS SANTOS,,,COLISAO,0,0,0,0,0,0,0,0,0,0,0,12.0,0,0,Sem vítimas,True
2622411,NOTIFICACAO,2025-06-29,2025,6,29,20:14,Domingo,NOITE,VIAS URBANAS,NAO DISPONIVEL,AVENIDA 7 DE SETEMBRO,-21.6058318,-48.368099,NAO DISPONIVEL,0,0,0,0,0,0,0,0,0,0,0,20.0,0,0,Sem vítimas,True
2616303,NOTIFICACAO,2025-06-30,2025,6,30,18:08,Segunda-feira,NOITE,VIAS URBANAS,NAO DISPONIVEL,RUA RUI BARBOSA,,,NAO DISPONIVEL,0,0,0,0,0,0,0,0,0,0,0,18.0,0,0,Sem vítimas,False
2630770,NOTIFICACAO,2025-07-01,2025,7,1,19:30,Terça-feira,NOITE,VIAS URBANAS,NAO DISPONIVEL,RUA ITAPOLIS,,,NAO DISPONIVEL,0,0,0,0,0,0,0,0,0,0,0,19.0,0,0,Sem vítimas,False
2633661,SINISTRO NAO FATAL,2025-07-02,2025,7,2,22:26,Quarta-feira,NOITE,VIAS URBANAS,PUBLICO,CARL FISCHER,-21.59849374,-48.36298215,COLISAO,0,0,2,0,0,0,0,0,0,0,3,22.0,0,2,Sem vítimas,False
2633827,NOTIFICACAO,2025-07-02,2025,7,2,22:39,Quarta-feira,NOITE,VIAS URBANAS,NAO DISPONIVEL,CARLOS FISCHER,,,NAO DISPONIVEL,0,0,0,0,0,0,0,0,0,0,0,22.0,0,0,Sem vítimas,False
2635340,NOTIFICACAO,2025-07-02,2025,7,2,23:10,Quarta-feira,NOITE,VIAS URBANAS,NAO DISPONIVEL,AVENIDA FRANCISCO MASTROPIETRO,,,ATROPELAMENTO,0,0,0,0,0,0,0,0,0,0,0,23.0,0,0,Sem vítimas,False
2636018,NOTIFICACAO,2025-07-02,2025,7,2,06:58,Quarta-feira,MANHA,VIAS URBANAS,NAO DISPONIVEL,RUA ELIAS RAIMUNDO DE BRITO,,,NAO DISPONIVEL,0,0,0,0,0,0,0,0,0,0,0,6.0,0,0,Sem vítimas,False
2636082,NOTIFICACAO,2025-07-02,2025,7,2,06:52,Quarta-feira,MANHA,VIAS URBANAS,NAO DISPONIVEL,RUA MARLENE DAVID DOS SANTOS,,,OUTROS,0,0,0,0,0,0,0,0,0,0,0,6.0,0,0,Sem vítimas,False
2637002,NOTIFICACAO,2025-07-02,2025,7,2,07:09,Quarta-feira,MANHA,VIAS URBANAS,NAO DISPONIVEL,RUA JOAO CECHETO,,,OUTROS,0,0,0,0,0,0,0,0,0,0,0,7.0,0,0,Sem vítimas,False
2643085,NOTIFICACAO,2025-07-03,2025,7,3,23:58,Quinta-feira,NOITE,ESTRADAS E RODOVIAS,NAO DISPONIVEL,SP 326,,,ATROPELAMENTO,0,0,0,0,0,0,0,0,0,0,0,23.0,0,0,Sem vítimas,False
2629979,NOTIFICACAO,2025-07-04,2025,7,4,17:49,Sexta-feira,TARDE,VIAS URBANAS,NAO DISPONIVEL,RUA SINHARINHA FROTA,-21.6052791,-48.3678239,NAO DISPONIVEL,0,0,0,0,0,0,0,0,0,0,0,17.0,0,0,Sem vítimas,False
2633922,SINISTRO NAO FATAL,2025-07-04,2025,7,4,20:16,Sexta-feira,NOITE,VIAS URBANAS,PUBLICO,RUA SAO LOURENCO,,,COLISAO,0,1,1,0,0,0,0,0,0,1,1,20.0,1,2,Com feridos leves,False
2632956,NOTIFICACAO,2025-07-05,2025,7,5,16:00,Sábado,TARDE,VIAS URBANAS,NAO DISPONIVEL,AVENIDA CAMPOS SALLES,-21.6018058,-48.3681172,NAO DISPONIVEL,0,0,0,0,0,0,0,0,0,0,0,16.0,0,0,Sem vítimas,True
2633538,SINISTRO NAO FATAL,2025-07-05,2025,7,5,15:47,Sábado,TARDE,VIAS URBANAS,PUBLICO,AVENIDA JOAO MARCHESAN,-21.6043661,-48.3858794,COLISAO,0,0,1,0,0,0,0,0,0,1,1,15.0,1,1,Com feridos leves,True
2635320,NOTIFICACAO,2025-07-05,2025,7,5,19:22,Sábado,NOITE,VIAS URBANAS,NAO DISPONIVEL,AVENIDA MONTE ALTO,,,COLISAO,0,0,0,0,0,0,0,0,0,0,0,19.0,0,0,Sem vítimas,True
2635540,NOTIFICACAO,2025-07-05,2025,7,5,19:59,Sábado,NOITE,VIAS URBANAS,NAO DISPONIVEL,AVENIDA 7 DE SETEMBRO,-21.6058318,-48.368099,NAO DISPONIVEL,0,0,0,0,0,0,0,0,0,0,0,19.0,0,0,Sem vítimas,True
2635918,SINISTRO NAO FATAL,2025-07-06,2025,7,6,15:11,Domingo,TARDE,VIAS URBANAS,PUBLICO,AVENIDA ARARAQUARA,-21.60673,-48.358662,COLISAO,0,1,1,0,0,0,0,0,1,0,2,15.0,1,2,Com feridos graves,True
2628682,SINISTRO NAO FATAL,2025-07-07,2025,7,7,14:55,Segunda-feira,TARDE,VIAS URBANAS,PUBLICO,RUA SINHARINHA FROTA,-21.6075976,-48.3626263,COLISAO,0,1,0,0,0,0,0,0,0,1,0,14.0,1,1,Com feridos leves,False
2628873,NOTIFICACAO,2025-07-08,2025,7,8,16:50,Terça-feira,TARDE,VIAS URBANAS,NAO DISPONIVEL,RUA SINHARINHA FROTA,-21.6052791,-48.3678239,NAO DISPONIVEL,0,0,0,0,0,0,0,0,0,0,0,16.0,0,0,Sem vítimas,False
2629482,NOTIFICACAO,2025-07-08,2025,7,8,17:27,Terça-feira,TARDE,VIAS URBANAS,NAO DISPONIVEL,RUA ANTONIO RAMOS GOMES,,,NAO DISPONIVEL,0,0,0,0,0,0,0,0,0,0,0,17.0,0,0,Sem vítimas,False
2634020,NOTIFICACAO,2025-07-08,2025,7,8,22:56,Terça-feira,NOITE,VIAS URBANAS,NAO DISPONIVEL,SP 310,,,OUTROS,0,0,0,0,0,0,0,0,0,0,0,22.0,0,0,Sem vítimas,False
2634468,NOTIFICACAO,2025-07-08,2025,7,8,23:36,Terça-feira,NOITE,ESTRADAS E RODOVIAS,NAO DISPONIVEL,SP 326,-21.6438800388,-48.3370176753,OUTROS,0,0,0,0,0,0,0,0,0,0,0,23.0,0,0,Sem vítimas,False
2634670,NOTIFICACAO,2025-07-08,2025,7,8,23:03,Terça-feira,NOITE,ESTRADAS E RODOVIAS,NAO DISPONIVEL,SP 326,,,ATROPELAMENTO,0,0,0,0,0,0,0,0,0,0,0,23.0,0,0,Sem vítimas,False
2634988,NOTIFICACAO,2025-07-09,2025,7,9,18:09,Quarta-feira,NOITE,VIAS URBANAS,NAO DISPONIVEL,RUA JOSE GONCALVES,,,ATROPELAMENTO,0,0,0,0,0,0,0,0,0,0,0,18.0,0,0,Sem vítimas,False
2643806,NOTIFICACAO,2025-07-11,2025,7,11,14:38,Sexta-feira,TARDE,VIAS URBANAS,NAO DISPONIVEL,AVENIDA LUDWIG ECKES,,,CHOQUE,0,0,0,0,0,0,0,0,0,0,0,14.0,0,0,Sem vítimas,False
2631579,NOTIFICACAO,2025-07-12,2025,7,12,14:25,Sábado,TARDE,VIAS URBANAS,NAO DISPONIVEL,RUA SINHARINHA FROTA,,,NAO DISPONIVEL,0,0,0,0,0,0,0,0,0,0,0,14.0,0,0,Sem vítimas,True
2632430,SINISTRO NAO FATAL,2025-07-13,2025,7,13,11:28,Domingo,MANHA,VIAS URBANAS,PUBLICO,VIA CLITO BASTIA,-21.623095,-48.329917,OUTROS,0,1,0,0,0,0,0,0,0,1,1,11.0,1,1,Com feridos leves,True
2639760,SINISTRO NAO FATAL,2025-07-13,2025,7,13,02:37,Domingo,MADRUGADA,VIAS URBANAS,PUBLICO,DO PESCADOR,-21.59849374,-48.36298215,OUTROS,0,0,1,0,0,0,0,0,0,1,0,2.0,1,1,Com feridos leves,True
2632982,NOTIFICACAO,2025-07-17,2025,7,17,20:36,Quinta-feira,NOITE,VIAS URBANAS,NAO DISPONIVEL,AVENIDA EVARISTO ABREU,,,NAO DISPONIVEL,0,0,0,0,0,0,0,0,0,0,0,20.0,0,0,Sem vítimas,False
2641372,SINISTRO NAO FATAL,2025-07-17,2025,7,17,08:32,Quinta-feira,MANHA,VIAS URBANAS,PUBLICO,DO TRABALHADOR,-21.5817291,-48.3707397,OUTROS,0,0,1,0,0,0,0,0,0,1,0,8.0,1,1,Com feridos leves,False
2630074,SINISTRO NAO FATAL,2025-07-18,2025,7,18,16:13,Sexta-feira,TARDE,VIAS URBANAS,PUBLICO,AVENIDA BALDAN,-21.6132844,-48.3719068,COLISAO,0,1,0,0,1,0,0,0,0,1,2,16.0,1,2,Com feridos leves,False
2633895,SINISTRO NAO FATAL,2025-07-18,2025,7,18,20:59,Sexta-feira,NOITE,VIAS URBANAS,PUBLICO,RUA SINHARINHA FROTA,-21.6082069,-48.3613267,COLISAO,0,1,1,0,0,0,0,0,0,2,0,20.0,2,2,Com feridos leves,False
2627900,SINISTRO FATAL,2025-07-19,2025,7,19,21:41,Sábado,NOITE,VIAS URBANAS,PUBLICO,AVENIDA SIQUEIRA CAMPOS,-21.60894793,-48.3706574035,CHOQUE,0,0,1,0,0,0,0,1,0,0,0,21.0,1,1,Com óbito,True
2629172,NOTIFICACAO,2025-07-19,2025,7,19,21:01,Sábado,NOITE,VIAS URBANAS,PUBLICO,RUA SINHARINHA FROTA,-21.6116529,-48.3545062,COLISAO,0,0,0,0,0,0,0,0,0,0,0,21.0,0,0,Sem vítimas,True
2636242,SINISTRO NAO FATAL,2025-07-19,2025,7,19,21:01,Sábado,NOITE,VIAS URBANAS,PUBLICO,RUA SINHARINHA FROTA,-21.6116529,-48.3545062,COLISAO,0,0,3,0,0,0,0,0,0,1,1,21.0,1,3,Com feridos leves,True
2637332,SINISTRO NAO FATAL,2025-07-19,2025,7,19,23:20,Sábado,NOITE,VIAS URBANAS,PUBLICO,AVENIDA TROLESI,-21.6163033,-48.3551256,COLISAO,0,1,1,0,0,0,0,0,1,1,2,23.0,2,2,Com feridos graves,True
2635238,NOTIFICACAO,2025-07-20,2025,7,20,16:24,Domingo,TARDE,VIAS URBANAS,NAO DISPONIVEL,AVENIDA SETE DE SETEMBRO,,,NAO DISPONIVEL,0,0,0,0,0,0,0,0,0,0,0,16.0,0,0,Sem vítimas,True
2635776,SINISTRO NAO FATAL,2025-07-20,2025,7,20,18:34,Domingo,NOITE,VIAS URBANAS,PUBLICO,AVENIDA JOAO MARCHESAN,-21.6091981,-48.3796786,COLISAO,0,1,1,0,0,0,0,0,0,1,1,18.0,1,2,Com feridos leves,True
2636164,NOTIFICACAO,2025-07-20,2025,7,20,18:33,Domingo,NOITE,VIAS URBANAS,NAO DISPONIVEL,AVENIDA BALDAN,,,NAO DISPONIVEL,0,0,0,0,0,0,0,0,0,0,0,18.0,0,0,Sem vítimas,True
2631993,NOTIFICACAO,2025-07-21,2025,7,21,19:09,Segunda-feira,NOITE,VIAS URBANAS,NAO DISPONIVEL,AVENIDA SIQUEIRA CAMPOS,,,NAO DISPONIVEL,0,0,0,0,0,0,0,0,0,0,0,19.0,0,0,Sem vítimas,False
2641442,NOTIFICACAO,2025-07-21,2025,7,21,12:13,Segunda-feira,TARDE,VIAS URBANAS,NAO DISPONIVEL,AVENIDA SAO PAULO,,,COLISAO,0,0,0,0,0,0,0,0,0,0,0,12.0,0,0,Sem vítimas,False
2641930,SINISTRO NAO FATAL,2025-07-21,2025,7,21,12:30,Segunda-feira,TARDE,VIAS URBANAS,PUBLICO,RUA RUI BARBOSA,-21.6018679,-48.3681636,COLISAO,0,0,2,0,0,0,0,0,0,1,1,12.0,1,2,Com feridos leves,False
2632046,SINISTRO NAO FATAL,2025-07-22,2025,7,22,19:45,Terça-feira,NOITE,VIAS URBANAS,PUBLICO,AVENIDA LUDWIG ECKES,-21.5888731,-48.3775131,COLISAO,0,1,1,0,0,0,0,0,0,1,1,19.0,1,2,Com feridos leves,False
2632425,NOTIFICACAO,2025-07-22,2025,7,22,18:35,Terça-feira,NOITE,VIAS URBANAS,NAO DISPONIVEL,AV DANIEL ANTONIO BRITO,,,COLISAO,0,0,0,0,0,0,0,0,0,0,0,18.0,0,0,Sem vítimas,False
2636646,NOTIFICACAO,2025-07-22,2025,7,22,07:00,Terça-feira,MANHA,VIAS URBANAS,NAO DISPONIVEL,RUA ALEXANDRE DOS SANTOS PIRES,,,OUTROS,0,0,0,0,0,0,0,0,0,0,0,7.0,0,0,Sem vítimas,False
2631490,NOTIFICACAO,2025-07-23,2025,7,23,19:28,Quarta-feira,NOITE,VIAS URBANAS,NAO DISPONIVEL,RUA OTONE CORREA,,,OUTROS,0,0,0,0,0,0,0,0,0,0,0,19.0,0,0,Sem vítimas,False
2631643,NOTIFICACAO,2025-07-23,2025,7,23,19:13,Quarta-feira,NOITE,VIAS URBANAS,NAO DISPONIVEL,RUA OTONE CORREA,,,COLISAO,0,0,0,0,0,0,0,0,0,0,0,19.0,0,0,Sem vítimas,False
2640159,SINISTRO NAO FATAL,2025-07-23,2025,7,23,11:05,Quarta-feira,MANHA,VIAS URBANAS,PUBLICO,AVENIDA ANGELIM RE,-21.5970622,-48.3832152,COLISAO,0,1,1,0,0,0,0,0,0,1,1,11.0,1,2,Com feridos leves,False
2629438,NOTIFICACAO,2025-07-24,2025,7,24,17:20,Quinta-feira,TARDE,VIAS URBANAS,NAO DISPONIVEL,AVENIDA FRANCISCO MASTROPIETRO,,,CHOQUE,0,0,0,0,0,0,0,0,0,0,0,17.0,0,0,Sem vítimas,False
2633814,SINISTRO NAO FATAL,2025-07-24,2025,7,24,22:41,Quinta-feira,NOITE,VIAS URBANAS,PUBLICO,AVENIDA 28 DE AGOSTO,-21.5995603,-48.3626204,CHOQUE,0,1,0,0,0,0,0,0,0,1,0,22.0,1,1,Com feridos leves,False
2637431,NOTIFICACAO,2025-07-24,2025,7,24,06:42,Quinta-feira,MANHA,VIAS URBANAS,NAO DISPONIVEL,RUA ANTONIO DA SILVA,,,NAO DISPONIVEL,0,0,0,0,0,0,0,0,0,0,0,6.0,0,0,Sem vítimas,False
2642204,NOTIFICACAO,2025-07-24,2025,7,24,09:39,Quinta-feira,MANHA,VIAS URBANAS,NAO DISPONIVEL,AVENIDA 7 DE SETEMBRO,-21.6058318,-48.368099,NAO DISPONIVEL,0,0,0,0,0,0,0,0,0,0,0,9.0,0,0,Sem vítimas,False
2632508,SINISTRO NAO FATAL,2025-07-25,2025,7,25,19:00,Sexta-feira,NOITE,VIAS URBANAS,PUBLICO,SP 310,-21.6720960113,-48.3597278627,COLISAO,0,0,2,0,0,0,0,0,0,1,2,19.0,1,2,Com feridos leves,False
2627902,SINISTRO FATAL,2025-07-26,2025,7,26,06:33,Sábado,MANHA,VIAS URBANAS,PUBLICO,RUA ELIAS RAIMUNDO DE BRITO,-21.6175160967,-48.3480383974,CHOQUE,0,1,0,0,0,0,0,1,0,0,0,6.0,1,1,Com óbito,True
2640025,NOTIFICACAO,2025-07-26,2025,7,26,06:43,Sábado,MANHA,VIAS URBANAS,NAO DISPONIVEL,RUA PHILOMENA CIORLINO,,,OUTROS,0,0,0,0,0,0,0,0,0,0,0,6.0,0,0,Sem vítimas,True
2628996,NOTIFICACAO,2025-07-27,2025,7,27,06:54,Domingo,MANHA,VIAS URBANAS,NAO DISPONIVEL,RUA 4,,,NAO DISPONIVEL,0,0,0,0,0,0,0,0,0,0,0,6.0,0,0,Sem vítimas,True
2633180,SINISTRO NAO FATAL,2025-07-28,2025,7,28,17:39,Segunda-feira,TARDE,VIAS URBANAS,PUBLICO,ESTRADA VICINAL DOS PESCADORES,-21.685281,-48.3936946,CHOQUE,0,0,1,0,0,0,0,0,0,1,1,17.0,1,1,Com feridos leves,False
2638566,SINISTRO NAO FATAL,2025-07-29,2025,7,29,12:54,Terça-feira,TARDE,VIAS URBANAS,PUBLICO,AVENIDA LUIZ MARCHESAN,-21.63117,-48.3834946,COLISAO,0,0,0,0,1,0,0,0,0,1,1,12.0,1,1,Com feridos leves,False
2639914,NOTIFICACAO,2025-07-29,2025,7,29,14:18,Terça-feira,TARDE,VIAS URBANAS,NAO DISPONIVEL,AVENIDA 7 DE SETEMBRO,-21.6058318,-48.368099,NAO DISPONIVEL,0,0,0,0,0,0,0,0,0,0,0,14.0,0,0,Sem vítimas,False
2634561,SINISTRO NAO FATAL,2025-07-30,2025,7,30,23:08,Quarta-feira,NOITE,VIAS URBANAS,PUBLICO,AV 15 DE NOVEMBRO,-21.603833,-48.365833,COLISAO,0,0,1,1,0,0,0,0,0,1,1,23.0,1,2,Com feridos leves,False
2643028,NOTIFICACAO,2025-07-30,2025,7,30,12:32,Quarta-feira,TARDE,VIAS URBANAS,NAO DISPONIVEL,AVENIDA PADRE NELSON ANTONIO ROMAO,,,COLISAO,0,0,0,0,0,0,0,0,0,0,0,12.0,0,0,Sem vítimas,False
2656948,SINISTRO NAO FATAL,2025-08-01,2025,8,1,06:58,Sexta-feira,MANHA,VIAS URBANAS,PUBLICO,RUA MARLENE DAVID DOS SANTOS,-21.630005,-48.3427656,COLISAO,0,0,3,0,0,0,0,0,0,1,2,6.0,1,3,Com feridos leves,False
2646046,SINISTRO NAO FATAL,2025-08-02,2025,8,2,12:55,Sábado,TARDE,VIAS URBANAS,PUBLICO,AVENIDA ABID GABRIEL,-21.59924176,-48.36336999,COLISAO,0,1,1,0,0,0,0,0,0,1,1,12.0,1,2,Com feridos leves,True
2644720,SINISTRO FATAL,2025-08-03,2025,8,3,07:27,Domingo,MANHA,VIAS URBANAS,PUBLICO,AVENIDA ANIBAL RIBEIRO,-21.6236393618,-48.3418198997,CHOQUE,0,0,1,0,0,0,0,1,0,0,0,7.0,1,1,Com óbito,True
2652188,NOTIFICACAO,2025-08-05,2025,8,5,21:46,Terça-feira,NOITE,VIAS URBANAS,NAO DISPONIVEL,AVENIDA UM,,,CHOQUE,0,0,0,0,0,0,0,0,0,0,0,21.0,0,0,Sem vítimas,False
2654416,SINISTRO NAO FATAL,2025-08-05,2025,8,5,08:01,Terça-feira,MANHA,VIAS URBANAS,PUBLICO,RUA JOSE BONIFACIO,-21.602964,-48.3673926,COLISAO,0,1,1,0,0,0,0,0,0,1,1,8.0,1,2,Com feridos leves,False
2645433,SINISTRO NAO FATAL,2025-08-07,2025,8,7,14:35,Quinta-feira,TARDE,VIAS URBANAS,PUBLICO,RUA SAO LOURENCO,,,COLISAO,0,1,1,0,0,0,0,0,0,1,1,14.0,1,2,Com feridos leves,False
2657126,NOTIFICACAO,2025-08-07,2025,8,7,11:15,Quinta-feira,MANHA,VIAS URBANAS,NAO DISPONIVEL,VIA CLITO BASTIA,,,OUTROS,0,0,0,0,0,0,0,0,0,0,0,11.0,0,0,Sem vítimas,False
2657272,SINISTRO NAO FATAL,2025-08-07,2025,8,7,05:57,Quinta-feira,MADRUGADA,VIAS URBANAS,PUBLICO,AVENIDA 15 DE NOVEMBRO,-21.6125098,-48.369948,OUTROS,0,1,0,0,0,0,0,0,0,1,0,5.0,1,1,Com feridos leves,False
2657278,NOTIFICACAO,2025-08-07,2025,8,7,11:25,Quinta-feira,MANHA,VIAS URBANAS,NAO DISPONIVEL,SP 310,,,COLISAO,0,0,0,0,0,0,0,0,0,0,0,11.0,0,0,Sem vítimas,False
2660557,NOTIFICACAO,2025-08-07,2025,8,7,11:25,Quinta-feira,MANHA,VIAS URBANAS,NAO DISPONIVEL,SP 310,,,NAO DISPONIVEL,0,0,0,0,0,0,0,0,0,0,0,11.0,0,0,Sem vítimas,False
2647147,NOTIFICACAO,2025-08-08,2025,8,8,16:44,Sexta-feira,TARDE,VIAS URBANAS,NAO DISPONIVEL,AVENIDA MARQUEZAN,,,OUTROS,0,0,0,0,0,0,0,0,0,0,0,16.0,0,0,Sem vítimas,False
2648347,NOTIFICACAO,2025-08-08,2025,8,8,16:45,Sexta-feira,TARDE,VIAS URBANAS,NAO DISPONIVEL,VIA CLITO BASTIA,,,NAO DISPONIVEL,0,0,0,0,0,0,0,0,0,0,0,16.0,0,0,Sem vítimas,False
2647478,NOTIFICACAO,2025-08-09,2025,8,9,14:16,Sábado,TARDE,VIAS URBANAS,NAO DISPONIVEL,AVENIDA FRANCISCO MASTROPIETRO,,,NAO DISPONIVEL,0,0,0,0,0,0,0,0,0,0,0,14.0,0,0,Sem vítimas,True
2648314,NOTIFICACAO,2025-08-09,2025,8,9,15:05,Sábado,TARDE,VIAS URBANAS,NAO DISPONIVEL,AVENIDA 7 DE SETEMBRO,-21.6058318,-48.368099,NAO DISPONIVEL,0,0,0,0,0,0,0,0,0,0,0,15.0,0,0,Sem vítimas,True
2645664,SINISTRO NAO FATAL,2025-08-10,2025,8,10,11:11,Domingo,MANHA,VIAS URBANAS,PUBLICO,RUA JOSE BONIFACIO,-21.6004918,-48.3726396,COLISAO,0,1,1,0,0,0,0,0,0,2,1,11.0,2,2,Com feridos leves,True
2646607,NOTIFICACAO,2025-08-10,2025,8,10,12:50,Domingo,TARDE,VIAS URBANAS,NAO DISPONIVEL,RUA TABATINGA,,,COLISAO,0,0,0,0,0,0,0,0,0,0,0,12.0,0,0,Sem vítimas,True
2646768,NOTIFICACAO,2025-08-10,2025,8,10,13:04,Domingo,TARDE,VIAS URBANAS,NAO DISPONIVEL,RUA TABATINGA,,,OUTROS,0,0,0,0,0,0,0,0,0,0,0,13.0,0,0,Sem vítimas,True
2647530,NOTIFICACAO,2025-08-11,2025,8,11,18:13,Segunda-feira,NOITE,VIAS URBANAS,NAO DISPONIVEL,AVENIDA SETE DE SETEMBRO,,,NAO DISPONIVEL,0,0,0,0,0,0,0,0,0,0,0,18.0,0,0,Sem vítimas,False
2659661,SINISTRO NAO FATAL,2025-08-11,2025,8,11,08:25,Segunda-feira,MANHA,VIAS URBANAS,PUBLICO,AVENIDA LUDWIG ECKES,-21.5835464,-48.3767474,OUTROS,0,1,0,0,0,0,0,0,0,2,0,8.0,2,1,Com feridos leves,False
2741551,SINISTRO NAO FATAL,2025-08-11,2025,8,11,18:13,Segunda-feira,NOITE,VIAS URBANAS,PUBLICO,AVENIDA 7 DE SETEMBRO,-21.6058318,-48.368099,COLISAO,0,1,1,0,0,0,0,0,0,1,1,18.0,1,2,Com feridos leves,False
2648490,SINISTRO NAO FATAL,2025-08-12,2025,8,12,19:57,Terça-feira,NOITE,VIAS URBANAS,PUBLICO,AVENIDA ALDO NICOLUCCI,-21.5917402,-48.3758688,COLISAO,0,2,0,0,0,0,0,0,1,1,0,19.0,2,2,Com feridos graves,False
2650679,NOTIFICACAO,2025-08-12,2025,8,12,20:13,Terça-feira,NOITE,VIAS URBANAS,NAO DISPONIVEL,AVENIDA 7 DE SETEMBRO,-21.6058318,-48.368099,NAO DISPONIVEL,0,0,0,0,0,0,0,0,0,0,0,20.0,0,0,Sem vítimas,False
2654060,SINISTRO NAO FATAL,2025-08-12,2025,8,12,08:11,Terça-feira,MANHA,VIAS URBANAS,PUBLICO,RUA JOSE SIMAO KFOURI,-21.5951606,-48.3596032,COLISAO,0,0,1,0,0,0,0,0,0,1,0,8.0,1,1,Com feridos leves,False
2657031,NOTIFICACAO,2025-08-13,2025,8,13,12:03,Quarta-feira,TARDE,VIAS URBANAS,NAO DISPONIVEL,AVENIDA PREFEITO LAERT JOSE TARALO MENDES,,,COLISAO,0,0,0,0,0,0,0,0,0,0,0,12.0,0,0,Sem vítimas,False
2660321,NOTIFICACAO,2025-08-13,2025,8,13,11:51,Quarta-feira,MANHA,VIAS URBANAS,NAO DISPONIVEL,AVENIDA LUDWIG ECKES,,,OUTROS,0,0,0,0,0,0,0,0,0,0,0,11.0,0,0,Sem vítimas,False
2652248,SINISTRO NAO FATAL,2025-08-14,2025,8,14,03:29,Quinta-feira,MADRUGADA,VIAS URBANAS,PUBLICO,AVENIDA BALDAN,-21.6148473,-48.3673696,OUTROS,0,1,0,0,0,0,0,0,0,1,0,3.0,1,1,Com feridos leves,False
2648336,NOTIFICACAO,2025-08-15,2025,8,15,16:54,Sexta-feira,TARDE,VIAS URBANAS,NAO DISPONIVEL,AVENIDA FRANCISCO MASTROPIETRO,,,NAO DISPONIVEL,0,0,0,0,0,0,0,0,0,0,0,16.0,0,0,Sem vítimas,False
2649546,NOTIFICACAO,2025-08-15,2025,8,15,17:39,Sexta-feira,TARDE,VIAS URBANAS,NAO DISPONIVEL,RUA SINHARINHA FROTA,-21.6052791,-48.3678239,NAO DISPONIVEL,0,0,0,0,0,0,0,0,0,0,0,17.0,0,0,Sem vítimas,False
2654091,NOTIFICACAO,2025-08-15,2025,8,15,21:50,Sexta-feira,NOITE,VIAS URBANAS,NAO DISPONIVEL,AVENIDA PREFEITO LAERT JOSE TARALO MENDES,,,COLISAO,0,0,0,0,0,0,0,0,0,0,0,21.0,0,0,Sem vítimas,False
2654266,NOTIFICACAO,2025-08-15,2025,8,15,21:57,Sexta-feira,NOITE,VIAS URBANAS,NAO DISPONIVEL,AVENIDA PREFEITO LAERT JOSE TARALO MENDES,,,OUTROS,0,0,0,0,0,0,0,0,0,0,0,21.0,0,0,Sem vítimas,False
2657167,NOTIFICACAO,2025-08-15,2025,8,15,06:33,Sexta-feira,MANHA,VIAS URBANAS,NAO DISPONIVEL,AVENIDA 28 DE AGOSTO,,,OUTROS,0,0,0,0,0,0,0,0,0,0,0,6.0,0,0,Sem vítimas,False
2652563,NOTIFICACAO,2025-08-16,2025,8,16,20:58,Sábado,NOITE,VIAS URBANAS,NAO DISPONIVEL,AVENIDA TROLESI,,,NAO DISPONIVEL,0,0,0,0,0,0,0,0,0,0,0,20.0,0,0,Sem vítimas,True
2655824,NOTIFICACAO,2025-08-16,2025,8,16,20:54,Sábado,NOITE,VIAS URBANAS,NAO DISPONIVEL,AVENIDA TROLESI,,,COLISAO,0,0,0,0,0,0,0,0,0,0,0,20.0,0,0,Sem vítimas,True
2656077,NOTIFICACAO,2025-08-16,2025,8,16,21:47,Sábado,NOITE,VIAS URBANAS,NAO DISPONIVEL,RUA SINHARINHA FROTA,,,NAO DISPONIVEL,0,0,0,0,0,0,0,0,0,0,0,21.0,0,0,Sem vítimas,True
2645232,SINISTRO NAO FATAL,2025-08-17,2025,8,17,00:21,Domingo,MADRUGADA,VIAS URBANAS,PUBLICO,RUA PAULO MANZI,-21.5972932,-48.3799917,OUTROS,0,1,0,0,0,0,0,0,0,1,1,0.0,1,1,Com feridos leves,True
2648538,SINISTRO NAO FATAL,2025-08-17,2025,8,17,12:54,Domingo,TARDE,VIAS URBANAS,PUBLICO,VELORIO MUNICIPAL MATAO  JARDIM PEREIRA,-21.5983103,-48.3778222,CHOQUE,0,0,1,0,0,0,0,0,0,1,0,12.0,1,1,Com feridos leves,True
2651442,SINISTRO NAO FATAL,2025-08-17,2025,8,17,16:29,Domingo,TARDE,VIAS URBANAS,PUBLICO,RUA  ANTONIO CORREIO,-21.59924176,-48.36336999,COLISAO,0,1,1,0,0,0,0,0,0,1,1,16.0,1,2,Com feridos leves,True
2647424,SINISTRO NAO FATAL,2025-08-19,2025,8,19,17:45,Terça-feira,TARDE,VIAS URBANAS,PUBLICO,AVENIDA ANIBAL RIBEIRO,-21.6216881,-48.3434994,COLISAO,0,1,1,0,0,0,0,0,0,1,1,17.0,1,2,Com feridos leves,False
2657716,NOTIFICACAO,2025-08-19,2025,8,19,13:07,Terça-feira,TARDE,VIAS URBANAS,NAO DISPONIVEL,AVENIDA 7 DE SETEMBRO,-21.6058318,-48.368099,NAO DISPONIVEL,0,0,0,0,0,0,0,0,0,0,0,13.0,0,0,Sem vítimas,False
2660465,NOTIFICACAO,2025-08-19,2025,8,19,12:12,Terça-feira,TARDE,VIAS URBANAS,NAO DISPONIVEL,AVENIDA LUDWIG ECKES,,,OUTROS,0,0,0,0,0,0,0,0,0,0,0,12.0,0,0,Sem vítimas,False
2660549,NOTIFICACAO,2025-08-19,2025,8,19,12:53,Terça-feira,TARDE,VIAS URBANAS,NAO DISPONIVEL,AVENIDA LUDWIG ECKES,,,NAO DISPONIVEL,0,0,0,0,0,0,0,0,0,0,0,12.0,0,0,Sem vítimas,False
2660560,NOTIFICACAO,2025-08-19,2025,8,19,12:31,Terça-feira,TARDE,VIAS URBANAS,NAO DISPONIVEL,AVENIDA LUDWIG ECKES,,,COLISAO,0,0,0,0,0,0,0,0,0,0,0,12.0,0,0,Sem vítimas,False
2646335,NOTIFICACAO,2025-08-21,2025,8,21,14:43,Quinta-feira,TARDE,VIAS URBANAS,NAO DISPONIVEL,AVENIDA PADRE NELSON ANTONIO ROMAO,,,COLISAO,0,0,0,0,0,0,0,0,0,0,0,14.0,0,0,Sem vítimas,False
2648024,SINISTRO NAO FATAL,2025-08-21,2025,8,21,17:17,Quinta-feira,TARDE,VIAS URBANAS,PUBLICO,AVENIDA BALDAN,-21.6148473,-48.3673696,COLISAO,0,1,1,0,0,0,0,0,0,1,1,17.0,1,2,Com feridos leves,False
2649126,NOTIFICACAO,2025-08-21,2025,8,21,16:53,Quinta-feira,TARDE,VIAS URBANAS,NAO DISPONIVEL,AVENIDA JOAO MARCHESAN,,,OUTROS,0,0,0,0,0,0,0,0,0,0,0,16.0,0,0,Sem vítimas,False
2644717,SINISTRO FATAL,2025-08-23,2025,8,23,21:26,Sábado,NOITE,ESTRADAS E RODOVIAS,PUBLICO,SP 310,-21.6662475161,-48.3668422829,COLISAO,0,0,2,0,0,0,0,1,0,0,0,21.0,1,2,Com óbito,True
2653955,SINISTRO NAO FATAL,2025-08-23,2025,8,23,22:07,Sábado,NOITE,VIAS URBANAS,PUBLICO,SP 310,-21.6603311329,-48.3739496833,COLISAO,0,0,1,0,0,0,1,0,0,2,1,22.0,2,2,Com feridos leves,True
2645818,NOTIFICACAO,2025-08-24,2025,8,24,07:31,Domingo,MANHA,VIAS URBANAS,NAO DISPONIVEL,RUA SINHARINHA FROTA,-21.6052791,-48.3678239,OUTROS,0,0,0,0,0,0,0,0,0,0,0,7.0,0,0,Sem vítimas,True
2657577,NOTIFICACAO,2025-08-24,2025,8,24,03:11,Domingo,MADRUGADA,VIAS URBANAS,NAO DISPONIVEL,RUA VICENTE MASTRO PIETRO,,,NAO DISPONIVEL,0,0,0,0,0,0,0,0,0,0,0,3.0,0,0,Sem vítimas,True
2652068,NOTIFICACAO,2025-08-25,2025,8,25,20:25,Segunda-feira,NOITE,VIAS URBANAS,NAO DISPONIVEL,AVENIDA CAMPOS SALLES,-21.6018058,-48.3681172,NAO DISPONIVEL,0,0,0,0,0,0,0,0,0,0,0,20.0,0,0,Sem vítimas,False
2660590,SINISTRO NAO FATAL,2025-08-26,2025,8,26,12:41,Terça-feira,TARDE,VIAS URBANAS,PUBLICO,RUA RUI BARBOSA,-21.6018679,-48.3681636,COLISAO,0,1,1,0,0,0,0,0,0,1,1,12.0,1,2,Com feridos leves,False
2646012,SINISTRO NAO FATAL,2025-08-27,2025,8,27,14:23,Quarta-feira,TARDE,VIAS URBANAS,PUBLICO,RUA ALEXANDRE DOS SANTOS PIRES,-21.6313688,-48.3468769,COLISAO,0,1,1,0,0,0,1,0,1,0,1,14.0,1,3,Com feridos graves,False
2646297,SINISTRO NAO FATAL,2025-08-27,2025,8,27,15:20,Quarta-feira,TARDE,VIAS URBANAS,PUBLICO,AV SAO PAULO,-21.599861,-48.352361,COLISAO,0,1,1,0,0,0,0,0,0,1,1,15.0,1,2,Com feridos leves,False
2660822,NOTIFICACAO,2025-08-27,2025,8,27,11:26,Quarta-feira,MANHA,ESTRADAS E RODOVIAS,NAO DISPONIVEL,SP 326,,,NAO DISPONIVEL,0,0,0,0,0,0,0,0,0,0,0,11.0,0,0,Sem vítimas,False
2657665,NOTIFICACAO,2025-08-28,2025,8,28,11:39,Quinta-feira,MANHA,VIAS URBANAS,NAO DISPONIVEL,RUA DOBRADA,,,NAO DISPONIVEL,0,0,0,0,0,0,0,0,0,0,0,11.0,0,0,Sem vítimas,False
2661248,NOTIFICACAO,2025-08-28,2025,8,28,12:44,Quinta-feira,TARDE,VIAS URBANAS,NAO DISPONIVEL,AVENIDA 7 DE SETEMBRO,-21.6058318,-48.368099,NAO DISPONIVEL,0,0,0,0,0,0,0,0,0,0,0,12.0,0,0,Sem vítimas,False
2659006,NOTIFICACAO,2025-08-30,2025,8,30,03:06,Sábado,MADRUGADA,VIAS URBANAS,NAO DISPONIVEL,RUA DURVAL DE SOUZA,,,COLISAO,0,0,0,0,0,0,0,0,0,0,0,3.0,0,0,Sem vítimas,True
2661802,SINISTRO FATAL,2025-09-01,2025,9,1,07:00,Segunda-feira,MANHA,VIAS URBANAS,PUBLICO,AVENIDA BALDAN,-21.6162150431,-48.3652984875,ATROPELAMENTO,0,1,0,0,0,0,1,1,0,0,0,7.0,1,2,Com óbito,False
2675948,NOTIFICACAO,2025-09-01,2025,9,1,12:13,Segunda-feira,TARDE,VIAS URBANAS,NAO DISPONIVEL,RUA SINHARINHA FROTA,-21.6052791,-48.3678239,ATROPELAMENTO,0,0,0,0,0,0,0,0,0,0,0,12.0,0,0,Sem vítimas,False
2666201,NOTIFICACAO,2025-09-02,2025,9,2,17:29,Terça-feira,TARDE,VIAS URBANAS,NAO DISPONIVEL,RUA SINHARINHA FROTA,,,OUTROS,0,0,0,0,0,0,0,0,0,0,0,17.0,0,0,Sem vítimas,False
2670120,SINISTRO NAO FATAL,2025-09-02,2025,9,2,06:48,Terça-feira,MANHA,VIAS URBANAS,PUBLICO,RUA SAO LOURENCO,-21.6016119,-48.3561605,COLISAO,0,1,1,0,0,0,0,0,0,1,1,6.0,1,2,Com feridos leves,False
2671760,NOTIFICACAO,2025-09-03,2025,9,3,07:43,Quarta-feira,MANHA,VIAS URBANAS,NAO DISPONIVEL,AVENIDA RINCAO,,,OUTROS,0,0,0,0,0,0,0,0,0,0,0,7.0,0,0,Sem vítimas,False
2661799,SINISTRO FATAL,2025-09-04,2025,9,4,06:56,Quinta-feira,MANHA,VIAS URBANAS,PUBLICO,RUA JOSÉ GONÇALVES,-21.6041373691,-48.3825471817,ATROPELAMENTO,0,0,1,0,0,1,0,1,0,0,0,6.0,1,1,Com óbito,False
2671693,NOTIFICACAO,2025-09-04,2025,9,4,07:08,Quinta-feira,MANHA,VIAS URBANAS,NAO DISPONIVEL,RUA JOSE GONCALVES,,,NAO DISPONIVEL,0,0,0,0,0,0,0,0,0,0,0,7.0,0,0,Sem vítimas,False
2673338,NOTIFICACAO,2025-09-05,2025,9,5,08:19,Sexta-feira,MANHA,VIAS URBANAS,NAO DISPONIVEL,FERROVIA,,,ATROPELAMENTO,0,0,0,0,0,0,0,0,0,0,0,8.0,0,0,Sem vítimas,False
2668279,NOTIFICACAO,2025-09-07,2025,9,7,15:46,Domingo,TARDE,VIAS URBANAS,NAO DISPONIVEL,AVENIDA QUINZE DE NOVEMBRO,,,COLISAO,0,0,0,0,0,0,0,0,0,0,0,15.0,0,0,Sem vítimas,True
2669630,NOTIFICACAO,2025-09-07,2025,9,7,17:41,Domingo,TARDE,VIAS URBANAS,NAO DISPONIVEL,RUA SINHARINHA FROTA,,,OUTROS,0,0,0,0,0,0,0,0,0,0,0,17.0,0,0,Sem vítimas,True
2675619,SINISTRO NAO FATAL,2025-09-08,2025,9,8,04:52,Segunda-feira,MADRUGADA,VIAS URBANAS,PUBLICO,AVENIDA CAMPOS SALLES,-21.6018058,-48.3681172,CHOQUE,0,0,1,0,0,0,1,0,0,1,2,4.0,1,2,Com feridos leves,False
2665346,NOTIFICACAO,2025-09-09,2025,9,9,18:21,Terça-feira,NOITE,VIAS URBANAS,NAO DISPONIVEL,AVENIDA 7 DE SETEMBRO,-21.6058318,-48.368099,NAO DISPONIVEL,0,0,0,0,0,0,0,0,0,0,0,18.0,0,0,Sem vítimas,False
2676238,NOTIFICACAO,2025-09-09,2025,9,9,13:18,Terça-feira,TARDE,VIAS URBANAS,NAO DISPONIVEL,RUA RUI BARBOSA,,,COLISAO,0,0,0,0,0,0,0,0,0,0,0,13.0,0,0,Sem vítimas,False
2673663,NOTIFICACAO,2025-09-10,2025,9,10,09:41,Quarta-feira,MANHA,VIAS URBANAS,NAO DISPONIVEL,AVENIDA ARARAQUARA,,,COLISAO,0,0,0,0,0,0,0,0,0,0,0,9.0,0,0,Sem vítimas,False
2661800,SINISTRO FATAL,2025-09-13,2025,9,13,23:21,Sábado,NOITE,VIAS URBANAS,PUBLICO,AVENIDA VINTE E OITO DE AGOSTO,-21.5996796284,-48.3623636736,COLISAO,0,1,1,0,0,0,0,1,0,0,0,23.0,1,2,Com óbito,True
2670911,NOTIFICACAO,2025-09-13,2025,9,13,23:21,Sábado,NOITE,VIAS URBANAS,NAO DISPONIVEL,RUA SAO LOURENCO,,,COLISAO,0,0,0,0,0,0,0,0,0,0,0,23.0,0,0,Sem vítimas,True
2665271,SINISTRO NAO FATAL,2025-09-15,2025,9,15,17:19,Segunda-feira,TARDE,VIAS URBANAS,PUBLICO,RUA ITAPOLIS,-21.6088852,-48.3615337,COLISAO,0,1,1,0,0,0,0,0,0,1,1,17.0,1,2,Com feridos leves,False
2674728,NOTIFICACAO,2025-09-15,2025,9,15,09:58,Segunda-feira,MANHA,VIAS URBANAS,NAO DISPONIVEL,RUA SINHARINHA FROTA,-21.6052791,-48.3678239,COLISAO,0,0,0,0,0,0,0,0,0,0,0,9.0,0,0,Sem vítimas,False
2672345,SINISTRO NAO FATAL,2025-09-16,2025,9,16,07:50,Terça-feira,MANHA,VIAS URBANAS,PUBLICO,SP 310,-21.6720960113,-48.3597278627,COLISAO,0,0,1,0,1,0,1,0,0,1,1,7.0,1,3,Com feridos leves,False
2674559,SINISTRO NAO FATAL,2025-09-16,2025,9,16,11:40,Terça-feira,MANHA,VIAS URBANAS,PUBLICO,AVENIDA BALDAN,,,COLISAO,0,1,1,0,0,0,0,0,0,1,1,11.0,1,2,Com feridos leves,False
2669300,SINISTRO NAO FATAL,2025-09-17,2025,9,17,19:40,Quarta-feira,NOITE,VIAS URBANAS,PUBLICO,RUA CASTRO ALVES,-21.598825,-48.360873,COLISAO,0,1,1,0,0,0,0,0,0,1,1,19.0,1,2,Com feridos leves,False
2675318,SINISTRO NAO FATAL,2025-09-17,2025,9,17,07:21,Quarta-feira,MANHA,VIAS URBANAS,PUBLICO,RUA CESARIO MOTTA,-21.6041739,-48.3677459,COLISAO,0,0,1,0,0,0,0,0,0,1,1,7.0,1,1,Com feridos leves,False
2670832,NOTIFICACAO,2025-09-18,2025,9,18,06:45,Quinta-feira,MANHA,VIAS URBANAS,NAO DISPONIVEL,RUA VICENTE MASTRO PIETRO,,,NAO DISPONIVEL,0,0,0,0,0,0,0,0,0,0,0,6.0,0,0,Sem vítimas,False
2671767,NOTIFICACAO,2025-09-19,2025,9,19,00:08,Sexta-feira,MADRUGADA,VIAS URBANAS,NAO DISPONIVEL,SP 310,-21.6662475161,-48.3668422829,COLISAO,0,0,0,0,0,0,0,0,0,0,0,0.0,0,0,Sem vítimas,False
2663471,NOTIFICACAO,2025-09-20,2025,9,20,10:56,Sábado,MANHA,VIAS URBANAS,NAO DISPONIVEL,AVENIDA JOSE FROTA,,,NAO DISPONIVEL,0,0,0,0,0,0,0,0,0,0,0,10.0,0,0,Sem vítimas,True
2662573,NOTIFICACAO,2025-09-21,2025,9,21,06:37,Domingo,MANHA,VIAS URBANAS,NAO DISPONIVEL,AVENIDA 7 DE SETEMBRO,-21.6058318,-48.368099,NAO DISPONIVEL,0,0,0,0,0,0,0,0,0,0,0,6.0,0,0,Sem vítimas,True
2664725,NOTIFICACAO,2025-09-21,2025,9,21,09:30,Domingo,MANHA,VIAS URBANAS,NAO DISPONIVEL,DE MATAO PARA GAVIAO,,,OUTROS,0,0,0,0,0,0,0,0,0,0,0,9.0,0,0,Sem vítimas,True
2664829,NOTIFICACAO,2025-09-21,2025,9,21,09:40,Domingo,MANHA,VIAS URBANAS,NAO DISPONIVEL,RUA ORESTE BOZELI,,,OUTROS,0,0,0,0,0,0,0,0,0,0,0,9.0,0,0,Sem vítimas,True
2665108,NOTIFICACAO,2025-09-21,2025,9,21,10:00,Domingo,MANHA,VIAS URBANAS,NAO DISPONIVEL,ESTRADA DOS PESCADORES  CURVA  SECA,,,OUTROS,0,0,0,0,0,0,0,0,0,0,0,10.0,0,0,Sem vítimas,True
2666363,NOTIFICACAO,2025-09-21,2025,9,21,09:46,Domingo,MANHA,VIAS URBANAS,NAO DISPONIVEL,DOS PESCADORES,,,OUTROS,0,0,0,0,0,0,0,0,0,0,0,9.0,0,0,Sem vítimas,True
2666414,NOTIFICACAO,2025-09-21,2025,9,21,09:45,Domingo,MANHA,VIAS URBANAS,NAO DISPONIVEL,ESTRADA VICINAL DOS PESCADORES,,,OUTROS,0,0,0,0,0,0,0,0,0,0,0,9.0,0,0,Sem vítimas,True
2668320,NOTIFICACAO,2025-09-21,2025,9,21,11:11,Domingo,MANHA,VIAS URBANAS,NAO DISPONIVEL,RUA SINHARINHA FROTA,-21.6052791,-48.3678239,NAO DISPONIVEL,0,0,0,0,0,0,0,0,0,0,0,11.0,0,0,Sem vítimas,True
2661798,SINISTRO FATAL,2025-09-24,2025,9,24,10:24,Quarta-feira,MANHA,ESTRADAS E RODOVIAS,PUBLICO,SP 310,-21.6720960113,-48.3597278627,COLISAO,0,0,0,0,2,0,0,1,0,0,0,10.0,1,2,Com óbito,False
2674330,NOTIFICACAO,2025-09-24,2025,9,24,10:17,Quarta-feira,MANHA,VIAS URBANAS,NAO DISPONIVEL,SP 310,-21.6720960113,-48.3597278627,NAO DISPONIVEL,0,0,0,0,0,0,0,0,0,0,0,10.0,0,0,Sem vítimas,False
2675824,NOTIFICACAO,2025-09-25,2025,9,25,13:46,Quinta-feira,TARDE,VIAS URBANAS,NAO DISPONIVEL,RUA RUI BARBOSA,,,NAO DISPONIVEL,0,0,0,0,0,0,0,0,0,0,0,13.0,0,0,Sem vítimas,False
2663496,SINISTRO NAO FATAL,2025-09-26,2025,9,26,16:59,Sexta-feira,TARDE,VIAS URBANAS,PUBLICO,AVENIDA LUDWIG ECKES,-21.5835464,-48.3767474,ATROPELAMENTO,0,0,0,1,0,2,0,0,1,1,1,16.0,2,1,Com feridos graves,False
2664899,SINISTRO NAO FATAL,2025-09-26,2025,9,26,18:29,Sexta-feira,NOITE,VIAS URBANAS,PUBLICO,DOS TRABALHADORES,-21.59849374,-48.36298215,OUTROS,0,0,3,0,0,0,0,0,0,1,2,18.0,1,3,Com feridos leves,False
2666278,NOTIFICACAO,2025-09-26,2025,9,26,19:41,Sexta-feira,NOITE,VIAS URBANAS,PUBLICO,AVENIDA MANOEL MACHADO,-21.5847934,-48.3727368,ATROPELAMENTO,0,0,0,0,0,3,0,0,1,0,2,19.0,1,0,Com feridos graves,False
2667238,SINISTRO NAO FATAL,2025-09-28,2025,9,28,15:17,Domingo,TARDE,VIAS URBANAS,PUBLICO,RUA ANTONIO ROBLES CASTILLA,-21.5893918,-48.338691,CHOQUE,0,0,1,0,0,0,0,0,0,2,0,15.0,2,1,Com feridos leves,True
2682633,SINISTRO NAO FATAL,2025-10-01,2025,10,1,16:50,Quarta-feira,TARDE,ESTRADAS E RODOVIAS,PUBLICO,SP 310,-21.5802955662,-48.4523455027,CHOQUE,0,0,0,0,2,0,1,0,0,1,1,16.0,1,3,Com feridos leves,False
2694072,SINISTRO NAO FATAL,2025-10-03,2025,10,3,11:36,Sexta-feira,MANHA,VIAS URBANAS,PUBLICO,RUA RUI BARBOSA,-21.6018679,-48.3681636,COLISAO,0,1,1,0,0,0,0,0,0,1,1,11.0,1,2,Com feridos leves,False
2686089,SINISTRO NAO FATAL,2025-10-04,2025,10,4,20:01,Sábado,NOITE,VIAS URBANAS,PUBLICO,AVENIDA PADRE NELSON ANTONIO ROMAO,-21.6029,-48.3619933,COLISAO,0,2,0,0,0,0,0,0,0,1,2,20.0,1,2,Com feridos leves,True
2681526,SINISTRO NAO FATAL,2025-10-05,2025,10,5,10:10,Domingo,MANHA,VIAS URBANAS,PUBLICO,AVENIDA CAMPOS SALLES,-21.6018058,-48.3681172,OUTROS,0,1,0,0,0,0,0,0,0,1,1,10.0,1,1,Com feridos leves,True
2689286,NOTIFICACAO,2025-10-05,2025,10,5,20:26,Domingo,NOITE,VIAS URBANAS,NAO DISPONIVEL,AVENIDA PARANA,,,OUTROS,0,0,0,0,0,0,0,0,0,0,0,20.0,0,0,Sem vítimas,True
2692561,NOTIFICACAO,2025-10-06,2025,10,6,00:36,Segunda-feira,MADRUGADA,VIAS URBANAS,NAO DISPONIVEL,TROLEZIO,,,NAO DISPONIVEL,0,0,0,0,0,0,0,0,0,0,0,0.0,0,0,Sem vítimas,False
2685009,SINISTRO NAO FATAL,2025-10-10,2025,10,10,22:25,Sexta-feira,NOITE,VIAS URBANAS,PUBLICO,RUA ITAPOLIS,-21.609099,-48.3606628,COLISAO,0,1,1,0,0,0,0,0,0,1,1,22.0,1,2,Com feridos leves,False
2688184,NOTIFICACAO,2025-10-10,2025,10,10,07:09,Sexta-feira,MANHA,VIAS URBANAS,NAO DISPONIVEL,RUA JOSE GONCALVES,,,OUTROS,0,0,0,0,0,0,0,0,0,0,0,7.0,0,0,Sem vítimas,False
2690368,NOTIFICACAO,2025-10-10,2025,10,10,07:29,Sexta-feira,MANHA,VIAS URBANAS,NAO DISPONIVEL,RUA JOSE GONCALVES,,,NAO DISPONIVEL,0,0,0,0,0,0,0,0,0,0,0,7.0,0,0,Sem vítimas,False
2693542,NOTIFICACAO,2025-10-10,2025,10,10,15:00,Sexta-feira,TARDE,VIAS URBANAS,NAO DISPONIVEL,RUA SINHARINHA FROTA,,,NAO DISPONIVEL,0,0,0,0,0,0,0,0,0,0,0,15.0,0,0,Sem vítimas,False
2682304,NOTIFICACAO,2025-10-11,2025,10,11,14:59,Sábado,TARDE,VIAS URBANAS,NAO DISPONIVEL,AVENIDA 7 DE SETEMBRO,-21.6058318,-48.368099,NAO DISPONIVEL,0,0,0,0,0,0,0,0,0,0,0,14.0,0,0,Sem vítimas,True
2688258,NOTIFICACAO,2025-10-12,2025,10,12,18:22,Domingo,NOITE,VIAS URBANAS,NAO DISPONIVEL,AVENIDA SETE DE SETEMBRO,,,ATROPELAMENTO,0,0,0,0,0,0,0,0,0,0,0,18.0,0,0,Sem vítimas,True
2689308,SINISTRO NAO FATAL,2025-10-12,2025,10,12,22:39,Domingo,NOITE,VIAS URBANAS,PUBLICO,AVENIDA CAMPOS SALLES,-21.6018058,-48.3681172,OUTROS,0,0,1,0,0,0,0,0,0,1,0,22.0,1,1,Com feridos leves,True
2695036,NOTIFICACAO,2025-10-12,2025,10,12,07:22,Domingo,MANHA,VIAS URBANAS,NAO DISPONIVEL,RUA SINHARINHA FROTA,-21.6052791,-48.3678239,NAO DISPONIVEL,0,0,0,0,0,0,0,0,0,0,0,7.0,0,0,Sem vítimas,True
2690413,NOTIFICACAO,2025-10-14,2025,10,14,11:06,Terça-feira,MANHA,VIAS URBANAS,NAO DISPONIVEL,AVENIDA 7 DE SETEMBRO,-21.6058318,-48.368099,NAO DISPONIVEL,0,0,0,0,0,0,0,0,0,0,0,11.0,0,0,Sem vítimas,False
2680253,NOTIFICACAO,2025-10-15,2025,10,15,14:36,Quarta-feira,TARDE,VIAS URBANAS,NAO DISPONIVEL,AVENIDA SAO PAULO,,,COLISAO,0,0,0,0,0,0,0,0,0,0,0,14.0,0,0,Sem vítimas,False
2685352,NOTIFICACAO,2025-10-17,2025,10,17,20:53,Sexta-feira,NOITE,VIAS URBANAS,NAO DISPONIVEL,R OTONE CORREA,,,NAO DISPONIVEL,0,0,0,0,0,0,0,0,0,0,0,20.0,0,0,Sem vítimas,False
2685576,NOTIFICACAO,2025-10-17,2025,10,17,21:15,Sexta-feira,NOITE,VIAS URBANAS,NAO DISPONIVEL,RUA OTONE CORREA,,,NAO DISPONIVEL,0,0,0,0,0,0,0,0,0,0,0,21.0,0,0,Sem vítimas,False
2685638,SINISTRO NAO FATAL,2025-10-17,2025,10,17,20:41,Sexta-feira,NOITE,VIAS URBANAS,PUBLICO,RUA OTONE CORREA,-21.5944875,-48.3537855,COLISAO,0,1,1,0,0,0,0,0,0,1,1,20.0,1,2,Com feridos leves,False
2692451,NOTIFICACAO,2025-10-17,2025,10,17,12:22,Sexta-feira,TARDE,VIAS URBANAS,NAO DISPONIVEL,AVENIDA SIQUEIRA CAMPOS,,,NAO DISPONIVEL,0,0,0,0,0,0,0,0,0,0,0,12.0,0,0,Sem vítimas,False
2694564,NOTIFICACAO,2025-10-17,2025,10,17,12:23,Sexta-feira,TARDE,VIAS URBANAS,NAO DISPONIVEL,RUA SAO LOURENCO,,,COLISAO,0,0,0,0,0,0,0,0,0,0,0,12.0,0,0,Sem vítimas,False
2686339,NOTIFICACAO,2025-10-18,2025,10,18,20:26,Sábado,NOITE,VIAS URBANAS,NAO DISPONIVEL,AVENIDA FRANCISCO MASTROPIETRO,,,COLISAO,0,0,0,0,0,0,0,0,0,0,0,20.0,0,0,Sem vítimas,True
2693373,NOTIFICACAO,2025-10-18,2025,10,18,10:41,Sábado,MANHA,VIAS URBANAS,NAO DISPONIVEL,JOSE VIEIRA PRIOSTI JUNIOR,,,OUTROS,0,0,0,0,0,0,0,0,0,0,0,10.0,0,0,Sem vítimas,True
2680983,NOTIFICACAO,2025-10-20,2025,10,20,16:36,Segunda-feira,TARDE,VIAS URBANAS,NAO DISPONIVEL,RUA SINHARINHA FROTA,-21.6052791,-48.3678239,NAO DISPONIVEL,0,0,0,0,0,0,0,0,0,0,0,16.0,0,0,Sem vítimas,False
2693214,NOTIFICACAO,2025-10-20,2025,10,20,09:58,Segunda-feira,MANHA,VIAS URBANAS,NAO DISPONIVEL,RUA ALVARO LOZANO DE AMORIM,,,OUTROS,0,0,0,0,0,0,0,0,0,0,0,9.0,0,0,Sem vítimas,False
2687191,SINISTRO NAO FATAL,2025-10-21,2025,10,21,06:30,Terça-feira,MANHA,ESTRADAS E RODOVIAS,PUBLICO,SP 310,-21.6720960113,-48.3597278627,COLISAO,0,1,0,0,1,0,0,0,0,1,1,6.0,1,2,Com feridos leves,False
2688718,NOTIFICACAO,2025-10-21,2025,10,21,07:16,Terça-feira,MANHA,VIAS URBANAS,NAO DISPONIVEL,AVENIDA FRANCISCO MASTROPIETRO,,,COLISAO,0,0,0,0,0,0,0,0,0,0,0,7.0,0,0,Sem vítimas,False
2691926,NOTIFICACAO,2025-10-21,2025,10,21,12:25,Terça-feira,TARDE,VIAS URBANAS,NAO DISPONIVEL,AVENIDA BALDAN,,,NAO DISPONIVEL,0,0,0,0,0,0,0,0,0,0,0,12.0,0,0,Sem vítimas,False
2694528,NOTIFICACAO,2025-10-21,2025,10,21,13:15,Terça-feira,TARDE,VIAS URBANAS,NAO DISPONIVEL,AVENIDA SIQUEIRA CAMPOS,,,COLISAO,0,0,0,0,0,0,0,0,0,0,0,13.0,0,0,Sem vítimas,False
2681667,SINISTRO NAO FATAL,2025-10-22,2025,10,22,18:32,Quarta-feira,NOITE,VIAS URBANAS,PUBLICO,AVENIDA TROLESI,-21.6174301,-48.3548207,COLISAO,0,1,1,0,0,0,0,0,0,1,1,18.0,1,2,Com feridos leves,False
2689299,NOTIFICACAO,2025-10-22,2025,10,22,07:29,Quarta-feira,MANHA,VIAS URBANAS,NAO DISPONIVEL,RUA SINHARINHA FROTA,,,NAO DISPONIVEL,0,0,0,0,0,0,0,0,0,0,0,7.0,0,0,Sem vítimas,False
2689470,NOTIFICACAO,2025-10-23,2025,10,23,07:01,Quinta-feira,MANHA,VIAS URBANAS,NAO DISPONIVEL,RUA RUTH TOLEDO MALZONI,,,OUTROS,0,0,0,0,0,0,0,0,0,0,0,7.0,0,0,Sem vítimas,False
2698943,SINISTRO NAO FATAL,2025-10-23,2025,10,23,23:58,Quinta-feira,NOITE,VIAS URBANAS,PUBLICO,AVENIDA PREFEITO LAERT JOSE TARALO MENDES,,,COLISAO,0,1,1,0,0,0,0,0,0,1,1,23.0,1,2,Com feridos leves,False
2685614,NOTIFICACAO,2025-10-25,2025,10,25,17:30,Sábado,TARDE,VIAS URBANAS,NAO DISPONIVEL,AVENIDA TROLESI,,,COLISAO,0,0,0,0,0,0,0,0,0,0,0,17.0,0,0,Sem vítimas,True
2687736,SINISTRO NAO FATAL,2025-10-25,2025,10,25,21:26,Sábado,NOITE,VIAS URBANAS,PUBLICO,AVENIDA ANGELIM RE,-21.5998307,-48.3831419,COLISAO,0,1,0,0,0,0,1,0,0,1,1,21.0,1,2,Com feridos leves,True
2680762,NOTIFICACAO,2025-10-26,2025,10,26,09:28,Domingo,MANHA,ESTRADAS E RODOVIAS,NAO DISPONIVEL,SP 326,,,OUTROS,0,0,0,0,0,0,0,0,0,0,0,9.0,0,0,Sem vítimas,True
2692981,NOTIFICACAO,2025-10-31,2025,10,31,14:38,Sexta-feira,TARDE,VIAS URBANAS,NAO DISPONIVEL,AVENIDA JOSE FROTA,,,NAO DISPONIVEL,0,0,0,0,0,0,0,0,0,0,0,14.0,0,0,Sem vítimas,False
2695208,NOTIFICACAO,2025-10-31,2025,10,31,14:25,Sexta-feira,TARDE,VIAS URBANAS,NAO DISPONIVEL,SP 310,-21.613934934,-48.419974521,NAO DISPONIVEL,0,0,0,0,0,0,0,0,0,0,0,14.0,0,0,Sem vítimas,False
2685975,NOTIFICACAO,2025-11-01,2025,11,1,18:57,Sábado,NOITE,VIAS URBANAS,NAO DISPONIVEL,AVENIDA ANTONIO COELHO,,,NAO DISPONIVEL,0,0,0,0,0,0,0,0,0,0,0,18.0,0,0,Sem vítimas,True
2686440,NOTIFICACAO,2025-11-02,2025,11,2,18:00,Domingo,NOITE,VIAS URBANAS,NAO DISPONIVEL,RUA RUI BARBOSA,,,OUTROS,0,0,0,0,0,0,0,0,0,0,0,18.0,0,0,Sem vítimas,True
2686481,NOTIFICACAO,2025-11-02,2025,11,2,17:48,Domingo,TARDE,VIAS URBANAS,NAO DISPONIVEL,AVENIDA TROLESI,,,COLISAO,0,0,0,0,0,0,0,0,0,0,0,17.0,0,0,Sem vítimas,True
2688276,NOTIFICACAO,2025-11-02,2025,11,2,23:00,Domingo,NOITE,VIAS URBANAS,NAO DISPONIVEL,RUA RUI BARBOSA,-21.6018679,-48.3681636,OUTROS,0,0,0,0,0,0,0,0,0,0,0,23.0,0,0,Sem vítimas,True
2696768,NOTIFICACAO,2025-11-03,2025,11,3,06:25,Segunda-feira,MANHA,VIAS URBANAS,NAO DISPONIVEL,VIA ERMINIA AVOZANI PINOTTI,,,OUTROS,0,0,0,0,0,0,0,0,0,0,0,6.0,0,0,Sem vítimas,False
2697171,SINISTRO NAO FATAL,2025-11-03,2025,11,3,10:56,Segunda-feira,MANHA,VIAS URBANAS,PUBLICO,AVENIDA TROLESI,-21.616049,-48.3540772,COLISAO,0,1,1,0,0,0,0,0,0,1,1,10.0,1,2,Com feridos leves,False
2695797,SINISTRO NAO FATAL,2025-11-07,2025,11,7,16:58,Sexta-feira,TARDE,VIAS URBANAS,PUBLICO,AVENIDA MATO GROSSO DO SUL,-21.588981,-48.3442175,COLISAO,0,1,1,0,0,0,0,0,0,1,1,16.0,1,2,Com feridos leves,False
2697808,SINISTRO NAO FATAL,2025-11-10,2025,11,10,19:43,Segunda-feira,NOITE,VIAS URBANAS,PUBLICO,AVENIDA JOAO MARCHESAN,-21.6148611,-48.3751229,COLISAO,0,1,1,0,0,0,0,0,0,1,1,19.0,1,2,Com feridos leves,False
2697819,NOTIFICACAO,2025-11-10,2025,11,10,19:54,Segunda-feira,NOITE,VIAS URBANAS,NAO DISPONIVEL,AVENIDA BALDAN,,,NAO DISPONIVEL,0,0,0,0,0,0,0,0,0,0,0,19.0,0,0,Sem vítimas,False
2697837,NOTIFICACAO,2025-11-10,2025,11,10,20:24,Segunda-feira,NOITE,VIAS URBANAS,NAO DISPONIVEL,RUA DURVAL DE SOUZA,,,NAO DISPONIVEL,0,0,0,0,0,0,0,0,0,0,0,20.0,0,0,Sem vítimas,False
2697843,NOTIFICACAO,2025-11-10,2025,11,10,20:23,Segunda-feira,NOITE,VIAS URBANAS,NAO DISPONIVEL,RUA DURVAL DE SOUZA,,,COLISAO,0,0,0,0,0,0,0,0,0,0,0,20.0,0,0,Sem vítimas,False
2710463,SINISTRO NAO FATAL,2025-11-11,2025,11,11,13:00,Terça-feira,TARDE,ESTRADAS E RODOVIAS,PUBLICO,SP 310,-21.613934934,-48.419974521,OUTROS,0,1,0,0,0,0,0,0,0,2,0,13.0,2,1,Com feridos leves,False
2708294,SINISTRO NAO FATAL,2025-11-12,2025,11,12,13:38,Quarta-feira,TARDE,VIAS URBANAS,PUBLICO,RUA SAO LOURENCO,-21.60276,-48.3514065,COLISAO,0,1,1,0,0,0,0,0,0,1,1,13.0,1,2,Com feridos leves,False
2710008,SINISTRO NAO FATAL,2025-11-12,2025,11,12,11:21,Quarta-feira,MANHA,VIAS URBANAS,PUBLICO,AVENIDA FRANCISCO MASTROPIETRO,-21.5855256,-48.3653877,COLISAO,0,0,1,0,0,0,0,0,0,1,1,11.0,1,1,Com feridos leves,False
2702084,NOTIFICACAO,2025-11-13,2025,11,13,18:47,Quinta-feira,NOITE,VIAS URBANAS,NAO DISPONIVEL,AVENIDA MATO GROSSO DO SUL,,,COLISAO,0,0,0,0,0,0,0,0,0,0,0,18.0,0,0,Sem vítimas,False
2702159,NOTIFICACAO,2025-11-13,2025,11,13,18:57,Quinta-feira,NOITE,VIAS URBANAS,NAO DISPONIVEL,R ACRE,,,NAO DISPONIVEL,0,0,0,0,0,0,0,0,0,0,0,18.0,0,0,Sem vítimas,False
2702170,NOTIFICACAO,2025-11-13,2025,11,13,19:00,Quinta-feira,NOITE,VIAS URBANAS,NAO DISPONIVEL,R SANTA CATARINA,,,NAO DISPONIVEL,0,0,0,0,0,0,0,0,0,0,0,19.0,0,0,Sem vítimas,False
2706102,NOTIFICACAO,2025-11-14,2025,11,14,06:59,Sexta-feira,MANHA,VIAS URBANAS,NAO DISPONIVEL,BAUDAN,,,NAO DISPONIVEL,0,0,0,0,0,0,0,0,0,0,0,6.0,0,0,Sem vítimas,False
2702064,NOTIFICACAO,2025-11-15,2025,11,15,14:38,Sábado,TARDE,VIAS URBANAS,NAO DISPONIVEL,RUA SINHARINHA FROTA,,,OUTROS,0,0,0,0,0,0,0,0,0,0,0,14.0,0,0,Sem vítimas,True
2703710,NOTIFICACAO,2025-11-16,2025,11,16,14:02,Domingo,TARDE,VIAS URBANAS,NAO DISPONIVEL,AVENIDA MARIA DE LOURDES PISA MASTROPIETRO,,,NAO DISPONIVEL,0,0,0,0,0,0,0,0,0,0,0,14.0,0,0,Sem vítimas,True
2706212,SINISTRO NAO FATAL,2025-11-18,2025,11,18,08:58,Terça-feira,MANHA,VIAS URBANAS,PUBLICO,RUA SAO LOURENCO,,,COLISAO,0,1,1,0,0,0,0,0,0,1,1,8.0,1,2,Com feridos leves,False
2707509,NOTIFICACAO,2025-11-18,2025,11,18,11:33,Terça-feira,MANHA,VIAS URBANAS,NAO DISPONIVEL,RUA SINHARINHA FROTA,,,NAO DISPONIVEL,0,0,0,0,0,0,0,0,0,0,0,11.0,0,0,Sem vítimas,False
2708497,NOTIFICACAO,2025-11-18,2025,11,18,13:42,Terça-feira,TARDE,VIAS URBANAS,NAO DISPONIVEL,AVENIDA 7 DE SETEMBRO,-21.6058318,-48.368099,COLISAO,0,0,0,0,0,0,0,0,0,0,0,13.0,0,0,Sem vítimas,False
2706192,NOTIFICACAO,2025-11-19,2025,11,19,12:17,Quarta-feira,TARDE,VIAS URBANAS,NAO DISPONIVEL,RUA SINHARINHA FROTA,,,NAO DISPONIVEL,0,0,0,0,0,0,0,0,0,0,0,12.0,0,0,Sem vítimas,False
2708490,NOTIFICACAO,2025-11-19,2025,11,19,16:30,Quarta-feira,TARDE,VIAS URBANAS,NAO DISPONIVEL,RUA SINHARINHA FROTA,-21.6052791,-48.3678239,ATROPELAMENTO,0,0,0,0,0,0,0,0,0,0,0,16.0,0,0,Sem vítimas,False
2702027,NOTIFICACAO,2025-11-21,2025,11,21,18:38,Sexta-feira,NOITE,VIAS URBANAS,NAO DISPONIVEL,AVENIDA 7 DE SETEMBRO,-21.6058318,-48.368099,NAO DISPONIVEL,0,0,0,0,0,0,0,0,0,0,0,18.0,0,0,Sem vítimas,False
2704663,NOTIFICACAO,2025-11-24,2025,11,24,05:08,Segunda-feira,MADRUGADA,VIAS URBANAS,NAO DISPONIVEL,AVENIDA CAMPOS SALLES,-21.6018058,-48.3681172,NAO DISPONIVEL,0,0,0,0,0,0,0,0,0,0,0,5.0,0,0,Sem vítimas,False
2710995,SINISTRO NAO FATAL,2025-11-24,2025,11,24,16:58,Segunda-feira,TARDE,VIAS URBANAS,NAO DISPONIVEL,RUA MARLENE DAVID DOS SANTOS,-21.627514,-48.3387246,COLISAO,0,1,1,0,0,0,0,0,0,1,1,16.0,1,2,Com feridos leves,False
2709392,SINISTRO NAO FATAL,2025-11-25,2025,11,25,17:11,Terça-feira,TARDE,ESTRADAS E RODOVIAS,PUBLICO,SP 326,-21.68865228,-48.33856218,COLISAO,0,0,2,0,0,0,0,0,0,1,1,17.0,1,2,Com feridos leves,False
2710759,SINISTRO NAO FATAL,2025-11-25,2025,11,25,16:55,Terça-feira,TARDE,VIAS URBANAS,PUBLICO,CARL FISCHER,-21.5941213,-48.3938833,COLISAO,0,2,0,0,0,0,0,0,0,3,0,16.0,3,2,Com feridos leves,False
2710892,NOTIFICACAO,2025-11-25,2025,11,25,17:03,Terça-feira,TARDE,VIAS URBANAS,NAO DISPONIVEL,RUA ORESTE BOZELI,,,OUTROS,0,0,0,0,0,0,0,0,0,0,0,17.0,0,0,Sem vítimas,False
2711144,NOTIFICACAO,2025-11-25,2025,11,25,17:33,Terça-feira,TARDE,VIAS URBANAS,NAO DISPONIVEL,VIA ENGENHEIRO MILCIADES BOTURA,,,NAO DISPONIVEL,0,0,0,0,0,0,0,0,0,0,0,17.0,0,0,Sem vítimas,False
2700166,NOTIFICACAO,2025-11-28,2025,11,28,17:25,Sexta-feira,TARDE,VIAS URBANAS,NAO DISPONIVEL,AVENIDA JOSE CERQUEIRA,,,COLISAO,0,0,0,0,0,0,0,0,0,0,0,17.0,0,0,Sem vítimas,False
2709861,NOTIFICACAO,2025-11-29,2025,11,29,06:59,Sábado,MANHA,VIAS URBANAS,NAO DISPONIVEL,RUA SINHARINHA FROTA,-21.6052791,-48.3678239,NAO DISPONIVEL,0,0,0,0,0,0,0,0,0,0,0,6.0,0,0,Sem vítimas,True
2709925,SINISTRO NAO FATAL,2025-11-29,2025,11,29,06:33,Sábado,MANHA,VIAS URBANAS,PUBLICO,RUA ALBERTO BIDUTI,-21.6252576,-48.353357,COLISAO,0,0,2,0,0,0,0,0,0,1,1,6.0,1,2,Com feridos leves,True
2707224,SINISTRO NAO FATAL,2025-11-30,2025,11,30,03:35,Domingo,MADRUGADA,VIAS URBANAS,PUBLICO,AVENIDA FRANCISCO MASTROPIETRO,,,CHOQUE,0,0,1,0,0,0,0,0,0,1,0,3.0,1,1,Com feridos leves,True
2718407,SINISTRO NAO FATAL,2025-12-02,2025,12,2,06:10,Terça-feira,MANHA,VIAS URBANAS,PUBLICO,VIA ENGENHEIRO MILCIADES BOTURA,-21.6137729,-48.3501281,OUTROS,0,1,0,0,0,0,0,0,0,1,0,6.0,1,1,Com feridos leves,False
2723507,NOTIFICACAO,2025-12-02,2025,12,2,12:35,Terça-feira,TARDE,VIAS URBANAS,NAO DISPONIVEL,AVENIDA ANTERO QUARESMA,,,COLISAO,0,0,0,0,0,0,0,0,0,0,0,12.0,0,0,Sem vítimas,False
2715323,SINISTRO NAO FATAL,2025-12-03,2025,12,3,21:05,Quarta-feira,NOITE,VIAS URBANAS,PUBLICO,AVENIDA 28 DE AGOSTO,-21.6111785,-48.3658728,CHOQUE,0,0,1,0,0,0,0,0,0,1,0,21.0,1,1,Com feridos leves,False
2725974,NOTIFICACAO,2025-12-03,2025,12,3,11:04,Quarta-feira,MANHA,VIAS URBANAS,NAO DISPONIVEL,AVENIDA SAO PAULO,,,NAO DISPONIVEL,0,0,0,0,0,0,0,0,0,0,0,11.0,0,0,Sem vítimas,False
2718037,SINISTRO NAO FATAL,2025-12-06,2025,12,6,18:53,Sábado,NOITE,VIAS URBANAS,PUBLICO,AVENIDA SAO PAULO,-21.589518,-48.349918,COLISAO,0,1,1,0,0,0,0,0,0,1,2,18.0,1,2,Com feridos leves,True
2717331,NOTIFICACAO,2025-12-08,2025,12,8,23:26,Segunda-feira,NOITE,ESTRADAS E RODOVIAS,NAO DISPONIVEL,SP 310,-21.5455377304,-48.4969338104,OUTROS,0,0,0,0,0,0,0,0,0,0,0,23.0,0,0,Sem vítimas,False
2724611,SINISTRO NAO FATAL,2025-12-08,2025,12,8,07:44,Segunda-feira,MANHA,VIAS URBANAS,PUBLICO,AVENIDA SAO PAULO,-21.5941332,-48.3506735,COLISAO,0,0,2,0,0,0,0,0,0,1,1,7.0,1,2,Com feridos leves,False
2713962,SINISTRO NAO FATAL,2025-12-09,2025,12,9,21:53,Terça-feira,NOITE,VIAS URBANAS,PUBLICO,AVENIDA BALDAN,-21.6104744,-48.3769306,COLISAO,0,1,2,0,0,0,0,0,1,1,3,21.0,2,3,Com feridos graves,False
2712740,NOTIFICACAO,2025-12-10,2025,12,10,16:35,Quarta-feira,TARDE,VIAS URBANAS,NAO DISPONIVEL,RUA SINHARINHA FROTA,,,NAO DISPONIVEL,0,0,0,0,0,0,0,0,0,0,0,16.0,0,0,Sem vítimas,False
2712846,NOTIFICACAO,2025-12-10,2025,12,10,16:35,Quarta-feira,TARDE,VIAS URBANAS,NAO DISPONIVEL,RUA SINHARINHA FROTA,,,COLISAO,0,0,0,0,0,0,0,0,0,0,0,16.0,0,0,Sem vítimas,False
2714703,SINISTRO NAO FATAL,2025-12-10,2025,12,10,18:35,Quarta-feira,NOITE,VIAS URBANAS,PUBLICO,ALAMEDA DA SAUDADE,-21.5991515,-48.375216,COLISAO,0,1,1,0,0,0,0,0,0,1,1,18.0,1,2,Com feridos leves,False
2717936,SINISTRO NAO FATAL,2025-12-10,2025,12,10,22:00,Quarta-feira,NOITE,ESTRADAS E RODOVIAS,PUBLICO,SP 310,-21.6777986812,-48.3528010144,OUTROS,0,1,0,0,0,0,0,0,0,1,0,22.0,1,1,Com feridos leves,False
2723759,NOTIFICACAO,2025-12-10,2025,12,10,12:10,Quarta-feira,TARDE,VIAS URBANAS,NAO DISPONIVEL,AVENIDA CAMPOS SALLES,,,COLISAO,0,0,0,0,0,0,0,0,0,0,0,12.0,0,0,Sem vítimas,False
2726891,NOTIFICACAO,2025-12-10,2025,12,10,12:11,Quarta-feira,TARDE,VIAS URBANAS,NAO DISPONIVEL,RUA JOSE BONIFACIO,,,NAO DISPONIVEL,0,0,0,0,0,0,0,0,0,0,0,12.0,0,0,Sem vítimas,False
2720593,NOTIFICACAO,2025-12-11,2025,12,11,06:43,Quinta-feira,MANHA,VIAS URBANAS,NAO DISPONIVEL,RUA CLEMENTE OTRENTE,,,OUTROS,0,0,0,0,0,0,0,0,0,0,0,6.0,0,0,Sem vítimas,False
2721326,NOTIFICACAO,2025-12-11,2025,12,11,06:55,Quinta-feira,MANHA,VIAS URBANAS,NAO DISPONIVEL,AVENIDA BALDAN,,,NAO DISPONIVEL,0,0,0,0,0,0,0,0,0,0,0,6.0,0,0,Sem vítimas,False
2726308,NOTIFICACAO,2025-12-11,2025,12,11,13:55,Quinta-feira,TARDE,VIAS URBANAS,NAO DISPONIVEL,AVENIDA PREFEITO LAERT JOSE TARALO MENDES,,,OUTROS,0,0,0,0,0,0,0,0,0,0,0,13.0,0,0,Sem vítimas,False
2713268,NOTIFICACAO,2025-12-12,2025,12,12,17:15,Sexta-feira,TARDE,VIAS URBANAS,NAO DISPONIVEL,RUA ORESTE BOZELI,,,OUTROS,0,0,0,0,0,0,0,0,0,0,0,17.0,0,0,Sem vítimas,False
2713407,NOTIFICACAO,2025-12-12,2025,12,12,17:27,Sexta-feira,TARDE,VIAS URBANAS,NAO DISPONIVEL,AVENIDA JOAO MARCHESAN,,,ATROPELAMENTO,0,0,0,0,0,0,0,0,0,0,0,17.0,0,0,Sem vítimas,False
2724017,SINISTRO NAO FATAL,2025-12-13,2025,12,13,10:03,Sábado,MANHA,VIAS URBANAS,PUBLICO,RUA SINHARINHA FROTA,,,NAO DISPONIVEL,0,1,0,0,0,0,0,0,0,1,1,10.0,1,1,Com feridos leves,True
2727193,NOTIFICACAO,2025-12-13,2025,12,13,10:38,Sábado,MANHA,VIAS URBANAS,NAO DISPONIVEL,RUA JOSE ARTIMONTE,,,COLISAO,0,0,0,0,0,0,0,0,0,0,0,10.0,0,0,Sem vítimas,True
2719135,SINISTRO NAO FATAL,2025-12-14,2025,12,14,21:22,Domingo,NOITE,VIAS URBANAS,PUBLICO,RUA OTONE CORREA,,,COLISAO,0,1,0,0,0,0,0,0,0,1,1,21.0,1,1,Com feridos leves,True
2713741,SINISTRO NAO FATAL,2025-12-15,2025,12,15,16:51,Segunda-feira,TARDE,VIAS URBANAS,PUBLICO,AVENIDA 28 DE AGOSTO,-21.6030345,-48.3639312,ATROPELAMENTO,1,0,1,0,0,0,0,0,0,1,1,16.0,1,2,Com feridos leves,False
2724382,SINISTRO NAO FATAL,2025-12-16,2025,12,16,13:10,Terça-feira,TARDE,VIAS URBANAS,PUBLICO,RUA SINHARINHA FROTA,,,COLISAO,0,1,1,0,0,0,0,0,0,2,0,13.0,2,2,Com feridos leves,False
2715794,NOTIFICACAO,2025-12-17,2025,12,17,21:50,Quarta-feira,NOITE,VIAS URBANAS,NAO DISPONIVEL,AVENIDA CAMPOS SALLES,-21.6018058,-48.3681172,COLISAO,0,0,0,0,0,0,0,0,0,0,0,21.0,0,0,Sem vítimas,False
2725368,NOTIFICACAO,2025-12-19,2025,12,19,14:39,Sexta-feira,TARDE,VIAS URBANAS,NAO DISPONIVEL,RUA SAO LOURENCO,,,OUTROS,0,0,0,0,0,0,0,0,0,0,0,14.0,0,0,Sem vítimas,False
2726601,NOTIFICACAO,2025-12-19,2025,12,19,14:41,Sexta-feira,TARDE,VIAS URBANAS,NAO DISPONIVEL,RUA SAO LOURENCO,,,COLISAO,0,0,0,0,0,0,0,0,0,0,0,14.0,0,0,Sem vítimas,False
2726955,NOTIFICACAO,2025-12-19,2025,12,19,11:38,Sexta-feira,MANHA,VIAS URBANAS,NAO DISPONIVEL,AVENIDA SETE DE SETEMBRO,,,OUTROS,0,0,0,0,0,0,0,0,0,0,0,11.0,0,0,Sem vítimas,False
2719044,SINISTRO NAO FATAL,2025-12-20,2025,12,20,21:10,Sábado,NOITE,VIAS URBANAS,PUBLICO,SP 310,-21.6603311329,-48.3739496833,CHOQUE,0,0,1,0,0,0,0,0,0,1,0,21.0,1,1,Com feridos leves,True
2722884,NOTIFICACAO,2025-12-20,2025,12,20,04:07,Sábado,MADRUGADA,VIAS URBANAS,NAO DISPONIVEL,AVENIDA CAMPOS SALLES,-21.6018058,-48.3681172,NAO DISPONIVEL,0,0,0,0,0,0,0,0,0,0,0,4.0,0,0,Sem vítimas,True
2721497,NOTIFICACAO,2025-12-22,2025,12,22,14:00,Segunda-feira,TARDE,VIAS URBANAS,PUBLICO,AVENIDA JOSE SCHIMIDT,-21.6252432,-48.3440785,COLISAO,0,0,0,0,0,0,0,0,0,0,0,14.0,0,0,Sem vítimas,False
2726512,SINISTRO NAO FATAL,2025-12-22,2025,12,22,07:21,Segunda-feira,MANHA,VIAS URBANAS,PUBLICO,RUA SAO LOURENCO,-21.60276,-48.3514065,COLISAO,0,1,1,0,0,0,0,0,1,0,1,7.0,1,2,Com feridos graves,False
2726746,SINISTRO NAO FATAL,2025-12-22,2025,12,22,11:16,Segunda-feira,MANHA,VIAS URBANAS,PUBLICO,AVENIDA JOSE FROTA,-21.6189296,-48.374341,CHOQUE,0,1,0,0,0,0,1,0,0,1,1,11.0,1,2,Com feridos leves,False
2712502,NOTIFICACAO,2025-12-24,2025,12,24,12:20,Quarta-feira,TARDE,VIAS URBANAS,NAO DISPONIVEL,AVENIDA 7 DE SETEMBRO,-21.6058318,-48.368099,NAO DISPONIVEL,0,0,0,0,0,0,0,0,0,0,0,12.0,0,0,Sem vítimas,False
2713565,SINISTRO NAO FATAL,2025-12-24,2025,12,24,13:12,Quarta-feira,TARDE,VIAS URBANAS,PUBLICO,AVENIDA BALDAN,-21.6173101,-48.3633659,COLISAO,0,1,1,0,0,0,0,0,0,1,1,13.0,1,2,Com feridos leves,False
2719730,SINISTRO NAO FATAL,2025-12-24,2025,12,24,22:41,Quarta-feira,NOITE,VIAS URBANAS,PUBLICO,RUA SAO LOURENCO,,,CHOQUE,0,1,0,0,0,0,0,0,0,1,0,22.0,1,1,Com feridos leves,False
2718760,NOTIFICACAO,2025-12-25,2025,12,25,09:42,Quinta-feira,MANHA,VIAS URBANAS,NAO DISPONIVEL,RUA SINHARINHA FROTA,,,NAO DISPONIVEL,0,0,0,0,0,0,0,0,0,0,0,9.0,0,0,Sem vítimas,False
2717463,NOTIFICACAO,2025-12-27,2025,12,27,18:47,Sábado,NOITE,VIAS URBANAS,NAO DISPONIVEL,AVENIDA 7 DE SETEMBRO,-21.6058318,-48.368099,NAO DISPONIVEL,0,0,0,0,0,0,0,0,0,0,0,18.0,0,0,Sem vítimas,True
2721472,NOTIFICACAO,2025-12-27,2025,12,27,03:30,Sábado,MADRUGADA,VIAS URBANAS,NAO DISPONIVEL,SP 310,,,COLISAO,0,0,0,0,0,0,0,0,0,0,0,3.0,0,0,Sem vítimas,True
2721991,NOTIFICACAO,2025-12-27,2025,12,27,03:56,Sábado,MADRUGADA,VIAS URBANAS,NAO DISPONIVEL,SP 310,-21.5802955662,-48.4523455027,NAO DISPONIVEL,0,0,0,0,0,0,0,0,0,0,0,3.0,0,0,Sem vítimas,True
2724523,NOTIFICACAO,2025-12-27,2025,12,27,09:45,Sábado,MANHA,VIAS URBANAS,NAO DISPONIVEL,RUA SINHARINHA FROTA,-21.6052791,-48.3678239,NAO DISPONIVEL,0,0,0,0,0,0,0,0,0,0,0,9.0,0,0,Sem vítimas,True
2727728,NOTIFICACAO,2025-12-27,2025,12,27,11:06,Sábado,MANHA,ESTRADAS E RODOVIAS,NAO DISPONIVEL,SP 310,-21.2781390112,-48.8591715091,OUTROS,0,0,0,0,0,0,0,0,0,0,0,11.0,0,0,Sem vítimas,True
2719809,NOTIFICACAO,2025-12-28,2025,12,28,20:42,Domingo,NOITE,VIAS URBANAS,NAO DISPONIVEL,AVENIDA 28 DE AGOSTO,,,COLISAO,0,0,0,0,0,0,0,0,0,0,0,20.0,0,0,Sem vítimas,True
2721951,NOTIFICACAO,2025-12-28,2025,12,28,21:15,Domingo,NOITE,VIAS URBANAS,NAO DISPONIVEL,RUA ALEXANDRE DOS SANTOS PIRES,,,COLISAO,0,0,0,0,0,0,0,0,0,0,0,21.0,0,0,Sem vítimas,True
2713975,NOTIFICACAO,2025-12-29,2025,12,29,15:53,Segunda-feira,TARDE,VIAS URBANAS,NAO DISPONIVEL,AVENIDA 7 DE SETEMBRO,-21.6058318,-48.368099,ATROPELAMENTO,0,0,0,0,0,0,0,0,0,0,0,15.0,0,0,Sem vítimas,False
2713078,NOTIFICACAO,2025-12-30,2025,12,30,16:50,Terça-feira,TARDE,VIAS URBANAS,NAO DISPONIVEL,RUA JOSE BONIFACIO,,,NAO DISPONIVEL,0,0,0,0,0,0,0,0,0,0,0,16.0,0,0,Sem vítimas,False
2722922,NOTIFICACAO,2025-12-30,2025,12,30,06:29,Terça-feira,MANHA,VIAS URBANAS,NAO DISPONIVEL,AVENIDA LUDWIG ECKES,,,OUTROS,0,0,0,0,0,0,0,0,0,0,0,6.0,0,0,Sem vítimas,False
2717671,SINISTRO NAO FATAL,2025-12-31,2025,12,31,20:13,Quarta-feira,NOITE,VIAS URBANAS,PUBLICO,RUA JOAO CARVALHO,-21.617322,-48.350393,COLISAO,0,1,1,0,0,0,0,0,0,1,1,20.0,1,2,Com feridos leves,False
2717828,SINISTRO NAO FATAL,2025-12-31,2025,12,31,20:25,Quarta-feira,NOITE,VIAS URBANAS,PUBLICO,RUA ILDA TAVARES DA COSTA,-21.590321,-48.3463544,COLISAO,0,0,2,0,0,0,0,0,0,4,0,20.0,4,2,Com feridos leves,False
2718118,NOTIFICACAO,2025-12-31,2025,12,31,20:57,Quarta-feira,NOITE,VIAS URBANAS,NAO DISPONIVEL,AVENIDA SETE DE SETEMBRO,,,NAO DISPONIVEL,0,0,0,0,0,0,0,0,0,0,0,20.0,0,0,Sem vítimas,False
2718180,NOTIFICACAO,2025-12-31,2025,12,31,21:13,Quarta-feira,NOITE,VIAS URBANAS,NAO DISPONIVEL,AVENIDA 7 DE SETEMBRO,-21.6058318,-48.368099,NAO DISPONIVEL,0,0,0,0,0,0,0,0,0,0,0,21.0,0,0,Sem vítimas,False
2734600,NOTIFICACAO,2026-01-01,2026,1,1,12:00,Quinta-feira,TARDE,VIAS URBANAS,NAO DISPONIVEL,RUA SAO LOURENCO,,,COLISAO,0,0,0,0,0,0,0,0,0,0,0,12.0,0,0,Sem vítimas,False
2737835,NOTIFICACAO,2026-01-02,2026,1,2,01:06,Sexta-feira,MADRUGADA,VIAS URBANAS,NAO DISPONIVEL,RUA JOAO CARVALHO,,,OUTROS,0,0,0,0,0,0,0,0,0,0,0,1.0,0,0,Sem vítimas,False
2728070,SINISTRO FATAL,2026-01-04,2026,1,4,04:46,Domingo,MADRUGADA,VIAS URBANAS,PUBLICO,AVENIDA FRANCISCO MASTROPIETRO,-21.5847957856,-48.3666400559,CHOQUE,0,1,0,0,0,0,0,1,0,0,0,4.0,1,1,Com óbito,True
2731189,NOTIFICACAO,2026-01-04,2026,1,4,16:34,Domingo,TARDE,VIAS URBANAS,NAO DISPONIVEL,RUA SINHARINHA FROTA,,,NAO DISPONIVEL,0,0,0,0,0,0,0,0,0,0,0,16.0,0,0,Sem vítimas,True
2731365,SINISTRO NAO FATAL,2026-01-04,2026,1,4,15:49,Domingo,TARDE,VIAS URBANAS,PUBLICO,RUA MARLENE DAVID DOS SANTOS,-21.6295516,-48.3424628,ATROPELAMENTO,1,1,0,0,0,1,0,0,1,1,0,15.0,2,2,Com feridos graves,True
2736512,NOTIFICACAO,2026-01-04,2026,1,4,04:46,Domingo,MADRUGADA,VIAS URBANAS,NAO DISPONIVEL,AVENIDA FRANCISCO MASTROPIETRO,,,CHOQUE,0,0,0,0,0,0,0,0,0,0,0,4.0,0,0,Sem vítimas,True
2731411,SINISTRO NAO FATAL,2026-01-05,2026,1,5,20:57,Segunda-feira,NOITE,VIAS URBANAS,PUBLICO,RUA OTONE CORREA,-21.5901901,-48.3651058,COLISAO,0,1,0,0,0,0,0,0,0,1,0,20.0,1,1,Com feridos leves,False
2735498,SINISTRO NAO FATAL,2026-01-05,2026,1,5,05:47,Segunda-feira,MADRUGADA,VIAS URBANAS,PUBLICO,AVENIDA TROLESI,-21.598483,-48.346106,COLISAO,0,0,2,0,0,0,0,0,0,0,2,5.0,0,2,Sem vítimas,False
2740340,SINISTRO NAO FATAL,2026-01-07,2026,1,7,14:10,Quarta-feira,TARDE,VIAS URBANAS,PUBLICO,RUA CONSTANTINO BASTIA,-21.6016079,-48.3822103,OUTROS,0,1,0,0,0,0,0,0,0,2,0,14.0,2,1,Com feridos leves,False
2740351,NOTIFICACAO,2026-01-07,2026,1,7,14:18,Quarta-feira,TARDE,VIAS URBANAS,NAO DISPONIVEL,AVENIDA ANGELIM RE,,,OUTROS,0,0,0,0,0,0,0,0,0,0,0,14.0,0,0,Sem vítimas,False
2732151,NOTIFICACAO,2026-01-09,2026,1,9,19:47,Sexta-feira,NOITE,VIAS URBANAS,NAO DISPONIVEL,AVENIDA CAMPOS SALLES,,,OUTROS,0,0,0,0,0,0,0,0,0,0,0,19.0,0,0,Sem vítimas,False
2732358,NOTIFICACAO,2026-01-09,2026,1,9,21:41,Sexta-feira,NOITE,VIAS URBANAS,NAO DISPONIVEL,RUA VIRGILIO TAGLIAVINI,,,OUTROS,0,0,0,0,0,0,0,0,0,0,0,21.0,0,0,Sem vítimas,False
2734922,NOTIFICACAO,2026-01-09,2026,1,9,06:35,Sexta-feira,MANHA,VIAS URBANAS,NAO DISPONIVEL,RUA DAIR DE PAULA,,,OUTROS,0,0,0,0,0,0,0,0,0,0,0,6.0,0,0,Sem vítimas,False
2737508,SINISTRO NAO FATAL,2026-01-09,2026,1,9,06:42,Sexta-feira,MANHA,VIAS URBANAS,PUBLICO,AVENIDA ADAIL DE PAULA,-21.6106413,-48.3752479,COLISAO,0,1,1,0,0,0,0,0,0,1,1,6.0,1,2,Com feridos leves,False
2733206,NOTIFICACAO,2026-01-11,2026,1,11,17:33,Domingo,TARDE,VIAS URBANAS,NAO DISPONIVEL,RUA JOSE GONCALVES,,,COLISAO,0,0,0,0,0,0,0,0,0,0,0,17.0,0,0,Sem vítimas,True
2733258,SINISTRO NAO FATAL,2026-01-11,2026,1,11,18:07,Domingo,NOITE,VIAS URBANAS,PUBLICO,RUA LEONILDA FRANCISCO PERSIGUELLI,-21.6390335,-48.3542328,NAO DISPONIVEL,0,1,0,0,0,0,0,0,0,1,0,18.0,1,1,Com feridos leves,True
2729944,NOTIFICACAO,2026-01-12,2026,1,12,16:34,Segunda-feira,TARDE,VIAS URBANAS,NAO DISPONIVEL,RUA SINHARINHA FROTA,,,NAO DISPONIVEL,0,0,0,0,0,0,0,0,0,0,0,16.0,0,0,Sem vítimas,False
2729657,SINISTRO NAO FATAL,2026-01-14,2026,1,14,17:46,Quarta-feira,TARDE,VIAS URBANAS,PUBLICO,AVENIDA SETE DE SETEMBRO,-21.6057767,-48.3680212,COLISAO,0,1,1,0,0,0,0,0,0,1,1,17.0,1,2,Com feridos leves,False
2737778,NOTIFICACAO,2026-01-15,2026,1,15,10:59,Quinta-feira,MANHA,VIAS URBANAS,NAO DISPONIVEL,RUA SINHARINHA FROTA,,,COLISAO,0,0,0,0,0,0,0,0,0,0,0,10.0,0,0,Sem vítimas,False
2728484,NOTIFICACAO,2026-01-16,2026,1,16,15:59,Sexta-feira,TARDE,VIAS URBANAS,NAO DISPONIVEL,AVENIDA SANTO ANTONIO,,,OUTROS,0,0,0,0,0,0,0,0,0,0,0,15.0,0,0,Sem vítimas,False
2732583,NOTIFICACAO,2026-01-16,2026,1,16,03:02,Sexta-feira,MADRUGADA,VIAS URBANAS,NAO DISPONIVEL,RUA BENTO DE MIRANDA MELLO,,,ATROPELAMENTO,0,0,0,0,0,0,0,0,0,0,0,3.0,0,0,Sem vítimas,False
2736050,SINISTRO NAO FATAL,2026-01-16,2026,1,16,10:56,Sexta-feira,MANHA,VIAS URBANAS,PUBLICO,RUA PARA,-21.5971351,-48.3513528,COLISAO,0,1,1,0,0,0,0,0,0,0,1,10.0,0,2,Sem vítimas,False
2733359,SINISTRO NAO FATAL,2026-01-18,2026,1,18,19:00,Domingo,NOITE,VIAS URBANAS,PUBLICO,R ILDA TAVARES DA COSTA,-21.59235,-48.34258,ATROPELAMENTO,1,0,1,0,0,2,0,0,0,1,2,19.0,1,2,Com feridos leves,True
2730569,SINISTRO NAO FATAL,2026-01-19,2026,1,19,17:21,Segunda-feira,TARDE,VIAS URBANAS,PUBLICO,AVENIDA CAMPOS SALLES,-21.6018058,-48.3681172,COLISAO,0,1,1,0,0,0,0,0,0,0,0,17.0,0,2,Sem vítimas,False
2732142,NOTIFICACAO,2026-01-19,2026,1,19,22:02,Segunda-feira,NOITE,ESTRADAS E RODOVIAS,NAO DISPONIVEL,SP 310,-21.5184220972,-48.536311387,OUTROS,0,0,0,0,0,0,0,0,0,0,0,22.0,0,0,Sem vítimas,False
2735601,NOTIFICACAO,2026-01-20,2026,1,20,07:34,Terça-feira,MANHA,VIAS URBANAS,NAO DISPONIVEL,RUA PEDRO TROLLI,,,COLISAO,0,0,0,0,0,0,0,0,0,0,0,7.0,0,0,Sem vítimas,False
2736101,NOTIFICACAO,2026-01-20,2026,1,20,08:14,Terça-feira,MANHA,VIAS URBANAS,NAO DISPONIVEL,RUA SINHARINHA FROTA,,,NAO DISPONIVEL,0,0,0,0,0,0,0,0,0,0,0,8.0,0,0,Sem vítimas,False
2736288,SINISTRO NAO FATAL,2026-01-20,2026,1,20,10:30,Terça-feira,MANHA,VIAS URBANAS,PUBLICO,RUA JOSE GONCALVES,-21.6032325,-48.389521,COLISAO,0,1,1,0,0,0,0,0,0,0,0,10.0,0,2,Sem vítimas,False
2729052,NOTIFICACAO,2026-01-21,2026,1,21,01:54,Quarta-feira,MADRUGADA,VIAS URBANAS,NAO DISPONIVEL,RUA SINHARINHA FROTA,,,OUTROS,0,0,0,0,0,0,0,0,0,0,0,1.0,0,0,Sem vítimas,False
2738871,NOTIFICACAO,2026-01-21,2026,1,21,14:36,Quarta-feira,TARDE,VIAS URBANAS,NAO DISPONIVEL,AVENIDA PREFEITO LAERT JOSE TARALO MENDES,,,COLISAO,0,0,0,0,0,0,0,0,0,0,0,14.0,0,0,Sem vítimas,False
2746742,SINISTRO NAO FATAL,2026-01-23,2026,1,23,13:25,Sexta-feira,TARDE,VIAS URBANAS,PUBLICO,ESTRADA DA FAZENDA,-21.62300221,-48.34153801,COLISAO,0,1,1,0,0,0,0,0,0,1,1,13.0,1,2,Com feridos leves,False
2728891,NOTIFICACAO,2026-01-24,2026,1,24,11:57,Sábado,MANHA,VIAS URBANAS,NAO DISPONIVEL,AVENIDA BERNADINO SCUTTI,,,OUTROS,0,0,0,0,0,0,0,0,0,0,0,11.0,0,0,Sem vítimas,True
2739536,NOTIFICACAO,2026-01-24,2026,1,24,09:43,Sábado,MANHA,VIAS URBANAS,NAO DISPONIVEL,RUA SAO LOURENCO,,,NAO DISPONIVEL,0,0,0,0,0,0,0,0,0,0,0,9.0,0,0,Sem vítimas,True
2740301,SINISTRO NAO FATAL,2026-01-24,2026,1,24,09:30,Sábado,MANHA,VIAS URBANAS,PUBLICO,RUA SAO LOURENCO,-21.593436,-48.379974,COLISAO,0,0,2,0,0,0,0,0,0,1,2,9.0,1,2,Com feridos leves,True
2745192,SINISTRO NAO FATAL,2026-01-27,2026,1,27,11:50,Terça-feira,MANHA,VIAS URBANAS,PUBLICO,RUA SANTA CATARINA,-21.59633313,-48.34915732,COLISAO,0,2,0,0,0,0,0,0,0,1,1,11.0,1,2,Com feridos leves,False
2728071,SINISTRO FATAL,2026-01-28,2026,1,28,19:05,Quarta-feira,NOITE,VIAS URBANAS,PUBLICO,RUA ARMANDO FECHIO,-21.6206958401,-48.3494020576,CHOQUE,0,0,2,0,0,0,0,1,0,0,0,19.0,1,2,Com óbito,False
2730730,NOTIFICACAO,2026-01-28,2026,1,28,18:04,Quarta-feira,NOITE,VIAS URBANAS,NAO DISPONIVEL,AVENIDA SETE DE SETEMBRO,,,NAO DISPONIVEL,0,0,0,0,0,0,0,0,0,0,0,18.0,0,0,Sem vítimas,False
2730805,NOTIFICACAO,2026-01-28,2026,1,28,17:46,Quarta-feira,TARDE,VIAS URBANAS,NAO DISPONIVEL,RUA SINHARINHA FROTA,,,NAO DISPONIVEL,0,0,0,0,0,0,0,0,0,0,0,17.0,0,0,Sem vítimas,False
2732294,SINISTRO NAO FATAL,2026-01-29,2026,1,29,02:47,Quinta-feira,MADRUGADA,VIAS URBANAS,PUBLICO,AVENIDA FRANCISCO MASTROPIETRO,-21.5855256,-48.3653877,ATROPELAMENTO,0,0,0,0,1,1,1,0,0,1,1,2.0,1,2,Com feridos leves,False
2732680,SINISTRO NAO FATAL,2026-01-29,2026,1,29,23:08,Quinta-feira,NOITE,VIAS URBANAS,PUBLICO,AV BALDAN,-21.61783,-48.36049,NAO DISPONIVEL,0,1,0,0,0,0,0,0,0,1,0,23.0,1,1,Com feridos leves,False
2729371,NOTIFICACAO,2026-01-31,2026,1,31,12:04,Sábado,TARDE,VIAS URBANAS,NAO DISPONIVEL,RUA SAO LOURENCO,,,NAO DISPONIVEL,0,0,0,0,0,0,0,0,0,0,0,12.0,0,0,Sem vítimas,True
2729696,SINISTRO NAO FATAL,2026-01-31,2026,1,31,12:03,Sábado,TARDE,VIAS URBANAS,PUBLICO,RUA SAO LOURENCO,-21.593436,-48.379974,COLISAO,0,0,2,0,0,0,0,0,0,1,1,12.0,1,2,Com feridos leves,True
2752335,SINISTRO NAO FATAL,2026-02-03,2026,2,3,20:37,Terça-feira,NOITE,VIAS URBANAS,PUBLICO,AVENIDA PADRE NELSOIN,-21.6026967,-48.3619086,COLISAO,0,1,1,0,0,0,0,0,0,1,1,20.0,1,2,Com feridos leves,False
2752505,NOTIFICACAO,2026-02-03,2026,2,3,19:13,Terça-feira,NOITE,VIAS URBANAS,NAO DISPONIVEL,AVENIDA TROLESI,,,OUTROS,0,0,0,0,0,0,0,0,0,0,0,19.0,0,0,Sem vítimas,False
2750821,NOTIFICACAO,2026-02-04,2026,2,4,18:06,Quarta-feira,NOITE,VIAS URBANAS,NAO DISPONIVEL,AVENIDA BALDAN,-21.6187614,-48.3602527,NAO DISPONIVEL,0,0,0,0,0,0,0,0,0,0,0,18.0,0,0,Sem vítimas,False
2756287,NOTIFICACAO,2026-02-04,2026,2,4,09:40,Quarta-feira,MANHA,VIAS URBANAS,NAO DISPONIVEL,RUA SAO LOURENCO,-21.6016119,-48.3561605,OUTROS,0,0,0,0,0,0,0,0,0,0,0,9.0,0,0,Sem vítimas,False
2749395,NOTIFICACAO,2026-02-05,2026,2,5,16:03,Quinta-feira,TARDE,VIAS URBANAS,NAO DISPONIVEL,RUA JOAO PESSOA,-21.5983056,-48.3707539,COLISAO,0,0,0,0,0,0,0,0,0,0,0,16.0,0,0,Sem vítimas,False
2754497,SINISTRO NAO FATAL,2026-02-05,2026,2,5,06:00,Quinta-feira,MANHA,ESTRADAS E RODOVIAS,NAO DISPONIVEL,SP 326,,,CHOQUE,0,0,1,0,0,0,0,0,1,0,0,6.0,1,1,Com feridos graves,False
2748180,NOTIFICACAO,2026-02-06,2026,2,6,14:11,Sexta-feira,TARDE,VIAS URBANAS,NAO DISPONIVEL,RUA VICENTE MASTRO PIETRO,,,OUTROS,0,0,0,0,0,0,0,0,0,0,0,14.0,0,0,Sem vítimas,False
2749052,NOTIFICACAO,2026-02-06,2026,2,6,15:02,Sexta-feira,TARDE,VIAS URBANAS,NAO DISPONIVEL,RUA SINHARINHA FROTA,-21.6052791,-48.3678239,NAO DISPONIVEL,0,0,0,0,0,0,0,0,0,0,0,15.0,0,0,Sem vítimas,False
2757162,NOTIFICACAO,2026-02-06,2026,2,6,23:04,Sexta-feira,NOITE,VIAS URBANAS,NAO DISPONIVEL,AVENIDA TROLESI,-21.6156337,-48.354684,COLISAO,0,0,0,0,0,0,0,0,0,0,0,23.0,0,0,Sem vítimas,False
2758209,NOTIFICACAO,2026-02-07,2026,2,7,23:13,Sábado,NOITE,VIAS URBANAS,NAO DISPONIVEL,RUA SINHARINHA FROTA,,,COLISAO,0,0,0,0,0,0,0,0,0,0,0,23.0,0,0,Sem vítimas,True
2762447,NOTIFICACAO,2026-02-07,2026,2,7,10:45,Sábado,MANHA,VIAS URBANAS,NAO DISPONIVEL,RUA SINHARINHA FROTA,-21.6105517,-48.3553049,ATROPELAMENTO,0,0,0,0,0,0,0,0,0,0,0,10.0,0,0,Sem vítimas,True
2748244,NOTIFICACAO,2026-02-10,2026,2,10,19:29,Terça-feira,NOITE,VIAS URBANAS,NAO DISPONIVEL,RUA JOSE ARTIMONTE,-21.6061802,-48.3507332,NAO DISPONIVEL,0,0,0,0,0,0,0,0,0,0,0,19.0,0,0,Sem vítimas,False
2760886,NOTIFICACAO,2026-02-10,2026,2,10,18:52,Terça-feira,NOITE,VIAS URBANAS,NAO DISPONIVEL,RUA JOSE ARTIMONTE,-21.6045251,-48.3541618,COLISAO,0,0,0,0,0,0,0,0,0,0,0,18.0,0,0,Sem vítimas,False
2748147,NOTIFICACAO,2026-02-13,2026,2,13,14:59,Sexta-feira,TARDE,VIAS URBANAS,NAO DISPONIVEL,RUA SINHARINHA FROTA,-21.6052791,-48.3678239,NAO DISPONIVEL,0,0,0,0,0,0,0,0,0,0,0,14.0,0,0,Sem vítimas,False
2750166,NOTIFICACAO,2026-02-13,2026,2,13,17:04,Sexta-feira,TARDE,VIAS URBANAS,NAO DISPONIVEL,AVENIDA BALDAN,-21.6148473,-48.3673696,NAO DISPONIVEL,0,0,0,0,0,0,0,0,0,0,0,17.0,0,0,Sem vítimas,False
2761431,NOTIFICACAO,2026-02-13,2026,2,13,13:39,Sexta-feira,TARDE,VIAS URBANAS,NAO DISPONIVEL,AVENIDA 15 DE NOVEMBRO,-21.6116496,-48.3694592,NAO DISPONIVEL,0,0,0,0,0,0,0,0,0,0,0,13.0,0,0,Sem vítimas,False
2762259,NOTIFICACAO,2026-02-13,2026,2,13,14:03,Sexta-feira,TARDE,VIAS URBANAS,NAO DISPONIVEL,POSTO QUINZE,,,NAO DISPONIVEL,0,0,0,0,0,0,0,0,0,0,0,14.0,0,0,Sem vítimas,False
2762849,SINISTRO NAO FATAL,2026-02-13,2026,2,13,13:00,Sexta-feira,TARDE,VIAS URBANAS,NAO DISPONIVEL,SP 310,-21.5938628608,-48.4392679067,COLISAO,0,0,1,0,1,0,1,0,1,0,1,13.0,1,3,Com feridos graves,False
2754069,SINISTRO NAO FATAL,2026-02-14,2026,2,14,18:13,Sábado,NOITE,VIAS URBANAS,PUBLICO,AVENIDA JOSE VIEIRA PRIOSTI,-21.5926568,-48.3719954,COLISAO,0,0,2,0,0,0,0,0,0,1,1,18.0,1,2,Com feridos leves,True
2756163,SINISTRO NAO FATAL,2026-02-14,2026,2,14,03:36,Sábado,MADRUGADA,VIAS URBANAS,PUBLICO,AVENIDA TROLESI,-21.5993428,-48.3459504,NAO DISPONIVEL,0,1,0,0,0,0,0,0,1,0,0,3.0,1,1,Com feridos graves,True
2750195,NOTIFICACAO,2026-02-15,2026,2,15,12:00,Domingo,TARDE,ESTRADAS E RODOVIAS,NAO DISPONIVEL,SP 326,,,CHOQUE,0,0,0,0,0,0,0,0,0,0,0,12.0,0,0,Sem vítimas,True
2753218,SINISTRO NAO FATAL,2026-02-16,2026,2,16,21:06,Segunda-feira,NOITE,VIAS URBANAS,PUBLICO,RUA PEDRO JARDIM,-21.5981233,-48.3824847,COLISAO,0,1,1,0,0,0,0,0,0,1,1,21.0,1,2,Com feridos leves,False
2753256,NOTIFICACAO,2026-02-16,2026,2,16,21:16,Segunda-feira,NOITE,VIAS URBANAS,NAO DISPONIVEL,RUA JOSE RUBENS SCUTARE,,,NAO DISPONIVEL,0,0,0,0,0,0,0,0,0,0,0,21.0,0,0,Sem vítimas,False
2751487,NOTIFICACAO,2026-02-19,2026,2,19,18:28,Quinta-feira,NOITE,VIAS URBANAS,NAO DISPONIVEL,AVENIDA 7 DE SETEMBRO,-21.591894,-48.3602515,NAO DISPONIVEL,0,0,0,0,0,0,0,0,0,0,0,18.0,0,0,Sem vítimas,False
2755195,NOTIFICACAO,2026-02-19,2026,2,19,07:45,Quinta-feira,MANHA,VIAS URBANAS,NAO DISPONIVEL,AVENIDA BALDAN,-21.6148473,-48.3673696,COLISAO,0,0,0,0,0,0,0,0,0,0,0,7.0,0,0,Sem vítimas,False
2759150,SINISTRO NAO FATAL,2026-02-19,2026,2,19,11:08,Quinta-feira,MANHA,VIAS URBANAS,PUBLICO,AVENIDA PREFEITO LAERT JOSE TARALO MENDES,-21.6031048,-48.3735272,COLISAO,0,1,0,0,0,0,0,0,0,1,0,11.0,1,1,Com feridos leves,False
2749158,SINISTRO NAO FATAL,2026-02-22,2026,2,22,12:02,Domingo,TARDE,VIAS URBANAS,PUBLICO,RUA FRANCISCO COMELI,-21.6016986,-48.3820657,COLISAO,0,2,0,0,0,0,0,0,1,1,0,12.0,2,2,Com feridos graves,True
2751623,SINISTRO NAO FATAL,2026-02-22,2026,2,22,14:54,Domingo,TARDE,VIAS URBANAS,PUBLICO,AVENIDA 28 DE AGOSTO,-21.5995603,-48.3626204,CHOQUE,0,0,1,0,0,0,0,0,0,1,0,14.0,1,1,Com feridos leves,True
2752153,NOTIFICACAO,2026-02-22,2026,2,22,15:19,Domingo,TARDE,VIAS URBANAS,NAO DISPONIVEL,AVENIDA MARCHESAN,,,NAO DISPONIVEL,0,0,0,0,0,0,0,0,0,0,0,15.0,0,0,Sem vítimas,True
2754468,SINISTRO NAO FATAL,2026-02-22,2026,2,22,18:30,Domingo,NOITE,ESTRADAS E RODOVIAS,PUBLICO,SP 326,-21.68865228,-48.33856218,CHOQUE,0,0,1,0,0,0,0,0,0,1,0,18.0,1,1,Com feridos leves,True
2758906,SINISTRO NAO FATAL,2026-02-22,2026,2,22,01:35,Domingo,MADRUGADA,VIAS URBANAS,PUBLICO,RUA SAO LOURENCO,,,COLISAO,0,0,2,0,0,0,0,0,0,1,1,1.0,1,2,Com feridos leves,True
2752020,SINISTRO NAO FATAL,2026-02-23,2026,2,23,22:10,Segunda-feira,NOITE,ESTRADAS E RODOVIAS,PUBLICO,SP 326,-21.6354535669,-48.3366032898,COLISAO,0,0,1,0,1,0,0,0,0,3,2,22.0,3,2,Com feridos leves,False
2752241,NOTIFICACAO,2026-02-23,2026,2,23,22:43,Segunda-feira,NOITE,VIAS URBANAS,NAO DISPONIVEL,BRG FARIA LIMA,,,NAO DISPONIVEL,0,0,0,0,0,0,0,0,0,0,0,22.0,0,0,Sem vítimas,False
2757437,SINISTRO NAO FATAL,2026-02-24,2026,2,24,12:21,Terça-feira,TARDE,VIAS URBANAS,PUBLICO,RUA FAUSTINO SILVA,,,COLISAO,0,0,1,0,0,0,0,0,0,1,1,12.0,1,1,Com feridos leves,False
2759223,NOTIFICACAO,2026-02-24,2026,2,24,10:48,Terça-feira,MANHA,VIAS URBANAS,NAO DISPONIVEL,AVENIDA MANOEL MACHADO,-21.5880725,-48.3722243,OUTROS,0,0,0,0,0,0,0,0,0,0,0,10.0,0,0,Sem vítimas,False
2756613,SINISTRO NAO FATAL,2026-02-26,2026,2,26,10:44,Quinta-feira,MANHA,VIAS URBANAS,PUBLICO,AVENIDA ALEXANDRE DALE VEDOVE,-21.607544,-48.3541064,COLISAO,0,1,0,0,1,0,0,0,0,1,1,10.0,1,2,Com feridos leves,False
2763160,SINISTRO NAO FATAL,2026-02-26,2026,2,26,16:36,Quinta-feira,TARDE,VIAS URBANAS,PUBLICO,AVENIDA SIQUEIRA CAMPOS,-21.6106521,-48.3712363,COLISAO,0,1,1,0,0,0,0,0,0,1,1,16.0,1,2,Com feridos leves,False
2747643,SINISTRO FATAL,2026-02-27,2026,2,27,18:09,Sexta-feira,NOITE,VIAS URBANAS,PUBLICO,RUA SANTA CATARINA,-21.595891216,-48.3510717918,ATROPELAMENTO,0,0,1,0,0,1,0,1,0,0,0,18.0,1,1,Com óbito,False
2749511,NOTIFICACAO,2026-02-27,2026,2,27,18:09,Sexta-feira,NOITE,VIAS URBANAS,NAO DISPONIVEL,RUA SANTA CATARINA,-21.5958918,-48.3510999,ATROPELAMENTO,0,0,0,0,0,0,0,0,0,0,0,18.0,0,0,Sem vítimas,False
2750931,NOTIFICACAO,2026-02-27,2026,2,27,19:47,Sexta-feira,NOITE,VIAS URBANAS,NAO DISPONIVEL,POLICIA MILITAR DO ESTADO DE SAO PAULO  SAO LOURE,,,OUTROS,0,0,0,0,0,0,0,0,0,0,0,19.0,0,0,Sem vítimas,False
2752670,NOTIFICACAO,2026-02-27,2026,2,27,20:56,Sexta-feira,NOITE,VIAS URBANAS,NAO DISPONIVEL,AVENIDA 7 DE SETEMBRO,-21.591894,-48.3602515,COLISAO,0,0,0,0,0,0,0,0,0,0,0,20.0,0,0,Sem vítimas,False
2754309,SINISTRO NAO FATAL,2026-02-28,2026,2,28,19:54,Sábado,NOITE,VIAS URBANAS,PUBLICO,VIA NARCISO BALDAN,-21.6074093,-48.3555186,CHOQUE,0,0,1,0,0,0,0,0,0,2,0,19.0,2,1,Com feridos leves,True
2755780,NOTIFICACAO,2026-02-28,2026,2,28,19:40,Sábado,NOITE,VIAS URBANAS,NAO DISPONIVEL,RUA SINHARINHA FROTA,-21.6058049,-48.3662949,NAO DISPONIVEL,0,0,0,0,0,0,0,0,0,0,0,19.0,0,0,Sem vítimas,True
2758287,SINISTRO NAO FATAL,2026-03-03,2026,3,3,14:12,Terça-feira,TARDE,VIAS URBANAS,PUBLICO,RUA CARLOS GALLI,-21.6238904,-48.3376147,COLISAO,0,1,0,0,1,0,0,0,1,0,1,14.0,1,2,Com feridos graves,False
2762376,NOTIFICACAO,2026-03-04,2026,3,4,12:37,Quarta-feira,TARDE,VIAS URBANAS,NAO DISPONIVEL,AVENIDA 15 DE NOVEMBRO,-21.6125098,-48.369948,COLISAO,0,0,0,0,0,0,0,0,0,0,0,12.0,0,0,Sem vítimas,False
2748316,NOTIFICACAO,2026-03-05,2026,3,5,17:02,Quinta-feira,TARDE,VIAS URBANAS,NAO DISPONIVEL,AVENIDA PREFEITO LAERT JOSE TARALO MENDES,-21.6010934,-48.3734205,COLISAO,0,0,0,0,0,0,0,0,0,0,0,17.0,0,0,Sem vítimas,False
2748957,SINISTRO NAO FATAL,2026-03-05,2026,3,5,17:49,Quinta-feira,TARDE,VIAS URBANAS,PUBLICO,RUA SAO LOURENCO,-21.6016119,-48.3561605,COLISAO,0,1,1,0,0,0,0,0,0,1,1,17.0,1,2,Com feridos leves,False
2753189,NOTIFICACAO,2026-03-06,2026,3,6,23:12,Sexta-feira,NOITE,VIAS URBANAS,NAO DISPONIVEL,AVENIDA ARARAQUARA,-21.6106989,-48.3587359,OUTROS,0,0,0,0,0,0,0,0,0,0,0,23.0,0,0,Sem vítimas,False
2762962,SINISTRO NAO FATAL,2026-03-06,2026,3,6,15:27,Sexta-feira,TARDE,VIAS URBANAS,PUBLICO,RUA RUI BARBOSA,-21.6018679,-48.3681636,COLISAO,0,1,1,0,0,0,0,0,0,2,1,15.0,2,2,Com feridos leves,False
2770660,SINISTRO NAO FATAL,2026-03-06,2026,3,6,23:11,Sexta-feira,NOITE,VIAS URBANAS,PUBLICO,AVENIDA ARARAQUARA,-21.6116776,-48.3592139,COLISAO,0,1,1,0,0,0,0,0,1,1,1,23.0,2,2,Com feridos graves,False
2760258,SINISTRO NAO FATAL,2026-03-07,2026,3,7,01:50,Sábado,MADRUGADA,ESTRADAS E RODOVIAS,PUBLICO,SP 310,-21.5455377304,-48.4969338104,CHOQUE,0,0,1,0,0,0,0,0,0,1,0,1.0,1,1,Com feridos leves,True
2760645,NOTIFICACAO,2026-03-07,2026,3,7,09:43,Sábado,MANHA,VIAS URBANAS,NAO DISPONIVEL,RUA SAO LOURENCO,,,NAO DISPONIVEL,0,0,0,0,0,0,0,0,0,0,0,9.0,0,0,Sem vítimas,True
2761493,SINISTRO NAO FATAL,2026-03-07,2026,3,7,09:41,Sábado,MANHA,VIAS URBANAS,PUBLICO,RUA SAO LOURENCO,-21.6016119,-48.3561605,COLISAO,0,1,1,0,0,0,0,0,0,1,1,9.0,1,2,Com feridos leves,True
2757288,SINISTRO NAO FATAL,2026-03-08,2026,3,8,19:56,Domingo,NOITE,VIAS URBANAS,PUBLICO,AVENIDA BALDAN,-21.6164464,-48.3652852,COLISAO,0,1,1,0,0,0,0,0,0,1,1,19.0,1,2,Com feridos leves,True
2758674,NOTIFICACAO,2026-03-08,2026,3,8,04:06,Domingo,MADRUGADA,VIAS URBANAS,NAO DISPONIVEL,AVENIDA 7 DE SETEMBRO,-21.6058318,-48.368099,NAO DISPONIVEL,0,0,0,0,0,0,0,0,0,0,0,4.0,0,0,Sem vítimas,True
2762235,NOTIFICACAO,2026-03-08,2026,3,8,06:06,Domingo,MANHA,VIAS URBANAS,NAO DISPONIVEL,RUA DOLVALINO AGOSTINI,-21.5917381,-48.3423426,NAO DISPONIVEL,0,0,0,0,0,0,0,0,0,0,0,6.0,0,0,Sem vítimas,True
2763865,NOTIFICACAO,2026-03-10,2026,3,10,11:59,Terça-feira,MANHA,VIAS URBANAS,NAO DISPONIVEL,RUA ANCIAO JOAO CARRASCO LINHARES,,,COLISAO,0,0,0,0,0,0,0,0,0,0,0,11.0,0,0,Sem vítimas,False
2764008,NOTIFICACAO,2026-03-10,2026,3,10,12:38,Terça-feira,TARDE,VIAS URBANAS,NAO DISPONIVEL,RUA SINHARINHA FROTA,-21.6052791,-48.3678239,NAO DISPONIVEL,0,0,0,0,0,0,0,0,0,0,0,12.0,0,0,Sem vítimas,False
2766465,NOTIFICACAO,2026-03-11,2026,3,11,00:46,Quarta-feira,MADRUGADA,ESTRADAS E RODOVIAS,NAO DISPONIVEL,BR 364,,,NAO DISPONIVEL,0,0,0,0,0,0,0,0,0,0,0,0.0,0,0,Sem vítimas,False
2770383,SINISTRO NAO FATAL,2026-03-11,2026,3,11,23:17,Quarta-feira,NOITE,VIAS URBANAS,PUBLICO,RUA VICTORIO PINOTTI,-21.6006019,-48.388159,COLISAO,0,0,1,0,0,0,0,0,0,1,0,23.0,1,1,Com feridos leves,False
2766557,NOTIFICACAO,2026-03-12,2026,3,12,14:09,Quinta-feira,TARDE,VIAS URBANAS,NAO DISPONIVEL,ALAMEDA DA SAUDADE,,,COLISAO,0,0,0,0,0,0,0,0,0,0,0,14.0,0,0,Sem vítimas,False
2769058,SINISTRO NAO FATAL,2026-03-12,2026,3,12,21:20,Quinta-feira,NOITE,VIAS URBANAS,PUBLICO,RUA PEDRO GUERREIRO,-21.5843064,-48.3580019,OUTROS,0,0,1,0,0,0,0,0,0,1,0,21.0,1,1,Com feridos leves,False
2764235,NOTIFICACAO,2026-03-13,2026,3,13,17:55,Sexta-feira,TARDE,VIAS URBANAS,NAO DISPONIVEL,AVENIDA 15 DE NOVEMBRO,-21.5905578,-48.3584765,OUTROS,0,0,0,0,0,0,0,0,0,0,0,17.0,0,0,Sem vítimas,False
2764758,NOTIFICACAO,2026-03-13,2026,3,13,21:38,Sexta-feira,NOITE,VIAS URBANAS,NAO DISPONIVEL,AVENIDA CAMPOS SALLES,-21.6018058,-48.3681172,OUTROS,0,0,0,0,0,0,0,0,0,0,0,21.0,0,0,Sem vítimas,False
2764999,NOTIFICACAO,2026-03-13,2026,3,13,23:41,Sexta-feira,NOITE,VIAS URBANAS,NAO DISPONIVEL,RUA SINHARINHA FROTA,-21.6082069,-48.3613267,NAO DISPONIVEL,0,0,0,0,0,0,0,0,0,0,0,23.0,0,0,Sem vítimas,False
2765386,NOTIFICACAO,2026-03-13,2026,3,13,23:20,Sexta-feira,NOITE,VIAS URBANAS,NAO DISPONIVEL,AVENIDA MONTE ALTO,-21.615446,-48.358967,NAO DISPONIVEL,0,0,0,0,0,0,0,0,0,0,0,23.0,0,0,Sem vítimas,False
2765773,NOTIFICACAO,2026-03-13,2026,3,13,10:28,Sexta-feira,MANHA,VIAS URBANAS,NAO DISPONIVEL,AVENIDA LUDWIG ECKES,-21.5888731,-48.3775131,OUTROS,0,0,0,0,0,0,0,0,0,0,0,10.0,0,0,Sem vítimas,False
2770775,SINISTRO NAO FATAL,2026-03-13,2026,3,13,22:00,Sexta-feira,NOITE,VIAS URBANAS,PUBLICO,RUA SINHARINHA FROTA,-21.6100541,-48.3562204,COLISAO,0,1,1,0,0,0,0,0,0,1,1,22.0,1,2,Com feridos leves,False
2764693,SINISTRO NAO FATAL,2026-03-14,2026,3,14,14:32,Sábado,TARDE,VIAS URBANAS,PUBLICO,RUA PIAUI,-21.598483,-48.346106,CHOQUE,0,0,1,0,0,0,0,0,0,4,0,14.0,4,1,Com feridos leves,True
2765474,SINISTRO NAO FATAL,2026-03-15,2026,3,15,17:54,Domingo,TARDE,VIAS URBANAS,PUBLICO,RUA SINHARINHA FROTA,,,COLISAO,0,1,1,0,0,0,0,0,0,1,1,17.0,1,2,Com feridos leves,True
2764176,NOTIFICACAO,2026-03-16,2026,3,16,17:02,Segunda-feira,TARDE,VIAS URBANAS,NAO DISPONIVEL,AVENIDA JOAO MARCHESAN,,,NAO DISPONIVEL,0,0,0,0,0,0,0,0,0,0,0,17.0,0,0,Sem vítimas,False
2764197,NOTIFICACAO,2026-03-16,2026,3,16,16:47,Segunda-feira,TARDE,VIAS URBANAS,NAO DISPONIVEL,AVENIDA JOAO MARCHESAN,-21.6112779,-48.3767594,OUTROS,0,0,0,0,0,0,0,0,0,0,0,16.0,0,0,Sem vítimas,False
2764280,NOTIFICACAO,2026-03-16,2026,3,16,16:53,Segunda-feira,TARDE,VIAS URBANAS,NAO DISPONIVEL,SP 310,,,COLISAO,0,0,0,0,0,0,0,0,0,0,0,16.0,0,0,Sem vítimas,False
2765934,NOTIFICACAO,2026-03-16,2026,3,16,12:39,Segunda-feira,TARDE,VIAS URBANAS,NAO DISPONIVEL,RUA OTONE CORREA,-21.5933672,-48.3575014,NAO DISPONIVEL,0,0,0,0,0,0,0,0,0,0,0,12.0,0,0,Sem vítimas,False
2766281,SINISTRO NAO FATAL,2026-03-16,2026,3,16,15:00,Segunda-feira,TARDE,VIAS URBANAS,PUBLICO,RUA SAO LOURENCO,,,OUTROS,1,1,1,0,0,0,0,0,0,2,2,15.0,2,3,Com feridos leves,False
2766797,NOTIFICACAO,2026-03-16,2026,3,16,15:34,Segunda-feira,TARDE,VIAS URBANAS,NAO DISPONIVEL,AVENIDA 7 DE SETEMBRO,-21.6058318,-48.368099,NAO DISPONIVEL,0,0,0,0,0,0,0,0,0,0,0,15.0,0,0,Sem vítimas,False
2767537,NOTIFICACAO,2026-03-18,2026,3,18,18:15,Quarta-feira,NOITE,VIAS URBANAS,NAO DISPONIVEL,VIA NARCISO BALDAN,-21.6068296,-48.3566954,COLISAO,0,0,0,0,0,0,0,0,0,0,0,18.0,0,0,Sem vítimas,False
2768631,NOTIFICACAO,2026-03-20,2026,3,20,18:11,Sexta-feira,NOITE,VIAS URBANAS,NAO DISPONIVEL,AVENIDA SAO PAULO,-21.589518,-48.349918,NAO DISPONIVEL,0,0,0,0,0,0,0,0,0,0,0,18.0,0,0,Sem vítimas,False
2769969,NOTIFICACAO,2026-03-20,2026,3,20,20:54,Sexta-feira,NOITE,VIAS URBANAS,NAO DISPONIVEL,VIA CAL FISHER,-21.5937018,-48.3929356,CHOQUE,0,0,0,0,0,0,0,0,0,0,0,20.0,0,0,Sem vítimas,False
2770167,NOTIFICACAO,2026-03-21,2026,3,21,00:41,Sábado,MADRUGADA,VIAS URBANAS,NAO DISPONIVEL,AVENIDA FRANCISCO MASTROPIETRO,-21.590794,-48.3544807,COLISAO,0,0,0,0,0,0,0,0,0,0,0,0.0,0,0,Sem vítimas,True
2770369,NOTIFICACAO,2026-03-21,2026,3,21,00:48,Sábado,MADRUGADA,VIAS URBANAS,NAO DISPONIVEL,AVENIDA FRANCISCO MASTROPIETRO,-21.5845293,-48.3672712,NAO DISPONIVEL,0,0,0,0,0,0,0,0,0,0,0,0.0,0,0,Sem vítimas,True
2769601,NOTIFICACAO,2026-03-22,2026,3,22,13:14,Domingo,TARDE,VIAS URBANAS,NAO DISPONIVEL,AVENIDA MARIA DE LOURDES PISA MASTROPIETRO,,,NAO DISPONIVEL,0,0,0,0,0,0,0,0,0,0,0,13.0,0,0,Sem vítimas,True
2769935,NOTIFICACAO,2026-03-22,2026,3,22,12:41,Domingo,TARDE,VIAS URBANAS,NAO DISPONIVEL,AVENIDA FRANCISCO MASTROPIETRO,-21.5909029,-48.352363,NAO DISPONIVEL,0,0,0,0,0,0,0,0,0,0,0,12.0,0,0,Sem vítimas,True
2773122,SINISTRO NAO FATAL,2026-03-22,2026,3,22,18:45,Domingo,NOITE,ESTRADAS E RODOVIAS,PUBLICO,SP 326,-21.6082371725,-48.3352345704,COLISAO,0,1,1,0,0,0,0,0,0,1,1,18.0,1,2,Com feridos leves,True
2772890,SINISTRO NAO FATAL,2026-03-23,2026,3,23,07:30,Segunda-feira,MANHA,VIAS URBANAS,PUBLICO,DO TRABALHADOR,-21.5811585,-48.370941,COLISAO,0,1,1,0,0,0,0,0,0,2,1,7.0,2,2,Com feridos leves,False
2768100,SINISTRO NAO FATAL,2026-03-26,2026,3,26,18:06,Quinta-feira,NOITE,VIAS URBANAS,PUBLICO,AVENIDA FRANCISCO MASTROPIETRO,-21.5845293,-48.3672712,COLISAO,0,1,1,0,0,0,0,0,1,0,1,18.0,1,2,Com feridos graves,False
2768256,NOTIFICACAO,2026-03-26,2026,3,26,17:53,Quinta-feira,TARDE,ESTRADAS E RODOVIAS,NAO DISPONIVEL,SP 310,-21.6475674734,-48.387600227,OUTROS,0,0,0,0,0,0,0,0,0,0,0,17.0,0,0,Sem vítimas,False
2769156,SINISTRO NAO FATAL,2026-03-26,2026,3,26,18:30,Quinta-feira,NOITE,ESTRADAS E RODOVIAS,PUBLICO,SP 310,-21.6543821016,-48.3810273964,CHOQUE,0,0,1,0,0,0,0,0,0,1,0,18.0,1,1,Com feridos leves,False
2769225,SINISTRO NAO FATAL,2026-03-26,2026,3,26,17:30,Quinta-feira,TARDE,ESTRADAS E RODOVIAS,PUBLICO,SP 326,-21.6082371725,-48.3352345704,COLISAO,0,0,1,0,0,0,0,0,0,2,2,17.0,2,1,Com feridos leves,False
2773895,NOTIFICACAO,2026-03-26,2026,3,26,07:17,Quinta-feira,MANHA,VIAS URBANAS,NAO DISPONIVEL,AVENIDA LUIZ MARCHESAN,,,OUTROS,0,0,0,0,0,0,0,0,0,0,0,7.0,0,0,Sem vítimas,False
2776678,SINISTRO NAO FATAL,2026-03-26,2026,3,26,11:54,Quinta-feira,MANHA,VIAS URBANAS,PUBLICO,RUA SINHARINHA FROTA,-21.6098143,-48.3568632,COLISAO,0,1,1,0,0,0,0,0,0,1,1,11.0,1,2,Com feridos leves,False
2774444,NOTIFICACAO,2026-03-28,2026,3,28,08:42,Sábado,MANHA,VIAS URBANAS,NAO DISPONIVEL,RUA SAO LOURENCO,,,OUTROS,0,0,0,0,0,0,0,0,0,0,0,8.0,0,0,Sem vítimas,True
2774751,SINISTRO NAO FATAL,2026-03-28,2026,3,28,08:38,Sábado,MANHA,VIAS URBANAS,PUBLICO,RUA SAO LOURENCO,,,COLISAO,0,0,2,0,0,0,0,0,0,3,3,8.0,3,2,Com feridos leves,True
2773402,SINISTRO NAO FATAL,2026-03-29,2026,3,29,21:52,Domingo,NOITE,VIAS URBANAS,PUBLICO,RUA JOSE GONCALVES,-21.6039712,-48.3830304,OUTROS,0,1,0,0,0,0,0,0,0,1,1,21.0,1,1,Com feridos leves,True
2768381,NOTIFICACAO,2026-03-30,2026,3,30,17:31,Segunda-feira,TARDE,VIAS URBANAS,NAO DISPONIVEL,AVENIDA MATIAS DIAS DE TOLEDO,-21.600498,-48.372316,NAO DISPONIVEL,0,0,0,0,0,0,0,0,0,0,0,17.0,0,0,Sem vítimas,False
2773788,SINISTRO NAO FATAL,2026-04-01,2026,4,1,06:55,Quarta-feira,MANHA,VIAS URBANAS,PUBLICO,AV BALDAN,-21.61485,-48.36737,COLISAO,0,1,1,0,0,0,0,0,0,1,1,6.0,1,2,Com feridos leves,False
2781178,SINISTRO NAO FATAL,2026-04-01,2026,4,1,22:33,Quarta-feira,NOITE,VIAS URBANAS,PUBLICO,AVENIDA CAMPOS SALLES,-21.587872,-48.3606737,CHOQUE,0,0,1,1,0,0,0,0,0,1,2,22.0,1,2,Com feridos leves,False
2768951,NOTIFICACAO,2026-04-02,2026,4,2,19:31,Quinta-feira,NOITE,VIAS URBANAS,PUBLICO,AV MANOEL MINGORANCE,-21.58818,-48.37576,ATROPELAMENTO,0,0,0,0,0,1,0,0,0,1,0,19.0,1,0,Com feridos leves,False
2776958,SINISTRO NAO FATAL,2026-04-03,2026,4,3,09:53,Sexta-feira,MANHA,VIAS URBANAS,PUBLICO,AV ARARAQUARA,-21.61434,-48.35926,COLISAO,0,1,1,0,0,0,0,0,0,1,1,9.0,1,2,Com feridos leves,False
2768675,SINISTRO NAO FATAL,2026-04-04,2026,4,4,14:20,Sábado,TARDE,VIAS URBANAS,PUBLICO,RUA SAO LOURENCO,-21.593436,-48.379974,COLISAO,0,1,1,0,0,0,0,0,1,1,1,14.0,2,2,Com feridos graves,True
2776674,NOTIFICACAO,2026-04-04,2026,4,4,07:58,Sábado,MANHA,VIAS URBANAS,NAO DISPONIVEL,RUA SINHARINHA FROTA,,,NAO DISPONIVEL,0,0,0,0,0,0,0,0,0,0,0,7.0,0,0,Sem vítimas,True
2772669,NOTIFICACAO,2026-04-06,2026,4,6,07:33,Segunda-feira,MANHA,VIAS URBANAS,NAO DISPONIVEL,RUA SINHARINHA FROTA,,,ATROPELAMENTO,0,0,0,0,0,0,0,0,0,0,0,7.0,0,0,Sem vítimas,False
2778794,NOTIFICACAO,2026-04-07,2026,4,7,18:44,Terça-feira,NOITE,VIAS URBANAS,NAO DISPONIVEL,RUA JOSE BONIFACIO,,,COLISAO,0,0,0,0,0,0,0,0,0,0,0,18.0,0,0,Sem vítimas,False
2777173,NOTIFICACAO,2026-04-08,2026,4,8,14:25,Quarta-feira,TARDE,VIAS URBANAS,NAO DISPONIVEL,AVENIDA BALDAN,,,NAO DISPONIVEL,0,0,0,0,0,0,0,0,0,0,0,14.0,0,0,Sem vítimas,False
2786623,SINISTRO NAO FATAL,2026-04-09,2026,4,9,16:26,Quinta-feira,TARDE,VIAS URBANAS,PUBLICO,AV SIQUEIRA CAMPOS,-21.59974,-48.36567,COLISAO,0,0,2,0,0,0,0,0,0,1,2,16.0,1,2,Com feridos leves,False
2787043,NOTIFICACAO,2026-04-09,2026,4,9,13:21,Quinta-feira,TARDE,VIAS URBANAS,NAO DISPONIVEL,RUA SINHARINHA FROTA,,,OUTROS,0,0,0,0,0,0,0,0,0,0,0,13.0,0,0,Sem vítimas,False
2781875,NOTIFICACAO,2026-04-10,2026,4,10,23:10,Sexta-feira,NOITE,VIAS URBANAS,NAO DISPONIVEL,BRASIL,,,OUTROS,0,0,0,0,0,0,0,0,0,0,0,23.0,0,0,Sem vítimas,False
2787599,NOTIFICACAO,2026-04-11,2026,4,11,12:04,Sábado,TARDE,VIAS URBANAS,NAO DISPONIVEL,AVENIDA SAO PAULO,,,COLISAO,0,0,0,0,0,0,0,0,0,0,0,12.0,0,0,Sem vítimas,True
2787921,SINISTRO NAO FATAL,2026-04-13,2026,4,13,15:47,Segunda-feira,TARDE,VIAS URBANAS,PUBLICO,RUA AMERICO VEZANI,-21.5860399,-48.3758798,COLISAO,0,1,0,1,0,0,0,0,0,1,1,15.0,1,2,Com feridos leves,False
2787473,NOTIFICACAO,2026-04-17,2026,4,17,14:49,Sexta-feira,TARDE,VIAS URBANAS,NAO DISPONIVEL,AVENIDA TROLESI,,,OUTROS,0,0,0,0,0,0,0,0,0,0,0,14.0,0,0,Sem vítimas,False
2778708,SINISTRO NAO FATAL,2026-04-18,2026,4,18,13:09,Sábado,TARDE,ESTRADAS E RODOVIAS,NAO DISPONIVEL,SP 310,-21.6475674734,-48.387600227,CHOQUE,0,0,1,0,0,0,0,0,0,1,1,13.0,1,1,Com feridos leves,True
2781646,NOTIFICACAO,2026-04-18,2026,4,18,19:07,Sábado,NOITE,VIAS URBANAS,NAO DISPONIVEL,RUA SAO LOURENCO,,,NAO DISPONIVEL,0,0,0,0,0,0,0,0,0,0,0,19.0,0,0,Sem vítimas,True
2781343,SINISTRO NAO FATAL,2026-04-19,2026,4,19,15:28,Domingo,TARDE,VIAS URBANAS,NAO DISPONIVEL,BRIGADEIRO FARIA LIMA,,,OUTROS,0,0,1,0,0,0,0,0,0,1,1,15.0,1,1,Com feridos leves,True
2780233,NOTIFICACAO,2026-04-20,2026,4,20,19:04,Segunda-feira,NOITE,VIAS URBANAS,NAO DISPONIVEL,RUA ALEXANDRE DOS SANTOS PIRES,,,OUTROS,0,0,0,0,0,0,0,0,0,0,0,19.0,0,0,Sem vítimas,False
2778754,NOTIFICACAO,2026-04-22,2026,4,22,17:56,Quarta-feira,TARDE,VIAS URBANAS,NAO DISPONIVEL,AV BALDAN,,,OUTROS,0,0,0,0,0,0,0,0,0,0,0,17.0,0,0,Sem vítimas,False
2778955,NOTIFICACAO,2026-04-22,2026,4,22,18:16,Quarta-feira,NOITE,VIAS URBANAS,NAO DISPONIVEL,AVENIDA BALDAN,,,NAO DISPONIVEL,0,0,0,0,0,0,0,0,0,0,0,18.0,0,0,Sem vítimas,False
2783531,NOTIFICACAO,2026-04-22,2026,4,22,07:29,Quarta-feira,MANHA,VIAS URBANAS,NAO DISPONIVEL,AVENIDA ARARAQUARA,,,COLISAO,0,0,0,0,0,0,0,0,0,0,0,7.0,0,0,Sem vítimas,False
2784690,NOTIFICACAO,2026-04-22,2026,4,22,07:46,Quarta-feira,MANHA,VIAS URBANAS,NAO DISPONIVEL,RUA SINHARINHA FROTA,,,NAO DISPONIVEL,0,0,0,0,0,0,0,0,0,0,0,7.0,0,0,Sem vítimas,False
2780427,NOTIFICACAO,2026-04-25,2026,4,25,16:25,Sábado,TARDE,VIAS URBANAS,NAO DISPONIVEL,VICINAL FERNANDO CARLOS MANZONI,,,OUTROS,0,0,0,0,0,0,0,0,0,0,0,16.0,0,0,Sem vítimas,True
2780545,NOTIFICACAO,2026-04-25,2026,4,25,16:31,Sábado,TARDE,VIAS URBANAS,NAO DISPONIVEL,RUA SINHARINHA FROTA,,,NAO DISPONIVEL,0,0,0,0,0,0,0,0,0,0,0,16.0,0,0,Sem vítimas,True
2782110,SINISTRO NAO FATAL,2026-04-26,2026,4,26,17:29,Domingo,TARDE,VIAS URBANAS,NAO DISPONIVEL,R RUI BARBOSA,-21.60262,-48.36572,OUTROS,0,1,0,0,0,0,0,0,0,1,2,17.0,1,1,Com feridos leves,True
2782958,NOTIFICACAO,2026-04-26,2026,4,26,20:49,Domingo,NOITE,VIAS URBANAS,NAO DISPONIVEL,AVENIDA SETE DE SETEMBRO,,,COLISAO,0,0,0,0,0,0,0,0,0,0,0,20.0,0,0,Sem vítimas,True
2782977,NOTIFICACAO,2026-04-26,2026,4,26,18:41,Domingo,NOITE,VIAS URBANAS,NAO DISPONIVEL,AVENIDA ODAIR PEDRO DE MELLO,,,COLISAO,0,0,0,0,0,0,0,0,0,0,0,18.0,0,0,Sem vítimas,True
2785329,NOTIFICACAO,2026-04-27,2026,4,27,11:20,Segunda-feira,MANHA,VIAS URBANAS,NAO DISPONIVEL,RUA LUCIANO GANDINI,,,CHOQUE,0,0,0,0,0,0,0,0,0,0,0,11.0,0,0,Sem vítimas,False
2786744,NOTIFICACAO,2026-04-28,2026,4,28,17:18,Terça-feira,TARDE,VIAS URBANAS,NAO DISPONIVEL,RUA SINHARINHA FROTA,,,ATROPELAMENTO,0,0,0,0,0,0,0,0,0,0,0,17.0,0,0,Sem vítimas,False
2787643,NOTIFICACAO,2026-04-28,2026,4,28,17:16,Terça-feira,TARDE,VIAS URBANAS,NAO DISPONIVEL,RUA SINHARINHA FROTA,,,COLISAO,0,0,0,0,0,0,0,0,0,0,0,17.0,0,0,Sem vítimas,False
2778585,NOTIFICACAO,2026-04-29,2026,4,29,18:12,Quarta-feira,NOITE,VIAS URBANAS,NAO DISPONIVEL,AVENIDA SETE DE SETEMBRO,,,NAO DISPONIVEL,0,0,0,0,0,0,0,0,0,0,0,18.0,0,0,Sem vítimas,False
2784596,NOTIFICACAO,2026-04-29,2026,4,29,10:58,Quarta-feira,MANHA,VIAS URBANAS,NAO DISPONIVEL,AVENIDA SIQUEIRA CAMPOS,,,COLISAO,0,0,0,0,0,0,0,0,0,0,0,10.0,0,0,Sem vítimas,False
2787138,NOTIFICACAO,2026-04-29,2026,4,29,17:41,Quarta-feira,TARDE,VIAS URBANAS,NAO DISPONIVEL,RUA SINHARINHA FROTA,,,NAO DISPONIVEL,0,0,0,0,0,0,0,0,0,0,0,17.0,0,0,Sem vítimas,False
2787853,NOTIFICACAO,2026-04-29,2026,4,29,17:41,Quarta-feira,TARDE,VIAS URBANAS,NAO DISPONIVEL,AVENIDA BALDAN,,,NAO DISPONIVEL,0,0,0,0,0,0,0,0,0,0,0,17.0,0,0,Sem vítimas,False
2778541,NOTIFICACAO,2026-04-30,2026,4,30,17:47,Quinta-feira,TARDE,VIAS URBANAS,NAO DISPONIVEL,AV BALDAN,,,OUTROS,0,0,0,0,0,0,0,0,0,0,0,17.0,0,0,Sem vítimas,False
2779365,SINISTRO NAO FATAL,2026-04-30,2026,4,30,19:05,Quinta-feira,NOITE,VIAS URBANAS,PUBLICO,AVENIDA ANGELO RAGASSI,-21.5923511,-48.3744745,COLISAO,0,1,2,0,0,0,0,0,0,1,2,19.0,1,3,Com feridos leves,False
2784805,SINISTRO NAO FATAL,2026-04-30,2026,4,30,11:44,Quinta-feira,MANHA,VIAS URBANAS,PUBLICO,AV TROLESI,-21.61036,-48.3512,NAO DISPONIVEL,0,1,0,0,0,0,0,0,0,1,1,11.0,1,1,Com feridos leves,False
2785623,NOTIFICACAO,2026-04-30,2026,4,30,15:52,Quinta-feira,TARDE,VIAS URBANAS,NAO DISPONIVEL,AVENIDA ANTONIO GORGATTI,,,COLISAO,0,0,0,0,0,0,0,0,0,0,0,15.0,0,0,Sem vítimas,False
2794994,NOTIFICACAO,2026-05-01,2026,5,1,07:48,Sexta-feira,MANHA,VIAS URBANAS,NAO DISPONIVEL,RUA ANTONIO LOPES,,,OUTROS,0,0,0,0,0,0,0,0,0,0,0,7.0,0,0,Sem vítimas,False
2795347,NOTIFICACAO,2026-05-01,2026,5,1,08:43,Sexta-feira,MANHA,VIAS URBANAS,NAO DISPONIVEL,RUA SINHARINHA FROTA,,,NAO DISPONIVEL,0,0,0,0,0,0,0,0,0,0,0,8.0,0,0,Sem vítimas,False
2797992,SINISTRO FATAL,2026-05-01,2026,5,1,,Sexta-feira,NAO DISPONIVEL,VIAS URBANAS,PUBLICO,VICINAL DOUTOR CARLOS FERNANDO MALZONI,-21.5917278522,-48.3329123493,COLISAO,0,0,3,0,0,0,0,1,0,0,0,,1,3,Com óbito,False
2798254,SINISTRO FATAL,2026-05-01,2026,5,1,01:35,Sexta-feira,MADRUGADA,VIAS URBANAS,PUBLICO,VICINAL DOUTOR CARLOS FERNANDO MALZONI,,,COLISAO,0,0,1,0,0,0,0,1,0,0,0,1.0,1,1,Com óbito,False
2792666,NOTIFICACAO,2026-05-02,2026,5,2,23:46,Sábado,NOITE,VIAS URBANAS,NAO DISPONIVEL,AVENIDA SETE DE SETEMBRO,,,COLISAO,0,0,0,0,0,0,0,0,0,0,0,23.0,0,0,Sem vítimas,True
2791206,NOTIFICACAO,2026-05-03,2026,5,3,18:54,Domingo,NOITE,VIAS URBANAS,NAO DISPONIVEL,RUA SINHARINHA FROTA,,,NAO DISPONIVEL,0,0,0,0,0,0,0,0,0,0,0,18.0,0,0,Sem vítimas,True
2791208,NOTIFICACAO,2026-05-03,2026,5,3,18:56,Domingo,NOITE,VIAS URBANAS,NAO DISPONIVEL,AVENIDA PADRE NELSON ANTONIO ROMAO,,,COLISAO,0,0,0,0,0,0,0,0,0,0,0,18.0,0,0,Sem vítimas,True
2792301,NOTIFICACAO,2026-05-05,2026,5,5,07:12,Terça-feira,MANHA,VIAS URBANAS,NAO DISPONIVEL,DO TRABALHADOR,,,NAO DISPONIVEL,0,0,0,0,0,0,0,0,0,0,0,7.0,0,0,Sem vítimas,False
2797497,NOTIFICACAO,2026-05-05,2026,5,5,17:39,Terça-feira,TARDE,VIAS URBANAS,NAO DISPONIVEL,AVENIDA SETE DE SETEMBRO,,,NAO DISPONIVEL,0,0,0,0,0,0,0,0,0,0,0,17.0,0,0,Sem vítimas,False
2801056,SINISTRO NAO FATAL,2026-05-05,2026,5,5,07:12,Terça-feira,MANHA,VIAS URBANAS,PUBLICO,RUA DO TRABALHADOR,-21.5932067,-48.3706759,COLISAO,0,1,1,0,0,0,0,0,1,0,1,7.0,1,2,Com feridos graves,False
2788321,NOTIFICACAO,2026-05-06,2026,5,6,17:58,Quarta-feira,TARDE,VIAS URBANAS,NAO DISPONIVEL,RUA MAJOR JOAQUIM GABRIEL DE CARVALHO,,,COLISAO,0,0,0,0,0,0,0,0,0,0,0,17.0,0,0,Sem vítimas,False
2788419,NOTIFICACAO,2026-05-07,2026,5,7,17:22,Quinta-feira,TARDE,VIAS URBANAS,NAO DISPONIVEL,RUA JOSE GUERRA,,,NAO DISPONIVEL,0,0,0,0,0,0,0,0,0,0,0,17.0,0,0,Sem vítimas,False
2789401,SINISTRO NAO FATAL,2026-05-07,2026,5,7,18:00,Quinta-feira,NOITE,ESTRADAS E RODOVIAS,PUBLICO,SP 310,-21.6662475161,-48.3668422829,OUTROS,0,0,0,0,1,0,2,0,0,1,0,18.0,1,3,Com feridos leves,False
2793788,NOTIFICACAO,2026-05-07,2026,5,7,08:27,Quinta-feira,MANHA,VIAS URBANAS,PUBLICO,AVENIDA TROLESI,-21.598483,-48.346106,COLISAO,0,0,0,0,0,0,0,0,0,0,0,8.0,0,0,Sem vítimas,False
2788336,SINISTRO NAO FATAL,2026-05-09,2026,5,9,11:30,Sábado,MANHA,ESTRADAS E RODOVIAS,PUBLICO,SP 326,-21.6438800388,-48.3370176753,OUTROS,0,0,0,0,1,0,0,0,0,1,0,11.0,1,1,Com feridos leves,True
2795282,SINISTRO NAO FATAL,2026-05-09,2026,5,9,06:29,Sábado,MANHA,VIAS URBANAS,PUBLICO,RUA FRANCISCO PEDRO ANTONIO,-21.582247,-48.375095,NAO DISPONIVEL,0,1,0,0,0,0,0,0,0,1,0,6.0,1,1,Com feridos leves,True
2790786,NOTIFICACAO,2026-05-10,2026,5,10,17:39,Domingo,TARDE,VIAS URBANAS,NAO DISPONIVEL,AVENIDA SETE DE SETEMBRO,,,NAO DISPONIVEL,0,0,0,0,0,0,0,0,0,0,0,17.0,0,0,Sem vítimas,True
2803210,SINISTRO NAO FATAL,2026-05-10,2026,5,10,06:59,Domingo,MANHA,VIAS URBANAS,PUBLICO,AV SANTA CRUZ,-21.60541,-48.35999,COLISAO,0,1,0,0,0,0,0,0,0,0,1,6.0,0,1,Sem vítimas,True
2796431,NOTIFICACAO,2026-05-11,2026,5,11,16:31,Segunda-feira,TARDE,VIAS URBANAS,NAO DISPONIVEL,R VICENTE MASTRO PIETRO,,,OUTROS,0,0,0,0,0,0,0,0,0,0,0,16.0,0,0,Sem vítimas,False
2796879,NOTIFICACAO,2026-05-11,2026,5,11,17:28,Segunda-feira,TARDE,VIAS URBANAS,NAO DISPONIVEL,AVENIDA TAQUARITINGA,,,NAO DISPONIVEL,0,0,0,0,0,0,0,0,0,0,0,17.0,0,0,Sem vítimas,False
2801420,SINISTRO NAO FATAL,2026-05-11,2026,5,11,08:03,Segunda-feira,MANHA,VIAS URBANAS,PUBLICO,RUA SINHARINHA FROTA,-21.6052791,-48.3678239,COLISAO,0,1,0,0,0,0,0,0,0,1,0,8.0,1,1,Com feridos leves,False
2788316,SINISTRO NAO FATAL,2026-05-12,2026,5,12,19:44,Terça-feira,NOITE,VIAS URBANAS,PUBLICO,AVENIDA EDUARDO DA SILVA MATOS,-21.5868326,-48.3653951,COLISAO,0,1,1,0,0,0,0,0,0,2,2,19.0,2,2,Com feridos leves,False
2788344,NOTIFICACAO,2026-05-12,2026,5,12,19:43,Terça-feira,NOITE,VIAS URBANAS,NAO DISPONIVEL,AV EDUARDO CLARO DOS SANTOS,,,NAO DISPONIVEL,0,0,0,0,0,0,0,0,0,0,0,19.0,0,0,Sem vítimas,False
2789254,NOTIFICACAO,2026-05-12,2026,5,12,21:24,Terça-feira,NOITE,VIAS URBANAS,NAO DISPONIVEL,AVENIDA BALDAN,,,COLISAO,0,0,0,0,0,0,0,0,0,0,0,21.0,0,0,Sem vítimas,False
2795643,NOTIFICACAO,2026-05-13,2026,5,13,14:56,Quarta-feira,TARDE,VIAS URBANAS,NAO DISPONIVEL,RUA SINHARINHA FROTA,,,NAO DISPONIVEL,0,0,0,0,0,0,0,0,0,0,0,14.0,0,0,Sem vítimas,False
2796251,SINISTRO NAO FATAL,2026-05-13,2026,5,13,16:10,Quarta-feira,TARDE,VIAS URBANAS,PUBLICO,AVENIDA SETE DE SETEMBRO,-21.6058318,-48.368099,COLISAO,0,1,0,0,0,0,0,0,0,1,0,16.0,1,1,Com feridos leves,False
2796050,NOTIFICACAO,2026-05-15,2026,5,15,14:43,Sexta-feira,TARDE,ESTRADAS E RODOVIAS,NAO DISPONIVEL,SP 310,,,NAO DISPONIVEL,0,0,0,0,0,0,0,0,0,0,0,14.0,0,0,Sem vítimas,False
2803159,SINISTRO NAO FATAL,2026-05-15,2026,5,15,15:00,Sexta-feira,TARDE,ESTRADAS E RODOVIAS,PUBLICO,SP 326,-21.598294409,-48.3347356215,OUTROS,0,0,0,0,1,0,0,0,1,0,1,15.0,1,1,Com feridos graves,False
2791891,NOTIFICACAO,2026-05-16,2026,5,16,21:59,Sábado,NOITE,VIAS URBANAS,NAO DISPONIVEL,AVENIDA BALDAN,,,OUTROS,0,0,0,0,0,0,0,0,0,0,0,21.0,0,0,Sem vítimas,True
2795473,NOTIFICACAO,2026-05-16,2026,5,16,10:26,Sábado,MANHA,VIAS URBANAS,NAO DISPONIVEL,AVENIDA TROLESI,,,COLISAO,0,0,0,0,0,0,0,0,0,0,0,10.0,0,0,Sem vítimas,True
2788811,SINISTRO NAO FATAL,2026-05-17,2026,5,17,11:05,Domingo,MANHA,VIAS URBANAS,PUBLICO,AVENIDA TROLESI,-21.5998679,-48.3467026,COLISAO,0,1,1,0,0,0,0,0,1,0,2,11.0,1,2,Com feridos graves,True
2789610,NOTIFICACAO,2026-05-18,2026,5,18,21:33,Segunda-feira,NOITE,VIAS URBANAS,NAO DISPONIVEL,AVENIDA JOAO DORNELAS,,,NAO DISPONIVEL,0,0,0,0,0,0,0,0,0,0,0,21.0,0,0,Sem vítimas,False
2789640,NOTIFICACAO,2026-05-18,2026,5,18,21:36,Segunda-feira,NOITE,VIAS URBANAS,NAO DISPONIVEL,BRIGADEIRO FARIA LIMA,,,NAO DISPONIVEL,0,0,0,0,0,0,0,0,0,0,0,21.0,0,0,Sem vítimas,False
2796208,NOTIFICACAO,2026-05-18,2026,5,18,15:02,Segunda-feira,TARDE,VIAS URBANAS,NAO DISPONIVEL,AVENIDA YOLANDA TOMAZELLI CECHETTO,,,OUTROS,0,0,0,0,0,0,0,0,0,0,0,15.0,0,0,Sem vítimas,False
2802949,SINISTRO NAO FATAL,2026-05-18,2026,5,18,15:02,Segunda-feira,TARDE,VIAS URBANAS,PUBLICO,RUA VICENTE CORDOA,-21.5962775,-48.3886383,COLISAO,0,1,0,1,0,0,0,0,0,1,1,15.0,1,2,Com feridos leves,False
2794274,NOTIFICACAO,2026-05-20,2026,5,20,11:10,Quarta-feira,MANHA,VIAS URBANAS,NAO DISPONIVEL,RUA SINHARINHA FROTA,,,NAO DISPONIVEL,0,0,0,0,0,0,0,0,0,0,0,11.0,0,0,Sem vítimas,False
2794317,NOTIFICACAO,2026-05-20,2026,5,20,11:21,Quarta-feira,MANHA,VIAS URBANAS,NAO DISPONIVEL,AVENIDA TROLESI,,,OUTROS,0,0,0,0,0,0,0,0,0,0,0,11.0,0,0,Sem vítimas,False
2796211,NOTIFICACAO,2026-05-21,2026,5,21,13:04,Quinta-feira,TARDE,VIAS URBANAS,NAO DISPONIVEL,AVENIDA SIQUEIRA CAMPOS,,,NAO DISPONIVEL,0,0,0,0,0,0,0,0,0,0,0,13.0,0,0,Sem vítimas,False
2789345,NOTIFICACAO,2026-05-22,2026,5,22,18:24,Sexta-feira,NOITE,VIAS URBANAS,NAO DISPONIVEL,AVENIDA PADRE NELSON ANTONIO ROMAO,,,COLISAO,0,0,0,0,0,0,0,0,0,0,0,18.0,0,0,Sem vítimas,False
2794120,NOTIFICACAO,2026-05-22,2026,5,22,09:32,Sexta-feira,MANHA,VIAS URBANAS,NAO DISPONIVEL,RUA JOSE BONIFACIO,,,COLISAO,0,0,0,0,0,0,0,0,0,0,0,9.0,0,0,Sem vítimas,False
2798660,NOTIFICACAO,2026-05-24,2026,5,24,02:53,Domingo,MADRUGADA,VIAS URBANAS,PUBLICO,AVENIDA ANTONIO TANAKA,-21.6186459,-48.3705479,CHOQUE,0,0,0,0,0,0,0,0,0,1,0,2.0,1,0,Com feridos leves,True
2800131,NOTIFICACAO,2026-05-25,2026,5,25,19:08,Segunda-feira,NOITE,VIAS URBANAS,NAO DISPONIVEL,RUA ALEXANDRE CAMINOTTO,,,OUTROS,0,0,0,0,0,0,0,0,0,0,0,19.0,0,0,Sem vítimas,False
2800220,NOTIFICACAO,2026-05-25,2026,5,25,19:46,Segunda-feira,NOITE,VIAS URBANAS,NAO DISPONIVEL,AVENIDA SIQUEIRA CAMPOS,,,NAO DISPONIVEL,0,0,0,0,0,0,0,0,0,0,0,19.0,0,0,Sem vítimas,False
2799305,SINISTRO NAO FATAL,2026-05-26,2026,5,26,17:39,Terça-feira,TARDE,VIAS URBANAS,PUBLICO,R SINHARINHA FROTA,-21.60759,-48.36175,COLISAO,1,0,1,0,0,0,0,0,0,1,1,17.0,1,2,Com feridos leves,False
2800368,SINISTRO NAO FATAL,2026-05-26,2026,5,26,21:45,Terça-feira,NOITE,VIAS URBANAS,PUBLICO,RUA SAO LOURENCO,-21.5985772,-48.3670028,COLISAO,0,1,1,0,0,0,0,0,0,1,1,21.0,1,2,Com feridos leves,False
2801453,SINISTRO NAO FATAL,2026-05-26,2026,5,26,08:18,Terça-feira,MANHA,VIAS URBANAS,PUBLICO,AV BALDAN,,,COLISAO,0,1,0,0,1,0,0,0,0,1,1,8.0,1,2,Com feridos leves,False
2800982,NOTIFICACAO,2026-05-27,2026,5,27,05:00,Quarta-feira,MADRUGADA,VIAS URBANAS,NAO DISPONIVEL,AVENIDA LUDWIG ECKES,,,NAO DISPONIVEL,0,0,0,0,0,0,0,0,0,0,0,5.0,0,0,Sem vítimas,False
2801003,NOTIFICACAO,2026-05-27,2026,5,27,05:02,Quarta-feira,MADRUGADA,VIAS URBANAS,NAO DISPONIVEL,AVENIDA BALDAN,,,OUTROS,0,0,0,0,0,0,0,0,0,0,0,5.0,0,0,Sem vítimas,False
2801407,SINISTRO NAO FATAL,2026-05-28,2026,5,28,07:11,Quinta-feira,MANHA,VIAS URBANAS,PUBLICO,AVENIDA SAO PAULO,-21.5996714,-48.3520258,CHOQUE,0,0,1,0,0,0,0,0,0,1,0,7.0,1,1,Com feridos leves,False
2799227,NOTIFICACAO,2026-05-30,2026,5,30,14:17,Sábado,TARDE,VIAS URBANAS,NAO DISPONIVEL,AVENIDA SANTO ANTONIO,,,NAO DISPONIVEL,0,0,0,0,0,0,0,0,0,0,0,14.0,0,0,Sem vítimas,True
2799241,NOTIFICACAO,2026-05-30,2026,5,30,14:18,Sábado,TARDE,VIAS URBANAS,NAO DISPONIVEL,RUA DO TRABALHADOR,,,NAO DISPONIVEL,0,0,0,0,0,0,0,0,0,0,0,14.0,0,0,Sem vítimas,True
2799246,SINISTRO NAO FATAL,2026-05-30,2026,5,30,14:17,Sábado,TARDE,VIAS URBANAS,PUBLICO,AVENIDA MATHIAS DIAS DE TOLEDO,-21.6051922,-48.3741484,COLISAO,0,1,1,0,0,0,0,0,0,0,2,14.0,0,2,Sem vítimas,True
2800863,SINISTRO NAO FATAL,2026-05-30,2026,5,30,21:09,Sábado,NOITE,VIAS URBANAS,PUBLICO,BRASIL,-21.59877,-48.3529,OUTROS,0,0,1,0,0,0,0,0,1,1,0,21.0,2,1,Com feridos graves,True
2797749,SINISTRO FATAL,2026-05-31,2026,5,31,09:19,Domingo,MANHA,VIAS URBANAS,PUBLICO,AVENIDA TROLESI,-21.5899016483,-48.3410704992,CHOQUE,0,1,2,0,0,0,0,1,0,0,0,9.0,1,3,Com óbito,True
2799164,NOTIFICACAO,2026-05-31,2026,5,31,09:37,Domingo,MANHA,VIAS URBANAS,NAO DISPONIVEL,RUA VANDERLEI APARECIDO PEREIRA,,,NAO DISPONIVEL,0,0,0,0,0,0,0,0,0,0,0,9.0,0,0,Sem vítimas,True
2799368,NOTIFICACAO,2026-05-31,2026,5,31,10:39,Domingo,MANHA,VIAS URBANAS,NAO DISPONIVEL,AVENIDA SETE DE SETEMBRO,,,NAO DISPONIVEL,0,0,0,0,0,0,0,0,0,0,0,10.0,0,0,Sem vítimas,True
2820254,NOTIFICACAO,2026-06-01,2026,6,1,15:24,Segunda-feira,TARDE,VIAS URBANAS,NAO DISPONIVEL,AVENIDA 28 DE AGOSTO,,,NAO DISPONIVEL,0,0,0,0,0,0,0,0,0,0,0,15.0,0,0,Sem vítimas,False
2812015,SINISTRO NAO FATAL,2026-06-02,2026,6,2,08:05,Terça-feira,MANHA,VIAS URBANAS,PUBLICO,RUA SAO LOURENCO,-21.593436,-48.379974,COLISAO,0,1,1,0,0,0,0,0,0,2,1,8.0,2,2,Com feridos leves,False
2817327,SINISTRO NAO FATAL,2026-06-02,2026,6,2,14:46,Terça-feira,TARDE,VIAS URBANAS,PUBLICO,VIA CLITO BASTIA,-21.6356122,-48.3035992,COLISAO,0,1,2,0,0,0,0,0,0,1,2,14.0,1,3,Com feridos leves,False
2809030,NOTIFICACAO,2026-06-03,2026,6,3,23:06,Quarta-feira,NOITE,VIAS URBANAS,NAO DISPONIVEL,RUA ARMANDO FECHIO,,,CHOQUE,0,0,0,0,0,0,0,0,0,0,0,23.0,0,0,Sem vítimas,False
2816815,NOTIFICACAO,2026-06-03,2026,6,3,13:35,Quarta-feira,TARDE,VIAS URBANAS,NAO DISPONIVEL,RUA ARTHUR BANDELLI,,,NAO DISPONIVEL,0,0,0,0,0,0,0,0,0,0,0,13.0,0,0,Sem vítimas,False
2818284,NOTIFICACAO,2026-06-03,2026,6,3,15:11,Quarta-feira,TARDE,VIAS URBANAS,NAO DISPONIVEL,RUA JOSE ARTIMONTE,,,OUTROS,0,0,0,0,0,0,0,0,0,0,0,15.0,0,0,Sem vítimas,False
2806611,SINISTRO NAO FATAL,2026-06-05,2026,6,5,17:21,Sexta-feira,TARDE,VIAS URBANAS,PUBLICO,R PAULO MANZI,-21.59729,-48.37999,COLISAO,0,1,1,0,0,0,0,0,0,1,1,17.0,1,2,Com feridos leves,False
2814111,SINISTRO NAO FATAL,2026-06-05,2026,6,5,06:37,Sexta-feira,MANHA,VIAS URBANAS,PUBLICO,RUA JOSE GOMES PIRES,-21.5841958,-48.359194,ATROPELAMENTO,0,0,0,1,0,2,0,0,0,2,1,6.0,2,1,Com feridos leves,False
2804336,SINISTRO NAO FATAL,2026-06-06,2026,6,6,00:44,Sábado,MADRUGADA,VIAS URBANAS,PUBLICO,AVENIDA 15 DE NOVEMBRO,-21.588083,-48.357765,COLISAO,0,0,1,1,0,0,0,0,0,4,2,0.0,4,2,Com feridos leves,True
2808965,NOTIFICACAO,2026-06-07,2026,6,7,16:04,Domingo,TARDE,VIAS URBANAS,NAO DISPONIVEL,AVENIDA JOSE SCHIMIDT,,,OUTROS,0,0,0,0,0,0,0,0,0,0,0,16.0,0,0,Sem vítimas,True
2813505,NOTIFICACAO,2026-06-08,2026,6,8,00:17,Segunda-feira,MADRUGADA,VIAS URBANAS,NAO DISPONIVEL,AVENIDA SETE DE SETEMBRO,,,NAO DISPONIVEL,0,0,0,0,0,0,0,0,0,0,0,0.0,0,0,Sem vítimas,False
2815198,SINISTRO NAO FATAL,2026-06-08,2026,6,8,10:53,Segunda-feira,MANHA,VIAS URBANAS,PUBLICO,RUA SINHARINHA FROTA,-21.6001825,-48.3780761,COLISAO,0,0,2,0,0,0,0,0,0,1,1,10.0,1,2,Com feridos leves,False
2818585,NOTIFICACAO,2026-06-08,2026,6,8,14:36,Segunda-feira,TARDE,VIAS URBANAS,NAO DISPONIVEL,RUA SINHARINHA FROTA,,,NAO DISPONIVEL,0,0,0,0,0,0,0,0,0,0,0,14.0,0,0,Sem vítimas,False
2815263,NOTIFICACAO,2026-06-09,2026,6,9,12:28,Terça-feira,TARDE,VIAS URBANAS,PUBLICO,AVENIDA ALBERTO BENASSI,-21.6145133,-48.3626048,COLISAO,0,0,0,0,0,0,0,0,0,0,0,12.0,0,0,Sem vítimas,False
2806055,SINISTRO NAO FATAL,2026-06-10,2026,6,10,19:54,Quarta-feira,NOITE,VIAS URBANAS,PUBLICO,AV FELIPPE THOMAZ GRANATO,-21.60044,-48.39436,NAO DISPONIVEL,0,1,0,0,0,0,0,0,0,1,0,19.0,1,1,Com feridos leves,False
2807479,SINISTRO NAO FATAL,2026-06-10,2026,6,10,21:57,Quarta-feira,NOITE,ESTRADAS E RODOVIAS,NAO DISPONIVEL,SP 310,-21.6777986812,-48.3528010144,COLISAO,0,0,0,0,2,0,1,0,0,1,1,21.0,1,3,Com feridos leves,False
2819095,NOTIFICACAO,2026-06-10,2026,6,10,16:17,Quarta-feira,TARDE,VIAS URBANAS,NAO DISPONIVEL,RUA SINHARINHA FROTA,,,NAO DISPONIVEL,0,0,0,0,0,0,0,0,0,0,0,16.0,0,0,Sem vítimas,False
2803693,SINISTRO FATAL,2026-06-12,2026,6,12,15:27,Sexta-feira,TARDE,ESTRADAS E RODOVIAS,PUBLICO,SP 326,-21.6886205671,-48.3385646921,OUTROS,0,0,1,0,0,0,1,1,0,0,0,15.0,1,2,Com óbito,False
2807020,NOTIFICACAO,2026-06-13,2026,6,13,09:00,Sábado,MANHA,VIAS URBANAS,NAO DISPONIVEL,AVENIDA ALBERTO BENASSI,,,COLISAO,0,0,0,0,0,0,0,0,0,0,0,9.0,0,0,Sem vítimas,True
2811766,SINISTRO NAO FATAL,2026-06-13,2026,6,13,23:53,Sábado,NOITE,VIAS URBANAS,PUBLICO,AVENIDA BALDAN,-21.6140427,-48.3691574,COLISAO,0,1,1,0,0,0,0,0,0,1,1,23.0,1,2,Com feridos leves,True
2807817,SINISTRO NAO FATAL,2026-06-15,2026,6,15,20:45,Segunda-feira,NOITE,ESTRADAS E RODOVIAS,PUBLICO,SP 326,-21.6617992534,-48.3378961361,COLISAO,0,0,2,0,0,0,0,0,0,1,2,20.0,1,2,Com feridos leves,False
2816574,NOTIFICACAO,2026-06-17,2026,6,17,13:59,Quarta-feira,TARDE,VIAS URBANAS,PUBLICO,AVENIDA BALDAN,-21.6148473,-48.3673696,COLISAO,0,0,0,0,0,0,0,0,0,0,0,13.0,0,0,Sem vítimas,False
2807322,SINISTRO NAO FATAL,2026-06-19,2026,6,19,20:06,Sexta-feira,NOITE,VIAS URBANAS,PUBLICO,R SAO LOURENCO,-21.60326,-48.34856,COLISAO,0,1,1,0,0,0,0,0,0,1,1,20.0,1,2,Com feridos leves,False
2807416,NOTIFICACAO,2026-06-19,2026,6,19,20:13,Sexta-feira,NOITE,VIAS URBANAS,NAO DISPONIVEL,AVENIDA LUDWIG ECKES,,,OUTROS,0,0,0,0,0,0,0,0,0,0,0,20.0,0,0,Sem vítimas,False
2807537,NOTIFICACAO,2026-06-19,2026,6,19,20:19,Sexta-feira,NOITE,VIAS URBANAS,NAO DISPONIVEL,AVENIDA LUDWIG ECKES,,,OUTROS,0,0,0,0,0,0,0,0,0,0,0,20.0,0,0,Sem vítimas,False
2808206,NOTIFICACAO,2026-06-19,2026,6,19,21:13,Sexta-feira,NOITE,ESTRADAS E RODOVIAS,NAO DISPONIVEL,SP 310,-21.6777986812,-48.3528010144,NAO DISPONIVEL,0,0,0,0,0,0,0,0,0,0,0,21.0,0,0,Sem vítimas,False
2818021,SINISTRO NAO FATAL,2026-06-23,2026,6,23,16:20,Terça-feira,TARDE,VIAS URBANAS,PUBLICO,ESTRADA VICINAL DOUTOR CARLOS FERNANDO MALZONI,-21.5917578,-48.3327836,OUTROS,0,0,1,0,0,0,0,0,0,2,0,16.0,2,1,Com feridos leves,False
2818532,NOTIFICACAO,2026-06-23,2026,6,23,16:32,Terça-feira,TARDE,VIAS URBANAS,NAO DISPONIVEL,AVENIDA SANTA CRUZ,,,COLISAO,0,0,0,0,0,0,0,0,0,0,0,16.0,0,0,Sem vítimas,False
2818954,NOTIFICACAO,2026-06-23,2026,6,23,17:12,Terça-feira,TARDE,VIAS URBANAS,NAO DISPONIVEL,AVENIDA BALDAN,,,NAO DISPONIVEL,0,0,0,0,0,0,0,0,0,0,0,17.0,0,0,Sem vítimas,False
2820222,NOTIFICACAO,2026-06-23,2026,6,23,18:35,Terça-feira,NOITE,VIAS URBANAS,NAO DISPONIVEL,AVENIDA PREFEITO LAERT JOSE TARALO MENDES,,,OUTROS,0,0,0,0,0,0,0,0,0,0,0,18.0,0,0,Sem vítimas,False
2821016,NOTIFICACAO,2026-06-23,2026,6,23,19:39,Terça-feira,NOITE,VIAS URBANAS,NAO DISPONIVEL,AVENIDA MONTE ALTO,,,OUTROS,0,0,0,0,0,0,0,0,0,0,0,19.0,0,0,Sem vítimas,False
2809082,SINISTRO NAO FATAL,2026-06-24,2026,6,24,06:05,Quarta-feira,MANHA,VIAS URBANAS,PUBLICO,AVENIDA RINCAO,-21.6184784,-48.3537958,CHOQUE,0,1,0,0,0,0,0,0,0,1,0,6.0,1,1,Com feridos leves,False
2809381,NOTIFICACAO,2026-06-24,2026,6,24,06:27,Quarta-feira,MANHA,VIAS URBANAS,NAO DISPONIVEL,AV JOAO DORNELAS,,,OUTROS,0,0,0,0,0,0,0,0,0,0,0,6.0,0,0,Sem vítimas,False
2809555,SINISTRO NAO FATAL,2026-06-24,2026,6,24,06:21,Quarta-feira,MANHA,VIAS URBANAS,PUBLICO,AVENIDA SIQUEIRA CAMPOS,-21.6011452,-48.3666385,COLISAO,0,0,2,0,0,0,0,0,0,1,1,6.0,1,2,Com feridos leves,False
2818899,NOTIFICACAO,2026-06-24,2026,6,24,18:30,Quarta-feira,NOITE,VIAS URBANAS,PUBLICO,RUA RUI BARBOSA,-21.6018679,-48.3681636,COLISAO,0,0,0,0,0,0,0,0,0,0,0,18.0,0,0,Sem vítimas,False
2815002,SINISTRO NAO FATAL,2026-06-26,2026,6,26,12:15,Sexta-feira,TARDE,VIAS URBANAS,NAO DISPONIVEL,RUA JOSE PERLATO,,,OUTROS,0,0,1,0,0,0,0,0,0,1,0,12.0,1,1,Com feridos leves,False
2815587,NOTIFICACAO,2026-06-26,2026,6,26,13:03,Sexta-feira,TARDE,ESTRADAS E RODOVIAS,NAO DISPONIVEL,SP 310,-21.5870926966,-48.4457649459,OUTROS,0,0,0,0,0,0,0,0,0,0,0,13.0,0,0,Sem vítimas,False
2807766,SINISTRO NAO FATAL,2026-06-27,2026,6,27,16:37,Sábado,TARDE,VIAS URBANAS,PUBLICO,AV BALDAN,-21.61485,-48.36737,NAO DISPONIVEL,0,1,0,0,0,0,0,0,0,1,0,16.0,1,1,Com feridos leves,True
2807841,NOTIFICACAO,2026-06-27,2026,6,27,16:41,Sábado,TARDE,VIAS URBANAS,NAO DISPONIVEL,AVENIDA ALEXANDRE DALE VEDOVE,,,COLISAO,0,0,0,0,0,0,0,0,0,0,0,16.0,0,0,Sem vítimas,True
2809470,SINISTRO NAO FATAL,2026-06-27,2026,6,27,19:08,Sábado,NOITE,VIAS URBANAS,PUBLICO,AVENIDA LUDWIG ECKES,-21.5888731,-48.3775131,COLISAO,0,1,1,0,0,0,0,0,0,1,1,19.0,1,2,Com feridos leves,True
2809479,NOTIFICACAO,2026-06-27,2026,6,27,19:08,Sábado,NOITE,VIAS URBANAS,NAO DISPONIVEL,AVENIDA CAMPOS SALLES,,,NAO DISPONIVEL,0,0,0,0,0,0,0,0,0,0,0,19.0,0,0,Sem vítimas,True
2817586,SINISTRO NAO FATAL,2026-06-27,2026,6,27,10:00,Sábado,MANHA,VIAS URBANAS,PUBLICO,RUA CASTRO ALVES,-21.598825,-48.360873,COLISAO,0,1,1,0,0,0,0,0,0,1,2,10.0,1,2,Com feridos leves,True
2817619,SINISTRO NAO FATAL,2026-06-27,2026,6,27,10:02,Sábado,MANHA,VIAS URBANAS,PUBLICO,AV LUDWIG ECKES,-21.58882,-48.37748,OUTROS,0,1,0,0,0,0,0,0,1,0,0,10.0,1,1,Com feridos graves,True
2818315,NOTIFICACAO,2026-06-27,2026,6,27,10:37,Sábado,MANHA,VIAS URBANAS,NAO DISPONIVEL,AVENIDA JOAO PINOTTI,,,NAO DISPONIVEL,0,0,0,0,0,0,0,0,0,0,0,10.0,0,0,Sem vítimas,True
2808825,SINISTRO NAO FATAL,2026-06-28,2026,6,28,13:57,Domingo,TARDE,VIAS URBANAS,PUBLICO,AVENIDA CAMPOS SALLES,-21.6018058,-48.3681172,CHOQUE,0,0,1,0,0,0,0,0,0,1,1,13.0,1,1,Com feridos leves,True
2811077,SINISTRO NAO FATAL,2026-06-28,2026,6,28,19:03,Domingo,NOITE,VIAS URBANAS,PUBLICO,RUA AFFONSO CALLEGHER,-21.5990246,-48.3955437,COLISAO,0,1,1,0,0,0,0,0,0,2,1,19.0,2,2,Com feridos leves,True
2811081,NOTIFICACAO,2026-06-28,2026,6,28,19:03,Domingo,NOITE,VIAS URBANAS,NAO DISPONIVEL,RUA PROFESSOR OCTACILIO RIBEIRO,,,NAO DISPONIVEL,0,0,0,0,0,0,0,0,0,0,0,19.0,0,0,Sem vítimas,True
2805005,SINISTRO NAO FATAL,2026-06-29,2026,6,29,16:30,Segunda-feira,TARDE,VIAS URBANAS,PUBLICO,AVENIDA BALDAN,-21.6132839,-48.3719476,COLISAO,0,1,1,0,0,0,0,0,1,0,1,16.0,1,2,Com feridos graves,False
2807452,NOTIFICACAO,2026-06-29,2026,6,29,17:40,Segunda-feira,TARDE,VIAS URBANAS,NAO DISPONIVEL,RUA SINHARINHA FROTA,,,COLISAO,0,0,0,0,0,0,0,0,0,0,0,17.0,0,0,Sem vítimas,False
2808940,SINISTRO NAO FATAL,2026-06-29,2026,6,29,19:11,Segunda-feira,NOITE,VIAS URBANAS,PUBLICO,RUA SINHARINHA FROTA,-21.60475599,-48.36773163,COLISAO,0,1,0,0,0,0,0,0,0,1,1,19.0,1,1,Com feridos leves,False
2806438,NOTIFICACAO,2026-06-30,2026,6,30,18:37,Terça-feira,NOITE,VIAS URBANAS,NAO DISPONIVEL,AVENIDA ANGELIM RE,,,COLISAO,0,0,0,0,0,0,0,0,0,0,0,18.0,0,0,Sem vítimas,False
2807655,NOTIFICACAO,2026-06-30,2026,6,30,20:11,Terça-feira,NOITE,VIAS URBANAS,NAO DISPONIVEL,RUA ALBERTO GOMES DE FARIA,,,OUTROS,0,0,0,0,0,0,0,0,0,0,0,20.0,0,0,Sem vítimas,False
2814845,NOTIFICACAO,2026-07-01,2026,7,1,11:09,Quarta-feira,MANHA,VIAS URBANAS,NAO DISPONIVEL,RUA JOSE GONCALVES,-21.6031282,-48.3905049,OUTROS,0,0,0,0,0,0,0,0,0,0,0,11.0,0,0,Sem vítimas,False
2813544,NOTIFICACAO,2026-07-02,2026,7,2,09:05,Quinta-feira,MANHA,VIAS URBANAS,NAO DISPONIVEL,AVENIDA 7 DE SETEMBRO,-21.6058318,-48.368099,NAO DISPONIVEL,0,0,0,0,0,0,0,0,0,0,0,9.0,0,0,Sem vítimas,False
2819652,SINISTRO NAO FATAL,2026-07-02,2026,7,2,16:23,Quinta-feira,TARDE,VIAS URBANAS,PUBLICO,RUA RUI BARBOSA,-21.598377,-48.3757689,COLISAO,0,1,0,0,1,0,1,0,1,0,2,16.0,1,3,Com feridos graves,False
2822871,SINISTRO NAO FATAL,2026-07-07,2026,7,7,11:39,Terça-feira,MANHA,VIAS URBANAS,PUBLICO,AVENIDA SAO PAULO,-21.5988365,-48.3521494,COLISAO,0,1,1,0,0,0,0,0,0,1,1,11.0,1,2,Com feridos leves,False
2834582,NOTIFICACAO,2026-07-07,2026,7,7,17:00,Terça-feira,TARDE,VIAS URBANAS,PUBLICO,AVENIDA 15 DE NOVEMBRO,-21.5931178,-48.3601367,COLISAO,0,0,0,0,0,0,0,0,0,0,0,17.0,0,0,Sem vítimas,False
2823400,NOTIFICACAO,2026-07-08,2026,7,8,15:41,Quarta-feira,TARDE,VIAS URBANAS,NAO DISPONIVEL,AVENIDA SAO PAULO,-21.6026119,-48.3525889,NAO DISPONIVEL,0,0,0,0,0,0,0,0,0,0,0,15.0,0,0,Sem vítimas,False
2823442,NOTIFICACAO,2026-07-08,2026,7,8,16:06,Quarta-feira,TARDE,VIAS URBANAS,NAO DISPONIVEL,RUA SINHARINHA FROTA,-21.6052791,-48.3678239,NAO DISPONIVEL,0,0,0,0,0,0,0,0,0,0,0,16.0,0,0,Sem vítimas,False
2828163,NOTIFICACAO,2026-07-08,2026,7,8,20:44,Quarta-feira,NOITE,VIAS URBANAS,PUBLICO,RUA CESARIO MOTTA,-21.6006434,-48.3752166,COLISAO,0,0,0,0,0,0,0,0,0,0,0,20.0,0,0,Sem vítimas,False
2823447,SINISTRO NAO FATAL,2026-07-10,2026,7,10,14:40,Sexta-feira,TARDE,VIAS URBANAS,PUBLICO,AVENIDA JOSE CERQUEIRA,-21.5938507,-48.37735,COLISAO,0,1,0,0,0,0,0,0,0,1,0,14.0,1,1,Com feridos leves,False
2821824,NOTIFICACAO,2026-07-11,2026,7,11,14:55,Sábado,TARDE,VIAS URBANAS,NAO DISPONIVEL,RUA JOSE GOMES PIRES,-21.5837456,-48.3604802,OUTROS,0,0,0,0,0,0,0,0,0,0,0,14.0,0,0,Sem vítimas,True
2822517,SINISTRO NAO FATAL,2026-07-11,2026,7,11,01:52,Sábado,MADRUGADA,VIAS URBANAS,PUBLICO,RUA ARMANDO FECHIO,-21.6181934,-48.354424,NAO DISPONIVEL,0,1,0,0,0,0,0,0,0,1,1,1.0,1,1,Com feridos leves,True
2822851,SINISTRO NAO FATAL,2026-07-11,2026,7,11,05:01,Sábado,MADRUGADA,VIAS URBANAS,PUBLICO,AVENIDA ANGELIM RE,-21.595976,-48.383704,COLISAO,0,1,0,0,1,0,3,0,1,0,1,5.0,1,5,Com feridos graves,True
2833093,NOTIFICACAO,2026-07-13,2026,7,13,05:22,Segunda-feira,MADRUGADA,VIAS URBANAS,NAO DISPONIVEL,AVENIDA ANTONIO GORGATTI,-21.6221702,-48.3615147,COLISAO,0,0,0,0,0,0,0,0,0,0,0,5.0,0,0,Sem vítimas,False
2837518,SINISTRO NAO FATAL,2026-07-13,2026,7,13,17:41,Segunda-feira,TARDE,VIAS URBANAS,PUBLICO,RUA TITO BURINI,-21.6296668,-48.3368716,COLISAO,0,1,0,1,0,0,0,0,0,1,1,17.0,1,2,Com feridos leves,False
2831319,SINISTRO NAO FATAL,2026-07-15,2026,7,15,08:55,Quarta-feira,MANHA,VIAS URBANAS,PUBLICO,RUA SINHARINHA FROTA,-21.606449,-48.3640836,OUTROS,0,1,0,0,0,0,0,0,0,1,0,8.0,1,1,Com feridos leves,False
2835297,SINISTRO NAO FATAL,2026-07-15,2026,7,15,17:00,Quarta-feira,TARDE,VIAS URBANAS,PUBLICO,RUA ALBERTO BIDUTI,-21.6262312,-48.35116,COLISAO,0,1,1,0,0,0,0,0,0,1,1,17.0,1,2,Com feridos leves,False
2824907,SINISTRO NAO FATAL,2026-07-16,2026,7,16,18:19,Quinta-feira,NOITE,VIAS URBANAS,PUBLICO,RUA CASTRO ALVES,-21.598825,-48.360873,COLISAO,0,1,1,0,0,0,0,0,1,1,1,18.0,2,2,Com feridos graves,False
2825117,NOTIFICACAO,2026-07-16,2026,7,16,18:26,Quinta-feira,NOITE,VIAS URBANAS,NAO DISPONIVEL,RUA CESARIO MOTTA,-21.6034423,-48.369169,NAO DISPONIVEL,0,0,0,0,0,0,0,0,0,0,0,18.0,0,0,Sem vítimas,False
2827285,SINISTRO NAO FATAL,2026-07-16,2026,7,16,21:24,Quinta-feira,NOITE,VIAS URBANAS,PUBLICO,AVENIDA RAIMUNDA RIBEIRO LIMA,-21.6240636,-48.3453248,OUTROS,0,0,2,0,0,0,0,0,0,1,2,21.0,1,2,Com feridos leves,False
2836114,NOTIFICACAO,2026-07-17,2026,7,17,17:00,Sexta-feira,TARDE,VIAS URBANAS,NAO DISPONIVEL,AVENIDA BALDAN,-21.6132839,-48.3719476,NAO DISPONIVEL,0,0,0,0,0,0,0,0,0,0,0,17.0,0,0,Sem vítimas,False
2837849,SINISTRO NAO FATAL,2026-07-17,2026,7,17,16:47,Sexta-feira,TARDE,VIAS URBANAS,PUBLICO,AVENIDA BALDAN,-21.6208661,-48.3556966,COLISAO,0,1,1,0,0,0,0,0,0,1,1,16.0,1,2,Com feridos leves,False
2834073,NOTIFICACAO,2026-07-22,2026,7,22,12:10,Quarta-feira,TARDE,VIAS URBANAS,NAO DISPONIVEL,AVENIDA BALDAN,-21.6164464,-48.3652852,COLISAO,0,0,0,0,0,0,0,0,0,0,0,12.0,0,0,Sem vítimas,False
2834148,SINISTRO NAO FATAL,2026-07-22,2026,7,22,08:41,Quarta-feira,MANHA,VIAS URBANAS,PUBLICO,AVENIDA LUDWIG ECKES,-21.5888381,-48.3774927,COLISAO,0,0,2,0,0,0,0,0,0,1,2,8.0,1,2,Com feridos leves,False
2825274,SINISTRO NAO FATAL,2026-07-23,2026,7,23,17:35,Quinta-feira,TARDE,ESTRADAS E RODOVIAS,PUBLICO,SP 326,-21.6082371725,-48.3352345704,CHOQUE,0,0,1,0,0,0,0,0,0,1,0,17.0,1,1,Com feridos leves,False
2830026,NOTIFICACAO,2026-07-23,2026,7,23,07:19,Quinta-feira,MANHA,VIAS URBANAS,NAO DISPONIVEL,RUA SINHARINHA FROTA,-21.6052791,-48.3678239,NAO DISPONIVEL,0,0,0,0,0,0,0,0,0,0,0,7.0,0,0,Sem vítimas,False
2825416,SINISTRO NAO FATAL,2026-07-24,2026,7,24,18:36,Sexta-feira,NOITE,VIAS URBANAS,PUBLICO,RUA SAO LOURENCO,-21.60276,-48.3514065,CHOQUE,0,2,0,0,0,0,0,0,1,1,0,18.0,2,2,Com feridos graves,False
2827347,NOTIFICACAO,2026-07-24,2026,7,24,20:41,Sexta-feira,NOITE,VIAS URBANAS,NAO DISPONIVEL,AVENIDA SAO PAULO,-21.5996714,-48.3520258,OUTROS,0,0,0,0,0,0,0,0,0,0,0,20.0,0,0,Sem vítimas,False
2828368,NOTIFICACAO,2026-07-24,2026,7,24,20:17,Sexta-feira,NOITE,VIAS URBANAS,PUBLICO,AVENIDA CAMPOS SALLES,-21.6018058,-48.3681172,COLISAO,0,0,0,0,0,0,0,0,0,0,0,20.0,0,0,Sem vítimas,False
2828750,NOTIFICACAO,2026-07-24,2026,7,24,22:48,Sexta-feira,NOITE,VIAS URBANAS,NAO DISPONIVEL,RUA SINHARINHA FROTA,-21.6052791,-48.3678239,NAO DISPONIVEL,0,0,0,0,0,0,0,0,0,0,0,22.0,0,0,Sem vítimas,False
2835180,NOTIFICACAO,2026-07-24,2026,7,24,13:25,Sexta-feira,TARDE,VIAS URBANAS,NAO DISPONIVEL,AVENIDA SIQUEIRA CAMPOS,-21.6053596,-48.3685466,COLISAO,0,0,0,0,0,0,0,0,0,0,0,13.0,0,0,Sem vítimas,False
2835797,NOTIFICACAO,2026-07-24,2026,7,24,13:51,Sexta-feira,TARDE,VIAS URBANAS,NAO DISPONIVEL,RUA SINHARINHA FROTA,-21.6052791,-48.3678239,NAO DISPONIVEL,0,0,0,0,0,0,0,0,0,0,0,13.0,0,0,Sem vítimas,False
2827918,NOTIFICACAO,2026-07-25,2026,7,25,01:03,Sábado,MADRUGADA,VIAS URBANAS,NAO DISPONIVEL,AVENIDA CAMPOS SALLES,-21.6018058,-48.3681172,NAO DISPONIVEL,0,0,0,0,0,0,0,0,0,0,0,1.0,0,0,Sem vítimas,True
2828523,NOTIFICACAO,2026-07-25,2026,7,25,20:16,Sábado,NOITE,VIAS URBANAS,NAO DISPONIVEL,RUA ANTONIO RUOCO,-21.6280456,-48.3440234,NAO DISPONIVEL,0,0,0,0,0,0,0,0,0,0,0,20.0,0,0,Sem vítimas,True
2836137,SINISTRO NAO FATAL,2026-07-27,2026,7,27,13:31,Segunda-feira,TARDE,VIAS URBANAS,PUBLICO,RUA SINHARINHA FROTA,-21.6052791,-48.3678239,OUTROS,0,1,0,0,0,0,0,0,0,1,0,13.0,1,1,Com feridos leves,False
2836850,SINISTRO NAO FATAL,2026-07-27,2026,7,27,11:06,Segunda-feira,MANHA,VIAS URBANAS,PUBLICO,RUA PROFESSORA MARLENE PICCHI,-21.6028002,-48.3915407,COLISAO,0,1,1,0,0,0,0,0,0,1,1,11.0,1,2,Com feridos leves,False
2844987,SINISTRO FATAL,2026-07-27,2026,7,27,14:50,Segunda-feira,TARDE,VIAS URBANAS,PUBLICO,RUA SÃO LOURENÇO,-21.6029060998,-48.3529075107,COLISAO,1,0,1,0,0,0,0,1,0,0,0,14.0,1,2,Com óbito,False
2825251,NOTIFICACAO,2026-07-28,2026,7,28,19:03,Terça-feira,NOITE,VIAS URBANAS,NAO DISPONIVEL,AVENIDA MATO GROSSO DO SUL,-21.5949964,-48.3464137,NAO DISPONIVEL,0,0,0,0,0,0,0,0,0,0,0,19.0,0,0,Sem vítimas,False
2826267,SINISTRO NAO FATAL,2026-07-28,2026,7,28,19:40,Terça-feira,NOITE,ESTRADAS E RODOVIAS,NAO DISPONIVEL,SP 310,,,COLISAO,0,0,2,0,0,0,0,0,0,1,2,19.0,1,2,Com feridos leves,False
2835444,NOTIFICACAO,2026-07-30,2026,7,30,16:09,Quinta-feira,TARDE,VIAS URBANAS,NAO DISPONIVEL,RUA JOAO PESSOA,-21.6056208,-48.3576424,NAO DISPONIVEL,0,0,0,0,0,0,0,0,0,0,0,16.0,0,0,Sem vítimas,False
2834254,SINISTRO NAO FATAL,2026-07-31,2026,7,31,08:00,Sexta-feira,MANHA,ESTRADAS E RODOVIAS,NAO DISPONIVEL,SP 326,-21.598294409,-48.3347356215,CHOQUE,0,0,1,0,0,0,0,0,0,1,0,8.0,1,1,Com feridos leves,False
2850039,SINISTRO NAO FATAL,2026-08-01,2026,8,1,22:04,Sábado,NOITE,VIAS URBANAS,PUBLICO,AVENIDA TROLESI,-21.6160705,-48.3549976,ATROPELAMENTO,0,1,0,0,0,1,0,0,1,1,0,22.0,2,1,Com feridos graves,True
2850116,SINISTRO NAO FATAL,2026-08-01,2026,8,1,21:01,Sábado,NOITE,VIAS URBANAS,PUBLICO,AVENIDA APARECIDO SCUTTI,-21.6223327,-48.3412943,OUTROS,0,0,1,0,0,0,0,0,1,1,0,21.0,2,1,Com feridos graves,True
2850270,NOTIFICACAO,2026-08-01,2026,8,1,20:52,Sábado,NOITE,VIAS URBANAS,NAO DISPONIVEL,AVENIDA TROLESI,-21.6124225,-48.3530442,COLISAO,0,0,0,0,0,0,0,0,0,0,0,20.0,0,0,Sem vítimas,True
2829799,NOTIFICACAO,2026-08-02,2026,8,2,20:40,Domingo,NOITE,VIAS URBANAS,NAO DISPONIVEL,AVENIDA FRANCISCO MASTROPIETRO,-21.5949908,-48.3438553,NAO DISPONIVEL,0,0,0,0,0,0,0,0,0,0,0,20.0,0,0,Sem vítimas,True
2837288,NOTIFICACAO,2026-08-03,2026,8,3,15:39,Segunda-feira,TARDE,VIAS URBANAS,NAO DISPONIVEL,RUA SINHARINHA FROTA,-21.6052791,-48.3678239,NAO DISPONIVEL,0,0,0,0,0,0,0,0,0,0,0,15.0,0,0,Sem vítimas,False
2850330,NOTIFICACAO,2026-08-04,2026,8,4,08:50,Terça-feira,MANHA,VIAS URBANAS,NAO DISPONIVEL,AVENIDA PADRE NELSON ANTONIO ROMAO,-21.6075714,-48.3633905,COLISAO,0,0,0,0,0,0,0,0,0,0,0,8.0,0,0,Sem vítimas,False
2831561,NOTIFICACAO,2026-08-05,2026,8,5,08:36,Quarta-feira,MANHA,VIAS URBANAS,NAO DISPONIVEL,RUA SINHARINHA FROTA,-21.6052791,-48.3678239,NAO DISPONIVEL,0,0,0,0,0,0,0,0,0,0,0,8.0,0,0,Sem vítimas,False
2838076,SINISTRO NAO FATAL,2026-08-05,2026,8,5,15:41,Quarta-feira,TARDE,VIAS URBANAS,NAO DISPONIVEL,AVENIDA JOSE VIEIRA PRIOSTI,-21.5929355,-48.3709584,CHOQUE,0,0,0,0,2,0,2,0,0,1,1,15.0,1,4,Com feridos leves,False
2849430,NOTIFICACAO,2026-08-05,2026,8,5,23:59,Quarta-feira,NOITE,VIAS URBANAS,NAO DISPONIVEL,AVENIDA BALDAN,,,OUTROS,0,0,0,0,0,0,0,0,0,0,0,23.0,0,0,Sem vítimas,False
2836327,SINISTRO NAO FATAL,2026-08-06,2026,8,6,00:00,Quinta-feira,MADRUGADA,VIAS URBANAS,PUBLICO,AVENIDA TROLESI,-21.598741,-48.3456381,OUTROS,0,1,0,0,0,0,0,0,0,1,0,0.0,1,1,Com feridos leves,False
2828196,SINISTRO NAO FATAL,2026-08-07,2026,8,7,20:18,Sexta-feira,NOITE,VIAS URBANAS,PUBLICO,RUA PAULO MANZI,,,COLISAO,0,1,1,0,0,0,0,0,0,1,1,20.0,1,2,Com feridos leves,False
2828665,NOTIFICACAO,2026-08-08,2026,8,8,19:31,Sábado,NOITE,VIAS URBANAS,NAO DISPONIVEL,AVENIDA 7 DE SETEMBRO,-21.6058318,-48.368099,NAO DISPONIVEL,0,0,0,0,0,0,0,0,0,0,0,19.0,0,0,Sem vítimas,True
2829881,SINISTRO NAO FATAL,2026-08-08,2026,8,8,19:21,Sábado,NOITE,VIAS URBANAS,PUBLICO,RUA DO TRAB,,,OUTROS,0,0,1,0,0,0,0,0,0,1,0,19.0,1,1,Com feridos leves,True
2832457,SINISTRO NAO FATAL,2026-08-08,2026,8,8,03:14,Sábado,MADRUGADA,VIAS URBANAS,PUBLICO,RUA NHONHO MAGALHAES,-21.6073682,-48.3586553,COLISAO,0,1,1,0,0,0,0,0,0,2,0,3.0,2,2,Com feridos leves,True
2850749,NOTIFICACAO,2026-08-08,2026,8,8,23:30,Sábado,NOITE,ESTRADAS E RODOVIAS,PUBLICO,SP 310,-21.5870926966,-48.4457649459,OUTROS,0,0,0,0,0,0,0,0,0,0,0,23.0,0,0,Sem vítimas,True
2824823,NOTIFICACAO,2026-08-10,2026,8,10,17:14,Segunda-feira,TARDE,ESTRADAS E RODOVIAS,NAO DISPONIVEL,SP 310,,,NAO DISPONIVEL,0,0,0,0,0,0,0,0,0,0,0,17.0,0,0,Sem vítimas,False
2826213,SINISTRO NAO FATAL,2026-08-10,2026,8,10,17:04,Segunda-feira,TARDE,ESTRADAS E RODOVIAS,PUBLICO,SP 310,-21.6406462934,-48.3941975564,CHOQUE,0,0,0,0,1,0,0,0,1,1,0,17.0,2,1,Com feridos graves,False
2836939,SINISTRO NAO FATAL,2026-08-10,2026,8,10,15:10,Segunda-feira,TARDE,VIAS URBANAS,PUBLICO,RUA RUI BARBOSA,-21.6018679,-48.3681636,COLISAO,0,1,1,0,0,0,0,0,0,1,1,15.0,1,2,Com feridos leves,False
2838578,NOTIFICACAO,2026-08-10,2026,8,10,17:05,Segunda-feira,TARDE,VIAS URBANAS,NAO DISPONIVEL,AVENIDA CAMPOS SALLES,-21.6018058,-48.3681172,OUTROS,0,0,0,0,0,0,0,0,0,0,0,17.0,0,0,Sem vítimas,False
2827972,NOTIFICACAO,2026-08-11,2026,8,11,05:02,Terça-feira,MADRUGADA,ESTRADAS E RODOVIAS,NAO DISPONIVEL,SP 326,,,OUTROS,0,0,0,0,0,0,0,0,0,0,0,5.0,0,0,Sem vítimas,False
2838831,NOTIFICACAO,2026-08-12,2026,8,12,01:48,Quarta-feira,MADRUGADA,VIAS URBANAS,NAO DISPONIVEL,RUA ITALO FERREIRA,-21.6065857,-48.3734603,COLISAO,0,0,0,0,0,0,0,0,0,0,0,1.0,0,0,Sem vítimas,False
2850683,NOTIFICACAO,2026-08-12,2026,8,12,10:30,Quarta-feira,MANHA,VIAS URBANAS,PUBLICO,RUA SINHARINHA FROTA,-21.6052791,-48.3678239,COLISAO,0,0,0,0,0,0,0,0,0,0,0,10.0,0,0,Sem vítimas,False
2850879,NOTIFICACAO,2026-08-12,2026,8,12,16:24,Quarta-feira,TARDE,ESTRADAS E RODOVIAS,PUBLICO,SPA 301/310,-21.6340454817,-48.388288834,OUTROS,0,0,0,0,0,0,0,0,0,0,0,16.0,0,0,Sem vítimas,False
2839536,NOTIFICACAO,2026-08-14,2026,8,14,16:41,Sexta-feira,TARDE,VIAS URBANAS,NAO DISPONIVEL,AVENIDA TROLESI,-21.5993428,-48.3459504,NAO DISPONIVEL,0,0,0,0,0,0,0,0,0,0,0,16.0,0,0,Sem vítimas,False
2844808,SINISTRO FATAL,2026-08-14,2026,8,14,20:53,Sexta-feira,NOITE,ESTRADAS E RODOVIAS,PUBLICO,SP 310,-21.6273064748,-48.4071018613,COLISAO,0,0,0,0,1,0,1,1,0,0,0,20.0,1,2,Com óbito,False
2839897,SINISTRO NAO FATAL,2026-08-15,2026,8,15,09:07,Sábado,MANHA,VIAS URBANAS,PUBLICO,RUA SAO LOURENCO,-21.6008242,-48.3632577,COLISAO,0,0,2,0,0,0,0,0,0,1,1,9.0,1,2,Com feridos leves,True
2840803,NOTIFICACAO,2026-08-17,2026,8,17,17:08,Segunda-feira,TARDE,VIAS URBANAS,NAO DISPONIVEL,RUA CESARIO MOTTA,-21.60741,-48.359476,COLISAO,0,0,0,0,0,0,0,0,0,0,0,17.0,0,0,Sem vítimas,False
2841229,NOTIFICACAO,2026-08-18,2026,8,18,15:37,Terça-feira,TARDE,VIAS URBANAS,PUBLICO,AVENIDA HABIB GABRIEL,,,OUTROS,0,0,0,0,0,0,0,0,1,0,0,15.0,1,0,Com feridos graves,False
2841256,SINISTRO NAO FATAL,2026-08-18,2026,8,18,12:06,Terça-feira,TARDE,VIAS URBANAS,PUBLICO,RUA CARLOS GALLI,-21.623482,-48.3400743,COLISAO,0,1,1,0,0,0,0,0,0,1,1,12.0,1,2,Com feridos leves,False
2841295,NOTIFICACAO,2026-08-18,2026,8,18,15:52,Terça-feira,TARDE,VIAS URBANAS,NAO DISPONIVEL,AVENIDA BALDAN,-21.6183778,-48.3591172,NAO DISPONIVEL,0,0,0,0,0,0,0,0,0,0,0,15.0,0,0,Sem vítimas,False
2844743,SINISTRO FATAL,2026-08-18,2026,8,18,01:58,Terça-feira,MADRUGADA,ESTRADAS E RODOVIAS,PUBLICO,SP 310,-21.6455214206,-48.3896114271,OUTROS,0,1,0,0,1,0,0,1,0,0,0,1.0,1,2,Com óbito,False
2841731,NOTIFICACAO,2026-08-19,2026,8,19,07:30,Quarta-feira,MANHA,VIAS URBANAS,NAO DISPONIVEL,RUA SINHARINHA FROTA,-21.6052791,-48.3678239,ATROPELAMENTO,0,0,0,0,0,0,0,0,0,0,0,7.0,0,0,Sem vítimas,False
2841750,SINISTRO NAO FATAL,2026-08-19,2026,8,19,14:26,Quarta-feira,TARDE,VIAS URBANAS,NAO DISPONIVEL,AVENIDA CAMPOS SALLES,-21.6018058,-48.3681172,OUTROS,0,0,0,0,1,0,1,0,0,1,0,14.0,1,2,Com feridos leves,False
2841756,NOTIFICACAO,2026-08-19,2026,8,19,13:56,Quarta-feira,TARDE,VIAS URBANAS,NAO DISPONIVEL,RUA SINHARINHA FROTA,-21.6043776,-48.3684209,NAO DISPONIVEL,0,0,0,0,0,0,0,0,0,0,0,13.0,0,0,Sem vítimas,False
2842394,SINISTRO NAO FATAL,2026-08-20,2026,8,20,04:45,Quinta-feira,MADRUGADA,ESTRADAS E RODOVIAS,PUBLICO,SP 310,-21.6273064748,-48.4071018613,CHOQUE,0,0,1,0,0,0,0,0,0,1,0,4.0,1,1,Com feridos leves,False
2842585,NOTIFICACAO,2026-08-21,2026,8,21,14:22,Sexta-feira,TARDE,VIAS URBANAS,NAO DISPONIVEL,AVENIDA 7 DE SETEMBRO,-21.6058318,-48.368099,NAO DISPONIVEL,0,0,0,0,0,0,0,0,0,0,0,14.0,0,0,Sem vítimas,False
2843050,NOTIFICACAO,2026-08-22,2026,8,22,22:20,Sábado,NOITE,VIAS URBANAS,NAO DISPONIVEL,AVENIDA FRANCISCO MASTROPIETRO,-21.5872456,-48.3613516,NAO DISPONIVEL,0,0,0,0,0,0,0,0,0,0,0,22.0,0,0,Sem vítimas,True
2843153,NOTIFICACAO,2026-08-22,2026,8,22,21:34,Sábado,NOITE,VIAS URBANAS,NAO DISPONIVEL,AVENIDA MATIAS DIAS DE TOLEDO,-21.600498,-48.372316,COLISAO,0,0,0,0,0,0,0,0,0,0,0,21.0,0,0,Sem vítimas,True
2850080,SINISTRO NAO FATAL,2026-08-22,2026,8,22,23:04,Sábado,NOITE,VIAS URBANAS,PUBLICO,RUA SINHARINHA FROTA,,,COLISAO,0,1,1,0,0,0,0,0,0,1,1,23.0,1,2,Com feridos leves,True
2843968,NOTIFICACAO,2026-08-24,2026,8,24,06:57,Segunda-feira,MANHA,VIAS URBANAS,NAO DISPONIVEL,RUA JOSE GONCALVES,-21.6040187,-48.3825795,COLISAO,0,0,0,0,0,0,0,0,0,0,0,6.0,0,0,Sem vítimas,False
2844114,SINISTRO NAO FATAL,2026-08-24,2026,8,24,06:25,Segunda-feira,MANHA,ESTRADAS E RODOVIAS,PUBLICO,SP 310,-21.6662475161,-48.3668422829,COLISAO,0,0,2,0,0,0,0,0,0,2,0,6.0,2,2,Com feridos leves,False
2845050,SINISTRO FATAL,2026-08-26,2026,8,26,15:00,Quarta-feira,TARDE,VIAS URBANAS,PUBLICO,RUA IVANI AGÁPITO DA SILVA CARVALHO,-21.6097378812,-48.3989722033,ATROPELAMENTO,0,0,0,0,1,1,0,1,0,0,0,15.0,1,1,Com óbito,False
2847113,NOTIFICACAO,2026-08-30,2026,8,30,16:14,Domingo,TARDE,VIAS URBANAS,NAO DISPONIVEL,RUA PIAUI,-21.5992587,-48.3478906,OUTROS,0,0,0,0,0,0,0,0,0,0,0,16.0,0,0,Sem vítimas,True
2847519,SINISTRO NAO FATAL,2026-08-31,2026,8,31,13:20,Segunda-feira,TARDE,VIAS URBANAS,PUBLICO,RUA CASTRO ALVES,-21.598825,-48.360873,COLISAO,0,1,1,0,0,0,0,0,0,1,1,13.0,1,2,Com feridos leves,False
2847590,NOTIFICACAO,2026-08-31,2026,8,31,16:11,Segunda-feira,TARDE,VIAS URBANAS,NAO DISPONIVEL,RUA SINHARINHA FROTA,,,OUTROS,0,0,0,0,0,0,0,0,0,0,0,16.0,0,0,Sem vítimas,False
2847648,SINISTRO NAO FATAL,2026-08-31,2026,8,31,17:06,Segunda-feira,TARDE,VIAS URBANAS,PUBLICO,AVENIDA 7 DE SETEMBRO,-21.6058318,-48.368099,COLISAO,0,1,0,0,0,0,0,0,0,2,0,17.0,2,1,Com feridos leves,False
2847745,NOTIFICACAO,2026-08-31,2026,8,31,16:06,Segunda-feira,TARDE,VIAS URBANAS,NAO DISPONIVEL,RUA SINHARINHA FROTA,-21.6052791,-48.3678239,ATROPELAMENTO,0,0,0,0,0,0,0,0,0,0,0,16.0,0,0,Sem vítimas,False
